ISO-10303-21;
HEADER;
/* Generated by software containing ST-Developer
 * from STEP Tools, Inc. (www.steptools.com) 
 */

FILE_DESCRIPTION(
/* description */ (''),
/* implementation_level */ '2;1');

FILE_NAME(
/* name */ 'Untitled.step',
/* time_stamp */ '2026-09-21T00:24:45+05:00',
/* author */ (''),
/* organization */ (''),
/* preprocessor_version */ 'ST-DEVELOPER v20.2',
/* originating_system */ 'Autodesk Translation Framework v15.15.0.0',
/* authorisation */ '');

FILE_SCHEMA (('AUTOMOTIVE_DESIGN { 1 0 10303 214 3 1 1 }'));
ENDSEC;

DATA;
#10=MECHANICAL_DESIGN_GEOMETRIC_PRESENTATION_REPRESENTATION('',(#13,#14,
#15),#6291);
#11=SHAPE_REPRESENTATION_RELATIONSHIP('SRR','None',#6298,#12);
#12=ADVANCED_BREP_SHAPE_REPRESENTATION('',(#16,#17,#18),#6290);
#13=STYLED_ITEM('',(#6307),#16);
#14=STYLED_ITEM('',(#6307),#17);
#15=STYLED_ITEM('',(#6307),#18);
#16=MANIFOLD_SOLID_BREP('Body8',#3729);
#17=MANIFOLD_SOLID_BREP('Body10',#3730);
#18=MANIFOLD_SOLID_BREP('Body11',#3731);
#19=FACE_BOUND('',#520,.T.);
#20=FACE_BOUND('',#523,.T.);
#21=FACE_BOUND('',#525,.T.);
#22=FACE_BOUND('',#688,.T.);
#23=FACE_BOUND('',#689,.T.);
#24=FACE_BOUND('',#690,.T.);
#25=FACE_BOUND('',#691,.T.);
#26=FACE_BOUND('',#692,.T.);
#27=FACE_BOUND('',#693,.T.);
#28=FACE_BOUND('',#694,.T.);
#29=FACE_BOUND('',#695,.T.);
#30=FACE_BOUND('',#696,.T.);
#31=FACE_BOUND('',#697,.T.);
#32=FACE_BOUND('',#698,.T.);
#33=FACE_BOUND('',#699,.T.);
#34=FACE_BOUND('',#700,.T.);
#35=FACE_BOUND('',#701,.T.);
#36=FACE_BOUND('',#702,.T.);
#37=FACE_BOUND('',#703,.T.);
#38=FACE_BOUND('',#704,.T.);
#39=FACE_BOUND('',#705,.T.);
#40=FACE_BOUND('',#707,.T.);
#41=FACE_BOUND('',#708,.T.);
#42=FACE_BOUND('',#709,.T.);
#43=FACE_BOUND('',#710,.T.);
#44=FACE_BOUND('',#711,.T.);
#45=FACE_BOUND('',#712,.T.);
#46=FACE_BOUND('',#713,.T.);
#47=FACE_BOUND('',#714,.T.);
#48=FACE_BOUND('',#715,.T.);
#49=FACE_BOUND('',#716,.T.);
#50=FACE_BOUND('',#717,.T.);
#51=FACE_BOUND('',#718,.T.);
#52=FACE_BOUND('',#719,.T.);
#53=FACE_BOUND('',#720,.T.);
#54=FACE_BOUND('',#721,.T.);
#55=FACE_BOUND('',#722,.T.);
#56=FACE_BOUND('',#723,.T.);
#57=FACE_BOUND('',#724,.T.);
#58=CIRCLE('',#3747,0.499999999999998);
#59=CIRCLE('',#3748,0.499999999999998);
#60=CIRCLE('',#3751,0.499999999999998);
#61=CIRCLE('',#3752,0.499999999999998);
#62=CIRCLE('',#3755,0.499999999999998);
#63=CIRCLE('',#3756,0.499999999999998);
#64=CIRCLE('',#3759,0.499999999999999);
#65=CIRCLE('',#3760,0.499999999999999);
#66=CIRCLE('',#3766,6.00000000000001);
#67=CIRCLE('',#3767,6.);
#68=CIRCLE('',#3768,6.00000000000001);
#69=CIRCLE('',#3769,5.99999999999995);
#70=CIRCLE('',#3772,5.99999999999995);
#71=CIRCLE('',#3775,6.00000000000001);
#72=CIRCLE('',#3778,6.);
#73=CIRCLE('',#3781,6.00000000000001);
#74=CIRCLE('',#3786,2.00000000000001);
#75=CIRCLE('',#3787,2.00000000000001);
#76=CIRCLE('',#3790,2.00000000000001);
#77=CIRCLE('',#3791,2.00000000000001);
#78=CIRCLE('',#3794,1.99999999999999);
#79=CIRCLE('',#3795,1.99999999999999);
#80=CIRCLE('',#3798,1.99999999999999);
#81=CIRCLE('',#3799,1.99999999999999);
#82=CIRCLE('',#3802,3.49999999999998);
#83=CIRCLE('',#3803,3.49999999999998);
#84=CIRCLE('',#3806,3.49999999999998);
#85=CIRCLE('',#3807,3.49999999999998);
#86=CIRCLE('',#3810,3.49999999999998);
#87=CIRCLE('',#3811,3.49999999999998);
#88=CIRCLE('',#3814,3.49999999999998);
#89=CIRCLE('',#3815,3.49999999999998);
#90=CIRCLE('',#3818,0.499999999999998);
#91=CIRCLE('',#3819,0.499999999999998);
#92=CIRCLE('',#3822,0.499999999999998);
#93=CIRCLE('',#3823,0.499999999999998);
#94=CIRCLE('',#3826,0.499999999999998);
#95=CIRCLE('',#3827,0.499999999999998);
#96=CIRCLE('',#3830,0.499999999999998);
#97=CIRCLE('',#3831,0.499999999999998);
#98=CIRCLE('',#3834,0.499999999999999);
#99=CIRCLE('',#3835,0.499999999999999);
#100=CIRCLE('',#3838,0.499999999999998);
#101=CIRCLE('',#3839,0.499999999999998);
#102=CIRCLE('',#3842,0.499999999999998);
#103=CIRCLE('',#3843,0.499999999999998);
#104=CIRCLE('',#3846,0.499999999999998);
#105=CIRCLE('',#3847,0.499999999999998);
#106=CIRCLE('',#3850,0.499999999999996);
#107=CIRCLE('',#3851,0.499999999999996);
#108=CIRCLE('',#3854,0.499999999999998);
#109=CIRCLE('',#3855,0.499999999999998);
#110=CIRCLE('',#3858,0.499999999999997);
#111=CIRCLE('',#3859,0.499999999999997);
#112=CIRCLE('',#3862,0.499999999999994);
#113=CIRCLE('',#3863,0.499999999999994);
#114=CIRCLE('',#3866,0.499999999999998);
#115=CIRCLE('',#3867,0.499999999999998);
#116=CIRCLE('',#3870,0.499999999999998);
#117=CIRCLE('',#3871,0.499999999999998);
#118=CIRCLE('',#3874,0.499999999999994);
#119=CIRCLE('',#3875,0.499999999999994);
#120=CIRCLE('',#3878,0.499999999999994);
#121=CIRCLE('',#3879,0.499999999999994);
#122=CIRCLE('',#3882,0.499999999999998);
#123=CIRCLE('',#3883,0.499999999999998);
#124=CIRCLE('',#3886,0.499999999999998);
#125=CIRCLE('',#3887,0.499999999999998);
#126=CIRCLE('',#3890,0.499999999999998);
#127=CIRCLE('',#3891,0.499999999999998);
#128=CIRCLE('',#3894,0.499999999999998);
#129=CIRCLE('',#3895,0.499999999999998);
#130=CIRCLE('',#3898,0.499999999999999);
#131=CIRCLE('',#3899,0.499999999999999);
#132=CIRCLE('',#3902,0.499999999999998);
#133=CIRCLE('',#3903,0.499999999999998);
#134=CIRCLE('',#3906,0.499999999999998);
#135=CIRCLE('',#3907,0.499999999999998);
#136=CIRCLE('',#3910,0.499999999999998);
#137=CIRCLE('',#3911,0.499999999999998);
#138=CIRCLE('',#3914,0.499999999999998);
#139=CIRCLE('',#3915,0.499999999999998);
#140=CIRCLE('',#3918,0.499999999999998);
#141=CIRCLE('',#3919,0.499999999999998);
#142=CIRCLE('',#3922,0.499999999999998);
#143=CIRCLE('',#3923,0.499999999999998);
#144=CIRCLE('',#3926,0.499999999999998);
#145=CIRCLE('',#3927,0.499999999999998);
#146=CIRCLE('',#3930,0.5);
#147=CIRCLE('',#3931,0.5);
#148=CIRCLE('',#3934,0.500000000000003);
#149=CIRCLE('',#3935,0.500000000000003);
#150=CIRCLE('',#3938,0.500000000000005);
#151=CIRCLE('',#3939,0.500000000000005);
#152=CIRCLE('',#3942,0.500000000000003);
#153=CIRCLE('',#3943,0.500000000000003);
#154=CIRCLE('',#3946,0.499999999999998);
#155=CIRCLE('',#3947,0.499999999999998);
#156=CIRCLE('',#3950,0.499999999999998);
#157=CIRCLE('',#3951,0.499999999999998);
#158=CIRCLE('',#3954,0.499999999999998);
#159=CIRCLE('',#3955,0.499999999999998);
#160=CIRCLE('',#3958,0.499999999999998);
#161=CIRCLE('',#3959,0.499999999999998);
#162=CIRCLE('',#3962,0.499999999999998);
#163=CIRCLE('',#3963,0.499999999999998);
#164=CIRCLE('',#3966,0.499999999999998);
#165=CIRCLE('',#3967,0.499999999999998);
#166=CIRCLE('',#3970,0.499999999999998);
#167=CIRCLE('',#3971,0.499999999999998);
#168=CIRCLE('',#3974,0.499999999999998);
#169=CIRCLE('',#3975,0.499999999999998);
#170=CIRCLE('',#3978,0.499999999999998);
#171=CIRCLE('',#3979,0.499999999999998);
#172=CIRCLE('',#3982,0.499999999999998);
#173=CIRCLE('',#3983,0.499999999999998);
#174=CIRCLE('',#3986,0.499999999999998);
#175=CIRCLE('',#3987,0.499999999999998);
#176=CIRCLE('',#3990,0.499999999999998);
#177=CIRCLE('',#3991,0.499999999999998);
#178=CIRCLE('',#3994,0.499999999999998);
#179=CIRCLE('',#3995,0.499999999999998);
#180=CIRCLE('',#3998,0.499999999999998);
#181=CIRCLE('',#3999,0.499999999999998);
#182=CIRCLE('',#4002,0.499999999999998);
#183=CIRCLE('',#4003,0.499999999999998);
#184=CIRCLE('',#4006,0.499999999999998);
#185=CIRCLE('',#4007,0.499999999999998);
#186=CIRCLE('',#4010,0.499999999999998);
#187=CIRCLE('',#4011,0.499999999999998);
#188=CIRCLE('',#4014,0.499999999999998);
#189=CIRCLE('',#4015,0.499999999999998);
#190=CIRCLE('',#4018,0.499999999999998);
#191=CIRCLE('',#4019,0.499999999999998);
#192=CIRCLE('',#4022,0.499999999999998);
#193=CIRCLE('',#4023,0.499999999999998);
#194=CIRCLE('',#4026,0.499999999999998);
#195=CIRCLE('',#4027,0.499999999999998);
#196=CIRCLE('',#4030,0.499999999999995);
#197=CIRCLE('',#4031,0.499999999999995);
#198=CIRCLE('',#4034,0.499999999999998);
#199=CIRCLE('',#4035,0.499999999999998);
#200=CIRCLE('',#4038,0.499999999999998);
#201=CIRCLE('',#4039,0.499999999999998);
#202=CIRCLE('',#4042,0.499999999999998);
#203=CIRCLE('',#4043,0.499999999999998);
#204=CIRCLE('',#4046,0.499999999999998);
#205=CIRCLE('',#4047,0.499999999999998);
#206=CIRCLE('',#4050,0.499999999999998);
#207=CIRCLE('',#4051,0.499999999999998);
#208=CIRCLE('',#4054,0.499999999999998);
#209=CIRCLE('',#4055,0.499999999999998);
#210=CIRCLE('',#4058,0.499999999999998);
#211=CIRCLE('',#4059,0.499999999999998);
#212=CIRCLE('',#4062,0.499999999999998);
#213=CIRCLE('',#4063,0.499999999999998);
#214=CIRCLE('',#4066,0.499999999999998);
#215=CIRCLE('',#4067,0.499999999999998);
#216=CIRCLE('',#4070,0.499999999999994);
#217=CIRCLE('',#4071,0.499999999999994);
#218=CIRCLE('',#4074,5.99999999999995);
#219=CIRCLE('',#4075,5.99999999999995);
#220=CIRCLE('',#4078,6.00000000000001);
#221=CIRCLE('',#4079,6.00000000000001);
#222=CIRCLE('',#4082,6.);
#223=CIRCLE('',#4083,6.);
#224=CIRCLE('',#4086,6.00000000000001);
#225=CIRCLE('',#4087,6.00000000000001);
#226=CIRCLE('',#4092,2.00000000000001);
#227=CIRCLE('',#4093,2.00000000000001);
#228=CIRCLE('',#4096,2.00000000000001);
#229=CIRCLE('',#4097,2.00000000000001);
#230=CIRCLE('',#4100,1.99999999999999);
#231=CIRCLE('',#4101,1.99999999999999);
#232=CIRCLE('',#4104,1.99999999999999);
#233=CIRCLE('',#4105,1.99999999999999);
#234=CYLINDRICAL_SURFACE('',#3746,0.499999999999998);
#235=CYLINDRICAL_SURFACE('',#3750,0.499999999999998);
#236=CYLINDRICAL_SURFACE('',#3754,0.499999999999998);
#237=CYLINDRICAL_SURFACE('',#3758,0.499999999999999);
#238=CYLINDRICAL_SURFACE('',#3771,5.99999999999995);
#239=CYLINDRICAL_SURFACE('',#3774,6.00000000000001);
#240=CYLINDRICAL_SURFACE('',#3777,6.);
#241=CYLINDRICAL_SURFACE('',#3780,6.00000000000001);
#242=CYLINDRICAL_SURFACE('',#3785,2.00000000000001);
#243=CYLINDRICAL_SURFACE('',#3789,2.00000000000001);
#244=CYLINDRICAL_SURFACE('',#3793,1.99999999999999);
#245=CYLINDRICAL_SURFACE('',#3797,1.99999999999999);
#246=CYLINDRICAL_SURFACE('',#3801,3.49999999999998);
#247=CYLINDRICAL_SURFACE('',#3805,3.49999999999998);
#248=CYLINDRICAL_SURFACE('',#3809,3.49999999999998);
#249=CYLINDRICAL_SURFACE('',#3813,3.49999999999998);
#250=CYLINDRICAL_SURFACE('',#3817,0.499999999999998);
#251=CYLINDRICAL_SURFACE('',#3821,0.499999999999998);
#252=CYLINDRICAL_SURFACE('',#3825,0.499999999999998);
#253=CYLINDRICAL_SURFACE('',#3829,0.499999999999998);
#254=CYLINDRICAL_SURFACE('',#3833,0.499999999999999);
#255=CYLINDRICAL_SURFACE('',#3837,0.499999999999998);
#256=CYLINDRICAL_SURFACE('',#3841,0.499999999999998);
#257=CYLINDRICAL_SURFACE('',#3845,0.499999999999998);
#258=CYLINDRICAL_SURFACE('',#3849,0.499999999999996);
#259=CYLINDRICAL_SURFACE('',#3853,0.499999999999998);
#260=CYLINDRICAL_SURFACE('',#3857,0.499999999999997);
#261=CYLINDRICAL_SURFACE('',#3861,0.499999999999994);
#262=CYLINDRICAL_SURFACE('',#3865,0.499999999999998);
#263=CYLINDRICAL_SURFACE('',#3869,0.499999999999998);
#264=CYLINDRICAL_SURFACE('',#3873,0.499999999999994);
#265=CYLINDRICAL_SURFACE('',#3877,0.499999999999994);
#266=CYLINDRICAL_SURFACE('',#3881,0.499999999999998);
#267=CYLINDRICAL_SURFACE('',#3885,0.499999999999998);
#268=CYLINDRICAL_SURFACE('',#3889,0.499999999999998);
#269=CYLINDRICAL_SURFACE('',#3893,0.499999999999998);
#270=CYLINDRICAL_SURFACE('',#3897,0.499999999999999);
#271=CYLINDRICAL_SURFACE('',#3901,0.499999999999998);
#272=CYLINDRICAL_SURFACE('',#3905,0.499999999999998);
#273=CYLINDRICAL_SURFACE('',#3909,0.499999999999998);
#274=CYLINDRICAL_SURFACE('',#3913,0.499999999999998);
#275=CYLINDRICAL_SURFACE('',#3917,0.499999999999998);
#276=CYLINDRICAL_SURFACE('',#3921,0.499999999999998);
#277=CYLINDRICAL_SURFACE('',#3925,0.499999999999998);
#278=CYLINDRICAL_SURFACE('',#3929,0.5);
#279=CYLINDRICAL_SURFACE('',#3933,0.500000000000003);
#280=CYLINDRICAL_SURFACE('',#3937,0.500000000000005);
#281=CYLINDRICAL_SURFACE('',#3941,0.500000000000003);
#282=CYLINDRICAL_SURFACE('',#3945,0.499999999999998);
#283=CYLINDRICAL_SURFACE('',#3949,0.499999999999998);
#284=CYLINDRICAL_SURFACE('',#3953,0.499999999999998);
#285=CYLINDRICAL_SURFACE('',#3957,0.499999999999998);
#286=CYLINDRICAL_SURFACE('',#3961,0.499999999999998);
#287=CYLINDRICAL_SURFACE('',#3965,0.499999999999998);
#288=CYLINDRICAL_SURFACE('',#3969,0.499999999999998);
#289=CYLINDRICAL_SURFACE('',#3973,0.499999999999998);
#290=CYLINDRICAL_SURFACE('',#3977,0.499999999999998);
#291=CYLINDRICAL_SURFACE('',#3981,0.499999999999998);
#292=CYLINDRICAL_SURFACE('',#3985,0.499999999999998);
#293=CYLINDRICAL_SURFACE('',#3989,0.499999999999998);
#294=CYLINDRICAL_SURFACE('',#3993,0.499999999999998);
#295=CYLINDRICAL_SURFACE('',#3997,0.499999999999998);
#296=CYLINDRICAL_SURFACE('',#4001,0.499999999999998);
#297=CYLINDRICAL_SURFACE('',#4005,0.499999999999998);
#298=CYLINDRICAL_SURFACE('',#4009,0.499999999999998);
#299=CYLINDRICAL_SURFACE('',#4013,0.499999999999998);
#300=CYLINDRICAL_SURFACE('',#4017,0.499999999999998);
#301=CYLINDRICAL_SURFACE('',#4021,0.499999999999998);
#302=CYLINDRICAL_SURFACE('',#4025,0.499999999999998);
#303=CYLINDRICAL_SURFACE('',#4029,0.499999999999995);
#304=CYLINDRICAL_SURFACE('',#4033,0.499999999999998);
#305=CYLINDRICAL_SURFACE('',#4037,0.499999999999998);
#306=CYLINDRICAL_SURFACE('',#4041,0.499999999999998);
#307=CYLINDRICAL_SURFACE('',#4045,0.499999999999998);
#308=CYLINDRICAL_SURFACE('',#4049,0.499999999999998);
#309=CYLINDRICAL_SURFACE('',#4053,0.499999999999998);
#310=CYLINDRICAL_SURFACE('',#4057,0.499999999999998);
#311=CYLINDRICAL_SURFACE('',#4061,0.499999999999998);
#312=CYLINDRICAL_SURFACE('',#4065,0.499999999999998);
#313=CYLINDRICAL_SURFACE('',#4069,0.499999999999994);
#314=CYLINDRICAL_SURFACE('',#4073,5.99999999999995);
#315=CYLINDRICAL_SURFACE('',#4077,6.00000000000001);
#316=CYLINDRICAL_SURFACE('',#4081,6.);
#317=CYLINDRICAL_SURFACE('',#4085,6.00000000000001);
#318=CYLINDRICAL_SURFACE('',#4091,2.00000000000001);
#319=CYLINDRICAL_SURFACE('',#4095,2.00000000000001);
#320=CYLINDRICAL_SURFACE('',#4099,1.99999999999999);
#321=CYLINDRICAL_SURFACE('',#4103,1.99999999999999);
#322=FACE_OUTER_BOUND('',#509,.T.);
#323=FACE_OUTER_BOUND('',#510,.T.);
#324=FACE_OUTER_BOUND('',#511,.T.);
#325=FACE_OUTER_BOUND('',#512,.T.);
#326=FACE_OUTER_BOUND('',#513,.T.);
#327=FACE_OUTER_BOUND('',#514,.T.);
#328=FACE_OUTER_BOUND('',#515,.T.);
#329=FACE_OUTER_BOUND('',#516,.T.);
#330=FACE_OUTER_BOUND('',#517,.T.);
#331=FACE_OUTER_BOUND('',#518,.T.);
#332=FACE_OUTER_BOUND('',#519,.T.);
#333=FACE_OUTER_BOUND('',#521,.T.);
#334=FACE_OUTER_BOUND('',#522,.T.);
#335=FACE_OUTER_BOUND('',#524,.T.);
#336=FACE_OUTER_BOUND('',#526,.T.);
#337=FACE_OUTER_BOUND('',#527,.T.);
#338=FACE_OUTER_BOUND('',#528,.T.);
#339=FACE_OUTER_BOUND('',#529,.T.);
#340=FACE_OUTER_BOUND('',#530,.T.);
#341=FACE_OUTER_BOUND('',#531,.T.);
#342=FACE_OUTER_BOUND('',#532,.T.);
#343=FACE_OUTER_BOUND('',#533,.T.);
#344=FACE_OUTER_BOUND('',#534,.T.);
#345=FACE_OUTER_BOUND('',#535,.T.);
#346=FACE_OUTER_BOUND('',#536,.T.);
#347=FACE_OUTER_BOUND('',#537,.T.);
#348=FACE_OUTER_BOUND('',#538,.T.);
#349=FACE_OUTER_BOUND('',#539,.T.);
#350=FACE_OUTER_BOUND('',#540,.T.);
#351=FACE_OUTER_BOUND('',#541,.T.);
#352=FACE_OUTER_BOUND('',#542,.T.);
#353=FACE_OUTER_BOUND('',#543,.T.);
#354=FACE_OUTER_BOUND('',#544,.T.);
#355=FACE_OUTER_BOUND('',#545,.T.);
#356=FACE_OUTER_BOUND('',#546,.T.);
#357=FACE_OUTER_BOUND('',#547,.T.);
#358=FACE_OUTER_BOUND('',#548,.T.);
#359=FACE_OUTER_BOUND('',#549,.T.);
#360=FACE_OUTER_BOUND('',#550,.T.);
#361=FACE_OUTER_BOUND('',#551,.T.);
#362=FACE_OUTER_BOUND('',#552,.T.);
#363=FACE_OUTER_BOUND('',#553,.T.);
#364=FACE_OUTER_BOUND('',#554,.T.);
#365=FACE_OUTER_BOUND('',#555,.T.);
#366=FACE_OUTER_BOUND('',#556,.T.);
#367=FACE_OUTER_BOUND('',#557,.T.);
#368=FACE_OUTER_BOUND('',#558,.T.);
#369=FACE_OUTER_BOUND('',#559,.T.);
#370=FACE_OUTER_BOUND('',#560,.T.);
#371=FACE_OUTER_BOUND('',#561,.T.);
#372=FACE_OUTER_BOUND('',#562,.T.);
#373=FACE_OUTER_BOUND('',#563,.T.);
#374=FACE_OUTER_BOUND('',#564,.T.);
#375=FACE_OUTER_BOUND('',#565,.T.);
#376=FACE_OUTER_BOUND('',#566,.T.);
#377=FACE_OUTER_BOUND('',#567,.T.);
#378=FACE_OUTER_BOUND('',#568,.T.);
#379=FACE_OUTER_BOUND('',#569,.T.);
#380=FACE_OUTER_BOUND('',#570,.T.);
#381=FACE_OUTER_BOUND('',#571,.T.);
#382=FACE_OUTER_BOUND('',#572,.T.);
#383=FACE_OUTER_BOUND('',#573,.T.);
#384=FACE_OUTER_BOUND('',#574,.T.);
#385=FACE_OUTER_BOUND('',#575,.T.);
#386=FACE_OUTER_BOUND('',#576,.T.);
#387=FACE_OUTER_BOUND('',#577,.T.);
#388=FACE_OUTER_BOUND('',#578,.T.);
#389=FACE_OUTER_BOUND('',#579,.T.);
#390=FACE_OUTER_BOUND('',#580,.T.);
#391=FACE_OUTER_BOUND('',#581,.T.);
#392=FACE_OUTER_BOUND('',#582,.T.);
#393=FACE_OUTER_BOUND('',#583,.T.);
#394=FACE_OUTER_BOUND('',#584,.T.);
#395=FACE_OUTER_BOUND('',#585,.T.);
#396=FACE_OUTER_BOUND('',#586,.T.);
#397=FACE_OUTER_BOUND('',#587,.T.);
#398=FACE_OUTER_BOUND('',#588,.T.);
#399=FACE_OUTER_BOUND('',#589,.T.);
#400=FACE_OUTER_BOUND('',#590,.T.);
#401=FACE_OUTER_BOUND('',#591,.T.);
#402=FACE_OUTER_BOUND('',#592,.T.);
#403=FACE_OUTER_BOUND('',#593,.T.);
#404=FACE_OUTER_BOUND('',#594,.T.);
#405=FACE_OUTER_BOUND('',#595,.T.);
#406=FACE_OUTER_BOUND('',#596,.T.);
#407=FACE_OUTER_BOUND('',#597,.T.);
#408=FACE_OUTER_BOUND('',#598,.T.);
#409=FACE_OUTER_BOUND('',#599,.T.);
#410=FACE_OUTER_BOUND('',#600,.T.);
#411=FACE_OUTER_BOUND('',#601,.T.);
#412=FACE_OUTER_BOUND('',#602,.T.);
#413=FACE_OUTER_BOUND('',#603,.T.);
#414=FACE_OUTER_BOUND('',#604,.T.);
#415=FACE_OUTER_BOUND('',#605,.T.);
#416=FACE_OUTER_BOUND('',#606,.T.);
#417=FACE_OUTER_BOUND('',#607,.T.);
#418=FACE_OUTER_BOUND('',#608,.T.);
#419=FACE_OUTER_BOUND('',#609,.T.);
#420=FACE_OUTER_BOUND('',#610,.T.);
#421=FACE_OUTER_BOUND('',#611,.T.);
#422=FACE_OUTER_BOUND('',#612,.T.);
#423=FACE_OUTER_BOUND('',#613,.T.);
#424=FACE_OUTER_BOUND('',#614,.T.);
#425=FACE_OUTER_BOUND('',#615,.T.);
#426=FACE_OUTER_BOUND('',#616,.T.);
#427=FACE_OUTER_BOUND('',#617,.T.);
#428=FACE_OUTER_BOUND('',#618,.T.);
#429=FACE_OUTER_BOUND('',#619,.T.);
#430=FACE_OUTER_BOUND('',#620,.T.);
#431=FACE_OUTER_BOUND('',#621,.T.);
#432=FACE_OUTER_BOUND('',#622,.T.);
#433=FACE_OUTER_BOUND('',#623,.T.);
#434=FACE_OUTER_BOUND('',#624,.T.);
#435=FACE_OUTER_BOUND('',#625,.T.);
#436=FACE_OUTER_BOUND('',#626,.T.);
#437=FACE_OUTER_BOUND('',#627,.T.);
#438=FACE_OUTER_BOUND('',#628,.T.);
#439=FACE_OUTER_BOUND('',#629,.T.);
#440=FACE_OUTER_BOUND('',#630,.T.);
#441=FACE_OUTER_BOUND('',#631,.T.);
#442=FACE_OUTER_BOUND('',#632,.T.);
#443=FACE_OUTER_BOUND('',#633,.T.);
#444=FACE_OUTER_BOUND('',#634,.T.);
#445=FACE_OUTER_BOUND('',#635,.T.);
#446=FACE_OUTER_BOUND('',#636,.T.);
#447=FACE_OUTER_BOUND('',#637,.T.);
#448=FACE_OUTER_BOUND('',#638,.T.);
#449=FACE_OUTER_BOUND('',#639,.T.);
#450=FACE_OUTER_BOUND('',#640,.T.);
#451=FACE_OUTER_BOUND('',#641,.T.);
#452=FACE_OUTER_BOUND('',#642,.T.);
#453=FACE_OUTER_BOUND('',#643,.T.);
#454=FACE_OUTER_BOUND('',#644,.T.);
#455=FACE_OUTER_BOUND('',#645,.T.);
#456=FACE_OUTER_BOUND('',#646,.T.);
#457=FACE_OUTER_BOUND('',#647,.T.);
#458=FACE_OUTER_BOUND('',#648,.T.);
#459=FACE_OUTER_BOUND('',#649,.T.);
#460=FACE_OUTER_BOUND('',#650,.T.);
#461=FACE_OUTER_BOUND('',#651,.T.);
#462=FACE_OUTER_BOUND('',#652,.T.);
#463=FACE_OUTER_BOUND('',#653,.T.);
#464=FACE_OUTER_BOUND('',#654,.T.);
#465=FACE_OUTER_BOUND('',#655,.T.);
#466=FACE_OUTER_BOUND('',#656,.T.);
#467=FACE_OUTER_BOUND('',#657,.T.);
#468=FACE_OUTER_BOUND('',#658,.T.);
#469=FACE_OUTER_BOUND('',#659,.T.);
#470=FACE_OUTER_BOUND('',#660,.T.);
#471=FACE_OUTER_BOUND('',#661,.T.);
#472=FACE_OUTER_BOUND('',#662,.T.);
#473=FACE_OUTER_BOUND('',#663,.T.);
#474=FACE_OUTER_BOUND('',#664,.T.);
#475=FACE_OUTER_BOUND('',#665,.T.);
#476=FACE_OUTER_BOUND('',#666,.T.);
#477=FACE_OUTER_BOUND('',#667,.T.);
#478=FACE_OUTER_BOUND('',#668,.T.);
#479=FACE_OUTER_BOUND('',#669,.T.);
#480=FACE_OUTER_BOUND('',#670,.T.);
#481=FACE_OUTER_BOUND('',#671,.T.);
#482=FACE_OUTER_BOUND('',#672,.T.);
#483=FACE_OUTER_BOUND('',#673,.T.);
#484=FACE_OUTER_BOUND('',#674,.T.);
#485=FACE_OUTER_BOUND('',#675,.T.);
#486=FACE_OUTER_BOUND('',#676,.T.);
#487=FACE_OUTER_BOUND('',#677,.T.);
#488=FACE_OUTER_BOUND('',#678,.T.);
#489=FACE_OUTER_BOUND('',#679,.T.);
#490=FACE_OUTER_BOUND('',#680,.T.);
#491=FACE_OUTER_BOUND('',#681,.T.);
#492=FACE_OUTER_BOUND('',#682,.T.);
#493=FACE_OUTER_BOUND('',#683,.T.);
#494=FACE_OUTER_BOUND('',#684,.T.);
#495=FACE_OUTER_BOUND('',#685,.T.);
#496=FACE_OUTER_BOUND('',#686,.T.);
#497=FACE_OUTER_BOUND('',#687,.T.);
#498=FACE_OUTER_BOUND('',#706,.T.);
#499=FACE_OUTER_BOUND('',#725,.T.);
#500=FACE_OUTER_BOUND('',#726,.T.);
#501=FACE_OUTER_BOUND('',#727,.T.);
#502=FACE_OUTER_BOUND('',#728,.T.);
#503=FACE_OUTER_BOUND('',#729,.T.);
#504=FACE_OUTER_BOUND('',#730,.T.);
#505=FACE_OUTER_BOUND('',#731,.T.);
#506=FACE_OUTER_BOUND('',#732,.T.);
#507=FACE_OUTER_BOUND('',#733,.T.);
#508=FACE_OUTER_BOUND('',#734,.T.);
#509=EDGE_LOOP('',(#2363,#2364,#2365,#2366));
#510=EDGE_LOOP('',(#2367,#2368,#2369,#2370));
#511=EDGE_LOOP('',(#2371,#2372,#2373,#2374));
#512=EDGE_LOOP('',(#2375,#2376,#2377,#2378));
#513=EDGE_LOOP('',(#2379,#2380,#2381,#2382));
#514=EDGE_LOOP('',(#2383,#2384,#2385,#2386));
#515=EDGE_LOOP('',(#2387,#2388,#2389,#2390));
#516=EDGE_LOOP('',(#2391,#2392,#2393,#2394));
#517=EDGE_LOOP('',(#2395,#2396,#2397,#2398));
#518=EDGE_LOOP('',(#2399,#2400,#2401,#2402));
#519=EDGE_LOOP('',(#2403,#2404,#2405,#2406));
#520=EDGE_LOOP('',(#2407,#2408,#2409,#2410,#2411,#2412,#2413,#2414));
#521=EDGE_LOOP('',(#2415,#2416,#2417,#2418));
#522=EDGE_LOOP('',(#2419,#2420,#2421,#2422,#2423,#2424,#2425,#2426));
#523=EDGE_LOOP('',(#2427,#2428,#2429,#2430));
#524=EDGE_LOOP('',(#2431,#2432,#2433,#2434));
#525=EDGE_LOOP('',(#2435,#2436,#2437,#2438,#2439,#2440,#2441,#2442));
#526=EDGE_LOOP('',(#2443,#2444,#2445,#2446));
#527=EDGE_LOOP('',(#2447,#2448,#2449,#2450));
#528=EDGE_LOOP('',(#2451,#2452,#2453,#2454));
#529=EDGE_LOOP('',(#2455,#2456,#2457,#2458));
#530=EDGE_LOOP('',(#2459,#2460,#2461,#2462));
#531=EDGE_LOOP('',(#2463,#2464,#2465,#2466));
#532=EDGE_LOOP('',(#2467,#2468,#2469,#2470));
#533=EDGE_LOOP('',(#2471,#2472,#2473,#2474));
#534=EDGE_LOOP('',(#2475,#2476,#2477,#2478,#2479,#2480,#2481,#2482));
#535=EDGE_LOOP('',(#2483,#2484,#2485,#2486));
#536=EDGE_LOOP('',(#2487,#2488,#2489,#2490));
#537=EDGE_LOOP('',(#2491,#2492,#2493,#2494));
#538=EDGE_LOOP('',(#2495,#2496,#2497,#2498));
#539=EDGE_LOOP('',(#2499,#2500,#2501,#2502));
#540=EDGE_LOOP('',(#2503,#2504,#2505,#2506));
#541=EDGE_LOOP('',(#2507,#2508,#2509,#2510));
#542=EDGE_LOOP('',(#2511,#2512,#2513,#2514));
#543=EDGE_LOOP('',(#2515,#2516,#2517,#2518));
#544=EDGE_LOOP('',(#2519,#2520,#2521,#2522));
#545=EDGE_LOOP('',(#2523,#2524,#2525,#2526));
#546=EDGE_LOOP('',(#2527,#2528,#2529,#2530));
#547=EDGE_LOOP('',(#2531,#2532,#2533,#2534));
#548=EDGE_LOOP('',(#2535,#2536,#2537,#2538));
#549=EDGE_LOOP('',(#2539,#2540,#2541,#2542));
#550=EDGE_LOOP('',(#2543,#2544,#2545,#2546));
#551=EDGE_LOOP('',(#2547,#2548,#2549,#2550));
#552=EDGE_LOOP('',(#2551,#2552,#2553,#2554));
#553=EDGE_LOOP('',(#2555,#2556,#2557,#2558));
#554=EDGE_LOOP('',(#2559,#2560,#2561,#2562));
#555=EDGE_LOOP('',(#2563,#2564,#2565,#2566));
#556=EDGE_LOOP('',(#2567,#2568,#2569,#2570));
#557=EDGE_LOOP('',(#2571,#2572,#2573,#2574));
#558=EDGE_LOOP('',(#2575,#2576,#2577,#2578));
#559=EDGE_LOOP('',(#2579,#2580,#2581,#2582));
#560=EDGE_LOOP('',(#2583,#2584,#2585,#2586));
#561=EDGE_LOOP('',(#2587,#2588,#2589,#2590));
#562=EDGE_LOOP('',(#2591,#2592,#2593,#2594));
#563=EDGE_LOOP('',(#2595,#2596,#2597,#2598));
#564=EDGE_LOOP('',(#2599,#2600,#2601,#2602));
#565=EDGE_LOOP('',(#2603,#2604,#2605,#2606));
#566=EDGE_LOOP('',(#2607,#2608,#2609,#2610));
#567=EDGE_LOOP('',(#2611,#2612,#2613,#2614));
#568=EDGE_LOOP('',(#2615,#2616,#2617,#2618));
#569=EDGE_LOOP('',(#2619,#2620,#2621,#2622));
#570=EDGE_LOOP('',(#2623,#2624,#2625,#2626));
#571=EDGE_LOOP('',(#2627,#2628,#2629,#2630));
#572=EDGE_LOOP('',(#2631,#2632,#2633,#2634));
#573=EDGE_LOOP('',(#2635,#2636,#2637,#2638));
#574=EDGE_LOOP('',(#2639,#2640,#2641,#2642));
#575=EDGE_LOOP('',(#2643,#2644,#2645,#2646));
#576=EDGE_LOOP('',(#2647,#2648,#2649,#2650));
#577=EDGE_LOOP('',(#2651,#2652,#2653,#2654));
#578=EDGE_LOOP('',(#2655,#2656,#2657,#2658));
#579=EDGE_LOOP('',(#2659,#2660,#2661,#2662));
#580=EDGE_LOOP('',(#2663,#2664,#2665,#2666));
#581=EDGE_LOOP('',(#2667,#2668,#2669,#2670));
#582=EDGE_LOOP('',(#2671,#2672,#2673,#2674));
#583=EDGE_LOOP('',(#2675,#2676,#2677,#2678));
#584=EDGE_LOOP('',(#2679,#2680,#2681,#2682));
#585=EDGE_LOOP('',(#2683,#2684,#2685,#2686));
#586=EDGE_LOOP('',(#2687,#2688,#2689,#2690));
#587=EDGE_LOOP('',(#2691,#2692,#2693,#2694));
#588=EDGE_LOOP('',(#2695,#2696,#2697,#2698));
#589=EDGE_LOOP('',(#2699,#2700,#2701,#2702));
#590=EDGE_LOOP('',(#2703,#2704,#2705,#2706));
#591=EDGE_LOOP('',(#2707,#2708,#2709,#2710));
#592=EDGE_LOOP('',(#2711,#2712,#2713,#2714));
#593=EDGE_LOOP('',(#2715,#2716,#2717,#2718));
#594=EDGE_LOOP('',(#2719,#2720,#2721,#2722));
#595=EDGE_LOOP('',(#2723,#2724,#2725,#2726));
#596=EDGE_LOOP('',(#2727,#2728,#2729,#2730));
#597=EDGE_LOOP('',(#2731,#2732,#2733,#2734));
#598=EDGE_LOOP('',(#2735,#2736,#2737,#2738));
#599=EDGE_LOOP('',(#2739,#2740,#2741,#2742));
#600=EDGE_LOOP('',(#2743,#2744,#2745,#2746));
#601=EDGE_LOOP('',(#2747,#2748,#2749,#2750));
#602=EDGE_LOOP('',(#2751,#2752,#2753,#2754));
#603=EDGE_LOOP('',(#2755,#2756,#2757,#2758));
#604=EDGE_LOOP('',(#2759,#2760,#2761,#2762));
#605=EDGE_LOOP('',(#2763,#2764,#2765,#2766));
#606=EDGE_LOOP('',(#2767,#2768,#2769,#2770));
#607=EDGE_LOOP('',(#2771,#2772,#2773,#2774));
#608=EDGE_LOOP('',(#2775,#2776,#2777,#2778));
#609=EDGE_LOOP('',(#2779,#2780,#2781,#2782));
#610=EDGE_LOOP('',(#2783,#2784,#2785,#2786));
#611=EDGE_LOOP('',(#2787,#2788,#2789,#2790));
#612=EDGE_LOOP('',(#2791,#2792,#2793,#2794));
#613=EDGE_LOOP('',(#2795,#2796,#2797,#2798));
#614=EDGE_LOOP('',(#2799,#2800,#2801,#2802));
#615=EDGE_LOOP('',(#2803,#2804,#2805,#2806));
#616=EDGE_LOOP('',(#2807,#2808,#2809,#2810));
#617=EDGE_LOOP('',(#2811,#2812,#2813,#2814));
#618=EDGE_LOOP('',(#2815,#2816,#2817,#2818));
#619=EDGE_LOOP('',(#2819,#2820,#2821,#2822));
#620=EDGE_LOOP('',(#2823,#2824,#2825,#2826));
#621=EDGE_LOOP('',(#2827,#2828,#2829,#2830));
#622=EDGE_LOOP('',(#2831,#2832,#2833,#2834));
#623=EDGE_LOOP('',(#2835,#2836,#2837,#2838));
#624=EDGE_LOOP('',(#2839,#2840,#2841,#2842));
#625=EDGE_LOOP('',(#2843,#2844,#2845,#2846));
#626=EDGE_LOOP('',(#2847,#2848,#2849,#2850));
#627=EDGE_LOOP('',(#2851,#2852,#2853,#2854));
#628=EDGE_LOOP('',(#2855,#2856,#2857,#2858));
#629=EDGE_LOOP('',(#2859,#2860,#2861,#2862));
#630=EDGE_LOOP('',(#2863,#2864,#2865,#2866));
#631=EDGE_LOOP('',(#2867,#2868,#2869,#2870));
#632=EDGE_LOOP('',(#2871,#2872,#2873,#2874));
#633=EDGE_LOOP('',(#2875,#2876,#2877,#2878));
#634=EDGE_LOOP('',(#2879,#2880,#2881,#2882));
#635=EDGE_LOOP('',(#2883,#2884,#2885,#2886));
#636=EDGE_LOOP('',(#2887,#2888,#2889,#2890));
#637=EDGE_LOOP('',(#2891,#2892,#2893,#2894));
#638=EDGE_LOOP('',(#2895,#2896,#2897,#2898));
#639=EDGE_LOOP('',(#2899,#2900,#2901,#2902));
#640=EDGE_LOOP('',(#2903,#2904,#2905,#2906));
#641=EDGE_LOOP('',(#2907,#2908,#2909,#2910));
#642=EDGE_LOOP('',(#2911,#2912,#2913,#2914));
#643=EDGE_LOOP('',(#2915,#2916,#2917,#2918));
#644=EDGE_LOOP('',(#2919,#2920,#2921,#2922));
#645=EDGE_LOOP('',(#2923,#2924,#2925,#2926));
#646=EDGE_LOOP('',(#2927,#2928,#2929,#2930));
#647=EDGE_LOOP('',(#2931,#2932,#2933,#2934));
#648=EDGE_LOOP('',(#2935,#2936,#2937,#2938));
#649=EDGE_LOOP('',(#2939,#2940,#2941,#2942));
#650=EDGE_LOOP('',(#2943,#2944,#2945,#2946));
#651=EDGE_LOOP('',(#2947,#2948,#2949,#2950));
#652=EDGE_LOOP('',(#2951,#2952,#2953,#2954));
#653=EDGE_LOOP('',(#2955,#2956,#2957,#2958));
#654=EDGE_LOOP('',(#2959,#2960,#2961,#2962));
#655=EDGE_LOOP('',(#2963,#2964,#2965,#2966));
#656=EDGE_LOOP('',(#2967,#2968,#2969,#2970));
#657=EDGE_LOOP('',(#2971,#2972,#2973,#2974));
#658=EDGE_LOOP('',(#2975,#2976,#2977,#2978));
#659=EDGE_LOOP('',(#2979,#2980,#2981,#2982));
#660=EDGE_LOOP('',(#2983,#2984,#2985,#2986));
#661=EDGE_LOOP('',(#2987,#2988,#2989,#2990));
#662=EDGE_LOOP('',(#2991,#2992,#2993,#2994));
#663=EDGE_LOOP('',(#2995,#2996,#2997,#2998));
#664=EDGE_LOOP('',(#2999,#3000,#3001,#3002));
#665=EDGE_LOOP('',(#3003,#3004,#3005,#3006));
#666=EDGE_LOOP('',(#3007,#3008,#3009,#3010));
#667=EDGE_LOOP('',(#3011,#3012,#3013,#3014));
#668=EDGE_LOOP('',(#3015,#3016,#3017,#3018));
#669=EDGE_LOOP('',(#3019,#3020,#3021,#3022));
#670=EDGE_LOOP('',(#3023,#3024,#3025,#3026));
#671=EDGE_LOOP('',(#3027,#3028,#3029,#3030));
#672=EDGE_LOOP('',(#3031,#3032,#3033,#3034));
#673=EDGE_LOOP('',(#3035,#3036,#3037,#3038));
#674=EDGE_LOOP('',(#3039,#3040,#3041,#3042));
#675=EDGE_LOOP('',(#3043,#3044,#3045,#3046));
#676=EDGE_LOOP('',(#3047,#3048,#3049,#3050));
#677=EDGE_LOOP('',(#3051,#3052,#3053,#3054));
#678=EDGE_LOOP('',(#3055,#3056,#3057,#3058));
#679=EDGE_LOOP('',(#3059,#3060,#3061,#3062));
#680=EDGE_LOOP('',(#3063,#3064,#3065,#3066));
#681=EDGE_LOOP('',(#3067,#3068,#3069,#3070));
#682=EDGE_LOOP('',(#3071,#3072,#3073,#3074));
#683=EDGE_LOOP('',(#3075,#3076,#3077,#3078));
#684=EDGE_LOOP('',(#3079,#3080,#3081,#3082));
#685=EDGE_LOOP('',(#3083,#3084,#3085,#3086));
#686=EDGE_LOOP('',(#3087,#3088,#3089,#3090));
#687=EDGE_LOOP('',(#3091,#3092,#3093,#3094,#3095,#3096,#3097,#3098));
#688=EDGE_LOOP('',(#3099,#3100,#3101,#3102,#3103,#3104,#3105,#3106));
#689=EDGE_LOOP('',(#3107,#3108,#3109,#3110,#3111,#3112,#3113,#3114));
#690=EDGE_LOOP('',(#3115,#3116,#3117,#3118,#3119,#3120,#3121,#3122));
#691=EDGE_LOOP('',(#3123,#3124,#3125,#3126,#3127,#3128,#3129,#3130));
#692=EDGE_LOOP('',(#3131,#3132,#3133,#3134,#3135,#3136,#3137,#3138));
#693=EDGE_LOOP('',(#3139,#3140,#3141,#3142,#3143,#3144,#3145,#3146));
#694=EDGE_LOOP('',(#3147,#3148,#3149,#3150,#3151,#3152,#3153,#3154));
#695=EDGE_LOOP('',(#3155,#3156,#3157,#3158,#3159,#3160,#3161,#3162));
#696=EDGE_LOOP('',(#3163,#3164,#3165,#3166,#3167,#3168,#3169,#3170));
#697=EDGE_LOOP('',(#3171,#3172,#3173,#3174,#3175,#3176,#3177,#3178));
#698=EDGE_LOOP('',(#3179,#3180,#3181,#3182,#3183,#3184,#3185,#3186));
#699=EDGE_LOOP('',(#3187,#3188,#3189,#3190,#3191,#3192,#3193,#3194));
#700=EDGE_LOOP('',(#3195,#3196,#3197,#3198,#3199,#3200,#3201,#3202));
#701=EDGE_LOOP('',(#3203,#3204,#3205,#3206,#3207,#3208,#3209,#3210));
#702=EDGE_LOOP('',(#3211,#3212,#3213,#3214,#3215,#3216,#3217,#3218));
#703=EDGE_LOOP('',(#3219,#3220,#3221,#3222,#3223,#3224,#3225,#3226));
#704=EDGE_LOOP('',(#3227,#3228,#3229,#3230,#3231,#3232,#3233,#3234));
#705=EDGE_LOOP('',(#3235,#3236,#3237,#3238,#3239,#3240,#3241,#3242));
#706=EDGE_LOOP('',(#3243,#3244,#3245,#3246,#3247,#3248,#3249,#3250));
#707=EDGE_LOOP('',(#3251,#3252,#3253,#3254,#3255,#3256,#3257,#3258));
#708=EDGE_LOOP('',(#3259,#3260,#3261,#3262,#3263,#3264,#3265,#3266));
#709=EDGE_LOOP('',(#3267,#3268,#3269,#3270,#3271,#3272,#3273,#3274));
#710=EDGE_LOOP('',(#3275,#3276,#3277,#3278,#3279,#3280,#3281,#3282));
#711=EDGE_LOOP('',(#3283,#3284,#3285,#3286,#3287,#3288,#3289,#3290));
#712=EDGE_LOOP('',(#3291,#3292,#3293,#3294,#3295,#3296,#3297,#3298));
#713=EDGE_LOOP('',(#3299,#3300,#3301,#3302,#3303,#3304,#3305,#3306));
#714=EDGE_LOOP('',(#3307,#3308,#3309,#3310,#3311,#3312,#3313,#3314));
#715=EDGE_LOOP('',(#3315,#3316,#3317,#3318,#3319,#3320,#3321,#3322));
#716=EDGE_LOOP('',(#3323,#3324,#3325,#3326,#3327,#3328,#3329,#3330));
#717=EDGE_LOOP('',(#3331,#3332,#3333,#3334,#3335,#3336,#3337,#3338));
#718=EDGE_LOOP('',(#3339,#3340,#3341,#3342,#3343,#3344,#3345,#3346));
#719=EDGE_LOOP('',(#3347,#3348,#3349,#3350,#3351,#3352,#3353,#3354));
#720=EDGE_LOOP('',(#3355,#3356,#3357,#3358,#3359,#3360,#3361,#3362));
#721=EDGE_LOOP('',(#3363,#3364,#3365,#3366,#3367,#3368,#3369,#3370));
#722=EDGE_LOOP('',(#3371,#3372,#3373,#3374,#3375,#3376,#3377,#3378));
#723=EDGE_LOOP('',(#3379,#3380,#3381,#3382,#3383,#3384,#3385,#3386));
#724=EDGE_LOOP('',(#3387,#3388,#3389,#3390,#3391,#3392,#3393,#3394));
#725=EDGE_LOOP('',(#3395,#3396,#3397,#3398));
#726=EDGE_LOOP('',(#3399,#3400,#3401,#3402));
#727=EDGE_LOOP('',(#3403,#3404,#3405,#3406));
#728=EDGE_LOOP('',(#3407,#3408,#3409,#3410));
#729=EDGE_LOOP('',(#3411,#3412,#3413,#3414));
#730=EDGE_LOOP('',(#3415,#3416,#3417,#3418));
#731=EDGE_LOOP('',(#3419,#3420,#3421,#3422));
#732=EDGE_LOOP('',(#3423,#3424,#3425,#3426));
#733=EDGE_LOOP('',(#3427,#3428,#3429,#3430,#3431,#3432,#3433,#3434));
#734=EDGE_LOOP('',(#3435,#3436,#3437,#3438,#3439,#3440,#3441,#3442));
#735=LINE('',#5204,#1099);
#736=LINE('',#5206,#1100);
#737=LINE('',#5208,#1101);
#738=LINE('',#5209,#1102);
#739=LINE('',#5215,#1103);
#740=LINE('',#5218,#1104);
#741=LINE('',#5220,#1105);
#742=LINE('',#5221,#1106);
#743=LINE('',#5227,#1107);
#744=LINE('',#5230,#1108);
#745=LINE('',#5232,#1109);
#746=LINE('',#5233,#1110);
#747=LINE('',#5239,#1111);
#748=LINE('',#5242,#1112);
#749=LINE('',#5244,#1113);
#750=LINE('',#5245,#1114);
#751=LINE('',#5252,#1115);
#752=LINE('',#5254,#1116);
#753=LINE('',#5256,#1117);
#754=LINE('',#5257,#1118);
#755=LINE('',#5260,#1119);
#756=LINE('',#5262,#1120);
#757=LINE('',#5263,#1121);
#758=LINE('',#5266,#1122);
#759=LINE('',#5268,#1123);
#760=LINE('',#5269,#1124);
#761=LINE('',#5271,#1125);
#762=LINE('',#5272,#1126);
#763=LINE('',#5278,#1127);
#764=LINE('',#5282,#1128);
#765=LINE('',#5286,#1129);
#766=LINE('',#5289,#1130);
#767=LINE('',#5293,#1131);
#768=LINE('',#5294,#1132);
#769=LINE('',#5295,#1133);
#770=LINE('',#5299,#1134);
#771=LINE('',#5302,#1135);
#772=LINE('',#5303,#1136);
#773=LINE('',#5307,#1137);
#774=LINE('',#5310,#1138);
#775=LINE('',#5311,#1139);
#776=LINE('',#5315,#1140);
#777=LINE('',#5318,#1141);
#778=LINE('',#5319,#1142);
#779=LINE('',#5327,#1143);
#780=LINE('',#5329,#1144);
#781=LINE('',#5331,#1145);
#782=LINE('',#5332,#1146);
#783=LINE('',#5337,#1147);
#784=LINE('',#5341,#1148);
#785=LINE('',#5343,#1149);
#786=LINE('',#5344,#1150);
#787=LINE('',#5349,#1151);
#788=LINE('',#5353,#1152);
#789=LINE('',#5355,#1153);
#790=LINE('',#5356,#1154);
#791=LINE('',#5361,#1155);
#792=LINE('',#5365,#1156);
#793=LINE('',#5367,#1157);
#794=LINE('',#5368,#1158);
#795=LINE('',#5375,#1159);
#796=LINE('',#5377,#1160);
#797=LINE('',#5379,#1161);
#798=LINE('',#5380,#1162);
#799=LINE('',#5386,#1163);
#800=LINE('',#5389,#1164);
#801=LINE('',#5391,#1165);
#802=LINE('',#5392,#1166);
#803=LINE('',#5398,#1167);
#804=LINE('',#5401,#1168);
#805=LINE('',#5403,#1169);
#806=LINE('',#5404,#1170);
#807=LINE('',#5410,#1171);
#808=LINE('',#5413,#1172);
#809=LINE('',#5415,#1173);
#810=LINE('',#5416,#1174);
#811=LINE('',#5423,#1175);
#812=LINE('',#5425,#1176);
#813=LINE('',#5427,#1177);
#814=LINE('',#5428,#1178);
#815=LINE('',#5434,#1179);
#816=LINE('',#5437,#1180);
#817=LINE('',#5439,#1181);
#818=LINE('',#5440,#1182);
#819=LINE('',#5446,#1183);
#820=LINE('',#5449,#1184);
#821=LINE('',#5451,#1185);
#822=LINE('',#5452,#1186);
#823=LINE('',#5458,#1187);
#824=LINE('',#5461,#1188);
#825=LINE('',#5463,#1189);
#826=LINE('',#5464,#1190);
#827=LINE('',#5471,#1191);
#828=LINE('',#5473,#1192);
#829=LINE('',#5475,#1193);
#830=LINE('',#5476,#1194);
#831=LINE('',#5482,#1195);
#832=LINE('',#5485,#1196);
#833=LINE('',#5487,#1197);
#834=LINE('',#5488,#1198);
#835=LINE('',#5494,#1199);
#836=LINE('',#5497,#1200);
#837=LINE('',#5499,#1201);
#838=LINE('',#5500,#1202);
#839=LINE('',#5506,#1203);
#840=LINE('',#5509,#1204);
#841=LINE('',#5511,#1205);
#842=LINE('',#5512,#1206);
#843=LINE('',#5519,#1207);
#844=LINE('',#5521,#1208);
#845=LINE('',#5523,#1209);
#846=LINE('',#5524,#1210);
#847=LINE('',#5530,#1211);
#848=LINE('',#5533,#1212);
#849=LINE('',#5535,#1213);
#850=LINE('',#5536,#1214);
#851=LINE('',#5542,#1215);
#852=LINE('',#5545,#1216);
#853=LINE('',#5547,#1217);
#854=LINE('',#5548,#1218);
#855=LINE('',#5554,#1219);
#856=LINE('',#5557,#1220);
#857=LINE('',#5559,#1221);
#858=LINE('',#5560,#1222);
#859=LINE('',#5567,#1223);
#860=LINE('',#5569,#1224);
#861=LINE('',#5571,#1225);
#862=LINE('',#5572,#1226);
#863=LINE('',#5578,#1227);
#864=LINE('',#5581,#1228);
#865=LINE('',#5583,#1229);
#866=LINE('',#5584,#1230);
#867=LINE('',#5590,#1231);
#868=LINE('',#5593,#1232);
#869=LINE('',#5595,#1233);
#870=LINE('',#5596,#1234);
#871=LINE('',#5602,#1235);
#872=LINE('',#5605,#1236);
#873=LINE('',#5607,#1237);
#874=LINE('',#5608,#1238);
#875=LINE('',#5615,#1239);
#876=LINE('',#5617,#1240);
#877=LINE('',#5619,#1241);
#878=LINE('',#5620,#1242);
#879=LINE('',#5626,#1243);
#880=LINE('',#5629,#1244);
#881=LINE('',#5631,#1245);
#882=LINE('',#5632,#1246);
#883=LINE('',#5638,#1247);
#884=LINE('',#5641,#1248);
#885=LINE('',#5643,#1249);
#886=LINE('',#5644,#1250);
#887=LINE('',#5650,#1251);
#888=LINE('',#5653,#1252);
#889=LINE('',#5655,#1253);
#890=LINE('',#5656,#1254);
#891=LINE('',#5663,#1255);
#892=LINE('',#5665,#1256);
#893=LINE('',#5667,#1257);
#894=LINE('',#5668,#1258);
#895=LINE('',#5674,#1259);
#896=LINE('',#5677,#1260);
#897=LINE('',#5679,#1261);
#898=LINE('',#5680,#1262);
#899=LINE('',#5686,#1263);
#900=LINE('',#5689,#1264);
#901=LINE('',#5691,#1265);
#902=LINE('',#5692,#1266);
#903=LINE('',#5698,#1267);
#904=LINE('',#5701,#1268);
#905=LINE('',#5703,#1269);
#906=LINE('',#5704,#1270);
#907=LINE('',#5711,#1271);
#908=LINE('',#5713,#1272);
#909=LINE('',#5715,#1273);
#910=LINE('',#5716,#1274);
#911=LINE('',#5722,#1275);
#912=LINE('',#5725,#1276);
#913=LINE('',#5727,#1277);
#914=LINE('',#5728,#1278);
#915=LINE('',#5734,#1279);
#916=LINE('',#5737,#1280);
#917=LINE('',#5739,#1281);
#918=LINE('',#5740,#1282);
#919=LINE('',#5746,#1283);
#920=LINE('',#5749,#1284);
#921=LINE('',#5751,#1285);
#922=LINE('',#5752,#1286);
#923=LINE('',#5759,#1287);
#924=LINE('',#5761,#1288);
#925=LINE('',#5763,#1289);
#926=LINE('',#5764,#1290);
#927=LINE('',#5770,#1291);
#928=LINE('',#5773,#1292);
#929=LINE('',#5775,#1293);
#930=LINE('',#5776,#1294);
#931=LINE('',#5782,#1295);
#932=LINE('',#5785,#1296);
#933=LINE('',#5787,#1297);
#934=LINE('',#5788,#1298);
#935=LINE('',#5794,#1299);
#936=LINE('',#5797,#1300);
#937=LINE('',#5799,#1301);
#938=LINE('',#5800,#1302);
#939=LINE('',#5807,#1303);
#940=LINE('',#5809,#1304);
#941=LINE('',#5811,#1305);
#942=LINE('',#5812,#1306);
#943=LINE('',#5818,#1307);
#944=LINE('',#5821,#1308);
#945=LINE('',#5823,#1309);
#946=LINE('',#5824,#1310);
#947=LINE('',#5830,#1311);
#948=LINE('',#5833,#1312);
#949=LINE('',#5835,#1313);
#950=LINE('',#5836,#1314);
#951=LINE('',#5842,#1315);
#952=LINE('',#5845,#1316);
#953=LINE('',#5847,#1317);
#954=LINE('',#5848,#1318);
#955=LINE('',#5855,#1319);
#956=LINE('',#5857,#1320);
#957=LINE('',#5859,#1321);
#958=LINE('',#5860,#1322);
#959=LINE('',#5866,#1323);
#960=LINE('',#5869,#1324);
#961=LINE('',#5871,#1325);
#962=LINE('',#5872,#1326);
#963=LINE('',#5878,#1327);
#964=LINE('',#5881,#1328);
#965=LINE('',#5883,#1329);
#966=LINE('',#5884,#1330);
#967=LINE('',#5890,#1331);
#968=LINE('',#5893,#1332);
#969=LINE('',#5895,#1333);
#970=LINE('',#5896,#1334);
#971=LINE('',#5903,#1335);
#972=LINE('',#5905,#1336);
#973=LINE('',#5907,#1337);
#974=LINE('',#5908,#1338);
#975=LINE('',#5914,#1339);
#976=LINE('',#5917,#1340);
#977=LINE('',#5919,#1341);
#978=LINE('',#5920,#1342);
#979=LINE('',#5926,#1343);
#980=LINE('',#5929,#1344);
#981=LINE('',#5931,#1345);
#982=LINE('',#5932,#1346);
#983=LINE('',#5938,#1347);
#984=LINE('',#5941,#1348);
#985=LINE('',#5943,#1349);
#986=LINE('',#5944,#1350);
#987=LINE('',#5951,#1351);
#988=LINE('',#5953,#1352);
#989=LINE('',#5955,#1353);
#990=LINE('',#5956,#1354);
#991=LINE('',#5962,#1355);
#992=LINE('',#5965,#1356);
#993=LINE('',#5967,#1357);
#994=LINE('',#5968,#1358);
#995=LINE('',#5974,#1359);
#996=LINE('',#5977,#1360);
#997=LINE('',#5979,#1361);
#998=LINE('',#5980,#1362);
#999=LINE('',#5986,#1363);
#1000=LINE('',#5989,#1364);
#1001=LINE('',#5991,#1365);
#1002=LINE('',#5992,#1366);
#1003=LINE('',#5999,#1367);
#1004=LINE('',#6001,#1368);
#1005=LINE('',#6003,#1369);
#1006=LINE('',#6004,#1370);
#1007=LINE('',#6010,#1371);
#1008=LINE('',#6013,#1372);
#1009=LINE('',#6015,#1373);
#1010=LINE('',#6016,#1374);
#1011=LINE('',#6022,#1375);
#1012=LINE('',#6025,#1376);
#1013=LINE('',#6027,#1377);
#1014=LINE('',#6028,#1378);
#1015=LINE('',#6034,#1379);
#1016=LINE('',#6037,#1380);
#1017=LINE('',#6039,#1381);
#1018=LINE('',#6040,#1382);
#1019=LINE('',#6047,#1383);
#1020=LINE('',#6049,#1384);
#1021=LINE('',#6051,#1385);
#1022=LINE('',#6052,#1386);
#1023=LINE('',#6058,#1387);
#1024=LINE('',#6061,#1388);
#1025=LINE('',#6063,#1389);
#1026=LINE('',#6064,#1390);
#1027=LINE('',#6070,#1391);
#1028=LINE('',#6073,#1392);
#1029=LINE('',#6075,#1393);
#1030=LINE('',#6076,#1394);
#1031=LINE('',#6082,#1395);
#1032=LINE('',#6085,#1396);
#1033=LINE('',#6087,#1397);
#1034=LINE('',#6088,#1398);
#1035=LINE('',#6095,#1399);
#1036=LINE('',#6097,#1400);
#1037=LINE('',#6099,#1401);
#1038=LINE('',#6100,#1402);
#1039=LINE('',#6106,#1403);
#1040=LINE('',#6109,#1404);
#1041=LINE('',#6111,#1405);
#1042=LINE('',#6112,#1406);
#1043=LINE('',#6118,#1407);
#1044=LINE('',#6121,#1408);
#1045=LINE('',#6123,#1409);
#1046=LINE('',#6124,#1410);
#1047=LINE('',#6130,#1411);
#1048=LINE('',#6133,#1412);
#1049=LINE('',#6135,#1413);
#1050=LINE('',#6136,#1414);
#1051=LINE('',#6143,#1415);
#1052=LINE('',#6145,#1416);
#1053=LINE('',#6147,#1417);
#1054=LINE('',#6148,#1418);
#1055=LINE('',#6154,#1419);
#1056=LINE('',#6157,#1420);
#1057=LINE('',#6159,#1421);
#1058=LINE('',#6160,#1422);
#1059=LINE('',#6166,#1423);
#1060=LINE('',#6169,#1424);
#1061=LINE('',#6171,#1425);
#1062=LINE('',#6172,#1426);
#1063=LINE('',#6178,#1427);
#1064=LINE('',#6181,#1428);
#1065=LINE('',#6183,#1429);
#1066=LINE('',#6184,#1430);
#1067=LINE('',#6191,#1431);
#1068=LINE('',#6193,#1432);
#1069=LINE('',#6195,#1433);
#1070=LINE('',#6196,#1434);
#1071=LINE('',#6202,#1435);
#1072=LINE('',#6205,#1436);
#1073=LINE('',#6207,#1437);
#1074=LINE('',#6208,#1438);
#1075=LINE('',#6214,#1439);
#1076=LINE('',#6217,#1440);
#1077=LINE('',#6219,#1441);
#1078=LINE('',#6220,#1442);
#1079=LINE('',#6226,#1443);
#1080=LINE('',#6229,#1444);
#1081=LINE('',#6231,#1445);
#1082=LINE('',#6232,#1446);
#1083=LINE('',#6241,#1447);
#1084=LINE('',#6243,#1448);
#1085=LINE('',#6245,#1449);
#1086=LINE('',#6246,#1450);
#1087=LINE('',#6252,#1451);
#1088=LINE('',#6255,#1452);
#1089=LINE('',#6257,#1453);
#1090=LINE('',#6258,#1454);
#1091=LINE('',#6264,#1455);
#1092=LINE('',#6267,#1456);
#1093=LINE('',#6269,#1457);
#1094=LINE('',#6270,#1458);
#1095=LINE('',#6276,#1459);
#1096=LINE('',#6279,#1460);
#1097=LINE('',#6281,#1461);
#1098=LINE('',#6282,#1462);
#1099=VECTOR('',#4112,10.);
#1100=VECTOR('',#4113,10.);
#1101=VECTOR('',#4114,10.);
#1102=VECTOR('',#4115,10.);
#1103=VECTOR('',#4122,10.);
#1104=VECTOR('',#4125,10.);
#1105=VECTOR('',#4126,10.);
#1106=VECTOR('',#4127,10.);
#1107=VECTOR('',#4134,10.);
#1108=VECTOR('',#4137,10.);
#1109=VECTOR('',#4138,10.);
#1110=VECTOR('',#4139,10.);
#1111=VECTOR('',#4146,10.);
#1112=VECTOR('',#4149,10.);
#1113=VECTOR('',#4150,10.);
#1114=VECTOR('',#4151,10.);
#1115=VECTOR('',#4160,10.);
#1116=VECTOR('',#4161,10.);
#1117=VECTOR('',#4162,10.);
#1118=VECTOR('',#4163,10.);
#1119=VECTOR('',#4166,10.);
#1120=VECTOR('',#4167,10.);
#1121=VECTOR('',#4168,10.);
#1122=VECTOR('',#4171,10.);
#1123=VECTOR('',#4172,10.);
#1124=VECTOR('',#4173,10.);
#1125=VECTOR('',#4176,10.);
#1126=VECTOR('',#4177,10.);
#1127=VECTOR('',#4182,10.);
#1128=VECTOR('',#4185,10.);
#1129=VECTOR('',#4188,10.);
#1130=VECTOR('',#4191,10.);
#1131=VECTOR('',#4194,10.);
#1132=VECTOR('',#4195,10.);
#1133=VECTOR('',#4196,10.);
#1134=VECTOR('',#4201,10.);
#1135=VECTOR('',#4204,10.);
#1136=VECTOR('',#4205,10.);
#1137=VECTOR('',#4210,10.);
#1138=VECTOR('',#4213,10.);
#1139=VECTOR('',#4214,10.);
#1140=VECTOR('',#4219,10.);
#1141=VECTOR('',#4222,10.);
#1142=VECTOR('',#4223,10.);
#1143=VECTOR('',#4234,10.);
#1144=VECTOR('',#4235,10.);
#1145=VECTOR('',#4236,10.);
#1146=VECTOR('',#4237,10.);
#1147=VECTOR('',#4242,10.);
#1148=VECTOR('',#4247,10.);
#1149=VECTOR('',#4248,10.);
#1150=VECTOR('',#4249,10.);
#1151=VECTOR('',#4254,10.);
#1152=VECTOR('',#4259,10.);
#1153=VECTOR('',#4260,10.);
#1154=VECTOR('',#4261,10.);
#1155=VECTOR('',#4266,10.);
#1156=VECTOR('',#4271,10.);
#1157=VECTOR('',#4272,10.);
#1158=VECTOR('',#4273,10.);
#1159=VECTOR('',#4282,10.);
#1160=VECTOR('',#4283,10.);
#1161=VECTOR('',#4284,10.);
#1162=VECTOR('',#4285,10.);
#1163=VECTOR('',#4292,10.);
#1164=VECTOR('',#4295,10.);
#1165=VECTOR('',#4296,10.);
#1166=VECTOR('',#4297,10.);
#1167=VECTOR('',#4304,10.);
#1168=VECTOR('',#4307,10.);
#1169=VECTOR('',#4308,10.);
#1170=VECTOR('',#4309,10.);
#1171=VECTOR('',#4316,10.);
#1172=VECTOR('',#4319,10.);
#1173=VECTOR('',#4320,10.);
#1174=VECTOR('',#4321,10.);
#1175=VECTOR('',#4330,10.);
#1176=VECTOR('',#4331,10.);
#1177=VECTOR('',#4332,10.);
#1178=VECTOR('',#4333,10.);
#1179=VECTOR('',#4340,10.);
#1180=VECTOR('',#4343,10.);
#1181=VECTOR('',#4344,10.);
#1182=VECTOR('',#4345,10.);
#1183=VECTOR('',#4352,10.);
#1184=VECTOR('',#4355,10.);
#1185=VECTOR('',#4356,10.);
#1186=VECTOR('',#4357,10.);
#1187=VECTOR('',#4364,10.);
#1188=VECTOR('',#4367,10.);
#1189=VECTOR('',#4368,10.);
#1190=VECTOR('',#4369,10.);
#1191=VECTOR('',#4378,10.);
#1192=VECTOR('',#4379,10.);
#1193=VECTOR('',#4380,10.);
#1194=VECTOR('',#4381,10.);
#1195=VECTOR('',#4388,10.);
#1196=VECTOR('',#4391,10.);
#1197=VECTOR('',#4392,10.);
#1198=VECTOR('',#4393,10.);
#1199=VECTOR('',#4400,10.);
#1200=VECTOR('',#4403,10.);
#1201=VECTOR('',#4404,10.);
#1202=VECTOR('',#4405,10.);
#1203=VECTOR('',#4412,10.);
#1204=VECTOR('',#4415,10.);
#1205=VECTOR('',#4416,10.);
#1206=VECTOR('',#4417,10.);
#1207=VECTOR('',#4426,10.);
#1208=VECTOR('',#4427,10.);
#1209=VECTOR('',#4428,10.);
#1210=VECTOR('',#4429,10.);
#1211=VECTOR('',#4436,10.);
#1212=VECTOR('',#4439,10.);
#1213=VECTOR('',#4440,10.);
#1214=VECTOR('',#4441,10.);
#1215=VECTOR('',#4448,10.);
#1216=VECTOR('',#4451,10.);
#1217=VECTOR('',#4452,10.);
#1218=VECTOR('',#4453,10.);
#1219=VECTOR('',#4460,10.);
#1220=VECTOR('',#4463,10.);
#1221=VECTOR('',#4464,10.);
#1222=VECTOR('',#4465,10.);
#1223=VECTOR('',#4474,10.);
#1224=VECTOR('',#4475,10.);
#1225=VECTOR('',#4476,10.);
#1226=VECTOR('',#4477,10.);
#1227=VECTOR('',#4484,10.);
#1228=VECTOR('',#4487,10.);
#1229=VECTOR('',#4488,10.);
#1230=VECTOR('',#4489,10.);
#1231=VECTOR('',#4496,10.);
#1232=VECTOR('',#4499,10.);
#1233=VECTOR('',#4500,10.);
#1234=VECTOR('',#4501,10.);
#1235=VECTOR('',#4508,10.);
#1236=VECTOR('',#4511,10.);
#1237=VECTOR('',#4512,10.);
#1238=VECTOR('',#4513,10.);
#1239=VECTOR('',#4522,10.);
#1240=VECTOR('',#4523,10.);
#1241=VECTOR('',#4524,10.);
#1242=VECTOR('',#4525,10.);
#1243=VECTOR('',#4532,10.);
#1244=VECTOR('',#4535,10.);
#1245=VECTOR('',#4536,10.);
#1246=VECTOR('',#4537,10.);
#1247=VECTOR('',#4544,10.);
#1248=VECTOR('',#4547,10.);
#1249=VECTOR('',#4548,10.);
#1250=VECTOR('',#4549,10.);
#1251=VECTOR('',#4556,10.);
#1252=VECTOR('',#4559,10.);
#1253=VECTOR('',#4560,10.);
#1254=VECTOR('',#4561,10.);
#1255=VECTOR('',#4570,10.);
#1256=VECTOR('',#4571,10.);
#1257=VECTOR('',#4572,10.);
#1258=VECTOR('',#4573,10.);
#1259=VECTOR('',#4580,10.);
#1260=VECTOR('',#4583,10.);
#1261=VECTOR('',#4584,10.);
#1262=VECTOR('',#4585,10.);
#1263=VECTOR('',#4592,10.);
#1264=VECTOR('',#4595,10.);
#1265=VECTOR('',#4596,10.);
#1266=VECTOR('',#4597,10.);
#1267=VECTOR('',#4604,10.);
#1268=VECTOR('',#4607,10.);
#1269=VECTOR('',#4608,10.);
#1270=VECTOR('',#4609,10.);
#1271=VECTOR('',#4618,10.);
#1272=VECTOR('',#4619,10.);
#1273=VECTOR('',#4620,10.);
#1274=VECTOR('',#4621,10.);
#1275=VECTOR('',#4628,10.);
#1276=VECTOR('',#4631,10.);
#1277=VECTOR('',#4632,10.);
#1278=VECTOR('',#4633,10.);
#1279=VECTOR('',#4640,10.);
#1280=VECTOR('',#4643,10.);
#1281=VECTOR('',#4644,10.);
#1282=VECTOR('',#4645,10.);
#1283=VECTOR('',#4652,10.);
#1284=VECTOR('',#4655,10.);
#1285=VECTOR('',#4656,10.);
#1286=VECTOR('',#4657,10.);
#1287=VECTOR('',#4666,10.);
#1288=VECTOR('',#4667,10.);
#1289=VECTOR('',#4668,10.);
#1290=VECTOR('',#4669,10.);
#1291=VECTOR('',#4676,10.);
#1292=VECTOR('',#4679,10.);
#1293=VECTOR('',#4680,10.);
#1294=VECTOR('',#4681,10.);
#1295=VECTOR('',#4688,10.);
#1296=VECTOR('',#4691,10.);
#1297=VECTOR('',#4692,10.);
#1298=VECTOR('',#4693,10.);
#1299=VECTOR('',#4700,10.);
#1300=VECTOR('',#4703,10.);
#1301=VECTOR('',#4704,10.);
#1302=VECTOR('',#4705,10.);
#1303=VECTOR('',#4714,10.);
#1304=VECTOR('',#4715,10.);
#1305=VECTOR('',#4716,10.);
#1306=VECTOR('',#4717,10.);
#1307=VECTOR('',#4724,10.);
#1308=VECTOR('',#4727,10.);
#1309=VECTOR('',#4728,10.);
#1310=VECTOR('',#4729,10.);
#1311=VECTOR('',#4736,10.);
#1312=VECTOR('',#4739,10.);
#1313=VECTOR('',#4740,10.);
#1314=VECTOR('',#4741,10.);
#1315=VECTOR('',#4748,10.);
#1316=VECTOR('',#4751,10.);
#1317=VECTOR('',#4752,10.);
#1318=VECTOR('',#4753,10.);
#1319=VECTOR('',#4762,10.);
#1320=VECTOR('',#4763,10.);
#1321=VECTOR('',#4764,10.);
#1322=VECTOR('',#4765,10.);
#1323=VECTOR('',#4772,10.);
#1324=VECTOR('',#4775,10.);
#1325=VECTOR('',#4776,10.);
#1326=VECTOR('',#4777,10.);
#1327=VECTOR('',#4784,10.);
#1328=VECTOR('',#4787,10.);
#1329=VECTOR('',#4788,10.);
#1330=VECTOR('',#4789,10.);
#1331=VECTOR('',#4796,10.);
#1332=VECTOR('',#4799,10.);
#1333=VECTOR('',#4800,10.);
#1334=VECTOR('',#4801,10.);
#1335=VECTOR('',#4810,10.);
#1336=VECTOR('',#4811,10.);
#1337=VECTOR('',#4812,10.);
#1338=VECTOR('',#4813,10.);
#1339=VECTOR('',#4820,10.);
#1340=VECTOR('',#4823,10.);
#1341=VECTOR('',#4824,10.);
#1342=VECTOR('',#4825,10.);
#1343=VECTOR('',#4832,10.);
#1344=VECTOR('',#4835,10.);
#1345=VECTOR('',#4836,10.);
#1346=VECTOR('',#4837,10.);
#1347=VECTOR('',#4844,10.);
#1348=VECTOR('',#4847,10.);
#1349=VECTOR('',#4848,10.);
#1350=VECTOR('',#4849,10.);
#1351=VECTOR('',#4858,10.);
#1352=VECTOR('',#4859,10.);
#1353=VECTOR('',#4860,10.);
#1354=VECTOR('',#4861,10.);
#1355=VECTOR('',#4868,10.);
#1356=VECTOR('',#4871,10.);
#1357=VECTOR('',#4872,10.);
#1358=VECTOR('',#4873,10.);
#1359=VECTOR('',#4880,10.);
#1360=VECTOR('',#4883,10.);
#1361=VECTOR('',#4884,10.);
#1362=VECTOR('',#4885,10.);
#1363=VECTOR('',#4892,10.);
#1364=VECTOR('',#4895,10.);
#1365=VECTOR('',#4896,10.);
#1366=VECTOR('',#4897,10.);
#1367=VECTOR('',#4906,10.);
#1368=VECTOR('',#4907,10.);
#1369=VECTOR('',#4908,10.);
#1370=VECTOR('',#4909,10.);
#1371=VECTOR('',#4916,10.);
#1372=VECTOR('',#4919,10.);
#1373=VECTOR('',#4920,10.);
#1374=VECTOR('',#4921,10.);
#1375=VECTOR('',#4928,10.);
#1376=VECTOR('',#4931,10.);
#1377=VECTOR('',#4932,10.);
#1378=VECTOR('',#4933,10.);
#1379=VECTOR('',#4940,10.);
#1380=VECTOR('',#4943,10.);
#1381=VECTOR('',#4944,10.);
#1382=VECTOR('',#4945,10.);
#1383=VECTOR('',#4954,10.);
#1384=VECTOR('',#4955,10.);
#1385=VECTOR('',#4956,10.);
#1386=VECTOR('',#4957,10.);
#1387=VECTOR('',#4964,10.);
#1388=VECTOR('',#4967,10.);
#1389=VECTOR('',#4968,10.);
#1390=VECTOR('',#4969,10.);
#1391=VECTOR('',#4976,10.);
#1392=VECTOR('',#4979,10.);
#1393=VECTOR('',#4980,10.);
#1394=VECTOR('',#4981,10.);
#1395=VECTOR('',#4988,10.);
#1396=VECTOR('',#4991,10.);
#1397=VECTOR('',#4992,10.);
#1398=VECTOR('',#4993,10.);
#1399=VECTOR('',#5002,10.);
#1400=VECTOR('',#5003,10.);
#1401=VECTOR('',#5004,10.);
#1402=VECTOR('',#5005,10.);
#1403=VECTOR('',#5012,10.);
#1404=VECTOR('',#5015,10.);
#1405=VECTOR('',#5016,10.);
#1406=VECTOR('',#5017,10.);
#1407=VECTOR('',#5024,10.);
#1408=VECTOR('',#5027,10.);
#1409=VECTOR('',#5028,10.);
#1410=VECTOR('',#5029,10.);
#1411=VECTOR('',#5036,10.);
#1412=VECTOR('',#5039,10.);
#1413=VECTOR('',#5040,10.);
#1414=VECTOR('',#5041,10.);
#1415=VECTOR('',#5050,10.);
#1416=VECTOR('',#5051,10.);
#1417=VECTOR('',#5052,10.);
#1418=VECTOR('',#5053,10.);
#1419=VECTOR('',#5060,10.);
#1420=VECTOR('',#5063,10.);
#1421=VECTOR('',#5064,10.);
#1422=VECTOR('',#5065,10.);
#1423=VECTOR('',#5072,10.);
#1424=VECTOR('',#5075,10.);
#1425=VECTOR('',#5076,10.);
#1426=VECTOR('',#5077,10.);
#1427=VECTOR('',#5084,10.);
#1428=VECTOR('',#5087,10.);
#1429=VECTOR('',#5088,10.);
#1430=VECTOR('',#5089,10.);
#1431=VECTOR('',#5098,10.);
#1432=VECTOR('',#5099,10.);
#1433=VECTOR('',#5100,10.);
#1434=VECTOR('',#5101,10.);
#1435=VECTOR('',#5108,10.);
#1436=VECTOR('',#5111,10.);
#1437=VECTOR('',#5112,10.);
#1438=VECTOR('',#5113,10.);
#1439=VECTOR('',#5120,10.);
#1440=VECTOR('',#5123,10.);
#1441=VECTOR('',#5124,10.);
#1442=VECTOR('',#5125,10.);
#1443=VECTOR('',#5132,10.);
#1444=VECTOR('',#5135,10.);
#1445=VECTOR('',#5136,10.);
#1446=VECTOR('',#5137,10.);
#1447=VECTOR('',#5150,10.);
#1448=VECTOR('',#5151,10.);
#1449=VECTOR('',#5152,10.);
#1450=VECTOR('',#5153,10.);
#1451=VECTOR('',#5160,10.);
#1452=VECTOR('',#5163,10.);
#1453=VECTOR('',#5164,10.);
#1454=VECTOR('',#5165,10.);
#1455=VECTOR('',#5172,10.);
#1456=VECTOR('',#5175,10.);
#1457=VECTOR('',#5176,10.);
#1458=VECTOR('',#5177,10.);
#1459=VECTOR('',#5184,10.);
#1460=VECTOR('',#5187,10.);
#1461=VECTOR('',#5188,10.);
#1462=VECTOR('',#5189,10.);
#1463=VERTEX_POINT('',#5202);
#1464=VERTEX_POINT('',#5203);
#1465=VERTEX_POINT('',#5205);
#1466=VERTEX_POINT('',#5207);
#1467=VERTEX_POINT('',#5211);
#1468=VERTEX_POINT('',#5213);
#1469=VERTEX_POINT('',#5217);
#1470=VERTEX_POINT('',#5219);
#1471=VERTEX_POINT('',#5223);
#1472=VERTEX_POINT('',#5225);
#1473=VERTEX_POINT('',#5229);
#1474=VERTEX_POINT('',#5231);
#1475=VERTEX_POINT('',#5235);
#1476=VERTEX_POINT('',#5237);
#1477=VERTEX_POINT('',#5241);
#1478=VERTEX_POINT('',#5243);
#1479=VERTEX_POINT('',#5250);
#1480=VERTEX_POINT('',#5251);
#1481=VERTEX_POINT('',#5253);
#1482=VERTEX_POINT('',#5255);
#1483=VERTEX_POINT('',#5259);
#1484=VERTEX_POINT('',#5261);
#1485=VERTEX_POINT('',#5265);
#1486=VERTEX_POINT('',#5267);
#1487=VERTEX_POINT('',#5274);
#1488=VERTEX_POINT('',#5275);
#1489=VERTEX_POINT('',#5277);
#1490=VERTEX_POINT('',#5279);
#1491=VERTEX_POINT('',#5281);
#1492=VERTEX_POINT('',#5283);
#1493=VERTEX_POINT('',#5285);
#1494=VERTEX_POINT('',#5287);
#1495=VERTEX_POINT('',#5291);
#1496=VERTEX_POINT('',#5292);
#1497=VERTEX_POINT('',#5297);
#1498=VERTEX_POINT('',#5301);
#1499=VERTEX_POINT('',#5305);
#1500=VERTEX_POINT('',#5309);
#1501=VERTEX_POINT('',#5313);
#1502=VERTEX_POINT('',#5317);
#1503=VERTEX_POINT('',#5325);
#1504=VERTEX_POINT('',#5326);
#1505=VERTEX_POINT('',#5328);
#1506=VERTEX_POINT('',#5330);
#1507=VERTEX_POINT('',#5334);
#1508=VERTEX_POINT('',#5336);
#1509=VERTEX_POINT('',#5340);
#1510=VERTEX_POINT('',#5342);
#1511=VERTEX_POINT('',#5346);
#1512=VERTEX_POINT('',#5348);
#1513=VERTEX_POINT('',#5352);
#1514=VERTEX_POINT('',#5354);
#1515=VERTEX_POINT('',#5358);
#1516=VERTEX_POINT('',#5360);
#1517=VERTEX_POINT('',#5364);
#1518=VERTEX_POINT('',#5366);
#1519=VERTEX_POINT('',#5373);
#1520=VERTEX_POINT('',#5374);
#1521=VERTEX_POINT('',#5376);
#1522=VERTEX_POINT('',#5378);
#1523=VERTEX_POINT('',#5382);
#1524=VERTEX_POINT('',#5384);
#1525=VERTEX_POINT('',#5388);
#1526=VERTEX_POINT('',#5390);
#1527=VERTEX_POINT('',#5394);
#1528=VERTEX_POINT('',#5396);
#1529=VERTEX_POINT('',#5400);
#1530=VERTEX_POINT('',#5402);
#1531=VERTEX_POINT('',#5406);
#1532=VERTEX_POINT('',#5408);
#1533=VERTEX_POINT('',#5412);
#1534=VERTEX_POINT('',#5414);
#1535=VERTEX_POINT('',#5421);
#1536=VERTEX_POINT('',#5422);
#1537=VERTEX_POINT('',#5424);
#1538=VERTEX_POINT('',#5426);
#1539=VERTEX_POINT('',#5430);
#1540=VERTEX_POINT('',#5432);
#1541=VERTEX_POINT('',#5436);
#1542=VERTEX_POINT('',#5438);
#1543=VERTEX_POINT('',#5442);
#1544=VERTEX_POINT('',#5444);
#1545=VERTEX_POINT('',#5448);
#1546=VERTEX_POINT('',#5450);
#1547=VERTEX_POINT('',#5454);
#1548=VERTEX_POINT('',#5456);
#1549=VERTEX_POINT('',#5460);
#1550=VERTEX_POINT('',#5462);
#1551=VERTEX_POINT('',#5469);
#1552=VERTEX_POINT('',#5470);
#1553=VERTEX_POINT('',#5472);
#1554=VERTEX_POINT('',#5474);
#1555=VERTEX_POINT('',#5478);
#1556=VERTEX_POINT('',#5480);
#1557=VERTEX_POINT('',#5484);
#1558=VERTEX_POINT('',#5486);
#1559=VERTEX_POINT('',#5490);
#1560=VERTEX_POINT('',#5492);
#1561=VERTEX_POINT('',#5496);
#1562=VERTEX_POINT('',#5498);
#1563=VERTEX_POINT('',#5502);
#1564=VERTEX_POINT('',#5504);
#1565=VERTEX_POINT('',#5508);
#1566=VERTEX_POINT('',#5510);
#1567=VERTEX_POINT('',#5517);
#1568=VERTEX_POINT('',#5518);
#1569=VERTEX_POINT('',#5520);
#1570=VERTEX_POINT('',#5522);
#1571=VERTEX_POINT('',#5526);
#1572=VERTEX_POINT('',#5528);
#1573=VERTEX_POINT('',#5532);
#1574=VERTEX_POINT('',#5534);
#1575=VERTEX_POINT('',#5538);
#1576=VERTEX_POINT('',#5540);
#1577=VERTEX_POINT('',#5544);
#1578=VERTEX_POINT('',#5546);
#1579=VERTEX_POINT('',#5550);
#1580=VERTEX_POINT('',#5552);
#1581=VERTEX_POINT('',#5556);
#1582=VERTEX_POINT('',#5558);
#1583=VERTEX_POINT('',#5565);
#1584=VERTEX_POINT('',#5566);
#1585=VERTEX_POINT('',#5568);
#1586=VERTEX_POINT('',#5570);
#1587=VERTEX_POINT('',#5574);
#1588=VERTEX_POINT('',#5576);
#1589=VERTEX_POINT('',#5580);
#1590=VERTEX_POINT('',#5582);
#1591=VERTEX_POINT('',#5586);
#1592=VERTEX_POINT('',#5588);
#1593=VERTEX_POINT('',#5592);
#1594=VERTEX_POINT('',#5594);
#1595=VERTEX_POINT('',#5598);
#1596=VERTEX_POINT('',#5600);
#1597=VERTEX_POINT('',#5604);
#1598=VERTEX_POINT('',#5606);
#1599=VERTEX_POINT('',#5613);
#1600=VERTEX_POINT('',#5614);
#1601=VERTEX_POINT('',#5616);
#1602=VERTEX_POINT('',#5618);
#1603=VERTEX_POINT('',#5622);
#1604=VERTEX_POINT('',#5624);
#1605=VERTEX_POINT('',#5628);
#1606=VERTEX_POINT('',#5630);
#1607=VERTEX_POINT('',#5634);
#1608=VERTEX_POINT('',#5636);
#1609=VERTEX_POINT('',#5640);
#1610=VERTEX_POINT('',#5642);
#1611=VERTEX_POINT('',#5646);
#1612=VERTEX_POINT('',#5648);
#1613=VERTEX_POINT('',#5652);
#1614=VERTEX_POINT('',#5654);
#1615=VERTEX_POINT('',#5661);
#1616=VERTEX_POINT('',#5662);
#1617=VERTEX_POINT('',#5664);
#1618=VERTEX_POINT('',#5666);
#1619=VERTEX_POINT('',#5670);
#1620=VERTEX_POINT('',#5672);
#1621=VERTEX_POINT('',#5676);
#1622=VERTEX_POINT('',#5678);
#1623=VERTEX_POINT('',#5682);
#1624=VERTEX_POINT('',#5684);
#1625=VERTEX_POINT('',#5688);
#1626=VERTEX_POINT('',#5690);
#1627=VERTEX_POINT('',#5694);
#1628=VERTEX_POINT('',#5696);
#1629=VERTEX_POINT('',#5700);
#1630=VERTEX_POINT('',#5702);
#1631=VERTEX_POINT('',#5709);
#1632=VERTEX_POINT('',#5710);
#1633=VERTEX_POINT('',#5712);
#1634=VERTEX_POINT('',#5714);
#1635=VERTEX_POINT('',#5718);
#1636=VERTEX_POINT('',#5720);
#1637=VERTEX_POINT('',#5724);
#1638=VERTEX_POINT('',#5726);
#1639=VERTEX_POINT('',#5730);
#1640=VERTEX_POINT('',#5732);
#1641=VERTEX_POINT('',#5736);
#1642=VERTEX_POINT('',#5738);
#1643=VERTEX_POINT('',#5742);
#1644=VERTEX_POINT('',#5744);
#1645=VERTEX_POINT('',#5748);
#1646=VERTEX_POINT('',#5750);
#1647=VERTEX_POINT('',#5757);
#1648=VERTEX_POINT('',#5758);
#1649=VERTEX_POINT('',#5760);
#1650=VERTEX_POINT('',#5762);
#1651=VERTEX_POINT('',#5766);
#1652=VERTEX_POINT('',#5768);
#1653=VERTEX_POINT('',#5772);
#1654=VERTEX_POINT('',#5774);
#1655=VERTEX_POINT('',#5778);
#1656=VERTEX_POINT('',#5780);
#1657=VERTEX_POINT('',#5784);
#1658=VERTEX_POINT('',#5786);
#1659=VERTEX_POINT('',#5790);
#1660=VERTEX_POINT('',#5792);
#1661=VERTEX_POINT('',#5796);
#1662=VERTEX_POINT('',#5798);
#1663=VERTEX_POINT('',#5805);
#1664=VERTEX_POINT('',#5806);
#1665=VERTEX_POINT('',#5808);
#1666=VERTEX_POINT('',#5810);
#1667=VERTEX_POINT('',#5814);
#1668=VERTEX_POINT('',#5816);
#1669=VERTEX_POINT('',#5820);
#1670=VERTEX_POINT('',#5822);
#1671=VERTEX_POINT('',#5826);
#1672=VERTEX_POINT('',#5828);
#1673=VERTEX_POINT('',#5832);
#1674=VERTEX_POINT('',#5834);
#1675=VERTEX_POINT('',#5838);
#1676=VERTEX_POINT('',#5840);
#1677=VERTEX_POINT('',#5844);
#1678=VERTEX_POINT('',#5846);
#1679=VERTEX_POINT('',#5853);
#1680=VERTEX_POINT('',#5854);
#1681=VERTEX_POINT('',#5856);
#1682=VERTEX_POINT('',#5858);
#1683=VERTEX_POINT('',#5862);
#1684=VERTEX_POINT('',#5864);
#1685=VERTEX_POINT('',#5868);
#1686=VERTEX_POINT('',#5870);
#1687=VERTEX_POINT('',#5874);
#1688=VERTEX_POINT('',#5876);
#1689=VERTEX_POINT('',#5880);
#1690=VERTEX_POINT('',#5882);
#1691=VERTEX_POINT('',#5886);
#1692=VERTEX_POINT('',#5888);
#1693=VERTEX_POINT('',#5892);
#1694=VERTEX_POINT('',#5894);
#1695=VERTEX_POINT('',#5901);
#1696=VERTEX_POINT('',#5902);
#1697=VERTEX_POINT('',#5904);
#1698=VERTEX_POINT('',#5906);
#1699=VERTEX_POINT('',#5910);
#1700=VERTEX_POINT('',#5912);
#1701=VERTEX_POINT('',#5916);
#1702=VERTEX_POINT('',#5918);
#1703=VERTEX_POINT('',#5922);
#1704=VERTEX_POINT('',#5924);
#1705=VERTEX_POINT('',#5928);
#1706=VERTEX_POINT('',#5930);
#1707=VERTEX_POINT('',#5934);
#1708=VERTEX_POINT('',#5936);
#1709=VERTEX_POINT('',#5940);
#1710=VERTEX_POINT('',#5942);
#1711=VERTEX_POINT('',#5949);
#1712=VERTEX_POINT('',#5950);
#1713=VERTEX_POINT('',#5952);
#1714=VERTEX_POINT('',#5954);
#1715=VERTEX_POINT('',#5958);
#1716=VERTEX_POINT('',#5960);
#1717=VERTEX_POINT('',#5964);
#1718=VERTEX_POINT('',#5966);
#1719=VERTEX_POINT('',#5970);
#1720=VERTEX_POINT('',#5972);
#1721=VERTEX_POINT('',#5976);
#1722=VERTEX_POINT('',#5978);
#1723=VERTEX_POINT('',#5982);
#1724=VERTEX_POINT('',#5984);
#1725=VERTEX_POINT('',#5988);
#1726=VERTEX_POINT('',#5990);
#1727=VERTEX_POINT('',#5997);
#1728=VERTEX_POINT('',#5998);
#1729=VERTEX_POINT('',#6000);
#1730=VERTEX_POINT('',#6002);
#1731=VERTEX_POINT('',#6006);
#1732=VERTEX_POINT('',#6008);
#1733=VERTEX_POINT('',#6012);
#1734=VERTEX_POINT('',#6014);
#1735=VERTEX_POINT('',#6018);
#1736=VERTEX_POINT('',#6020);
#1737=VERTEX_POINT('',#6024);
#1738=VERTEX_POINT('',#6026);
#1739=VERTEX_POINT('',#6030);
#1740=VERTEX_POINT('',#6032);
#1741=VERTEX_POINT('',#6036);
#1742=VERTEX_POINT('',#6038);
#1743=VERTEX_POINT('',#6045);
#1744=VERTEX_POINT('',#6046);
#1745=VERTEX_POINT('',#6048);
#1746=VERTEX_POINT('',#6050);
#1747=VERTEX_POINT('',#6054);
#1748=VERTEX_POINT('',#6056);
#1749=VERTEX_POINT('',#6060);
#1750=VERTEX_POINT('',#6062);
#1751=VERTEX_POINT('',#6066);
#1752=VERTEX_POINT('',#6068);
#1753=VERTEX_POINT('',#6072);
#1754=VERTEX_POINT('',#6074);
#1755=VERTEX_POINT('',#6078);
#1756=VERTEX_POINT('',#6080);
#1757=VERTEX_POINT('',#6084);
#1758=VERTEX_POINT('',#6086);
#1759=VERTEX_POINT('',#6093);
#1760=VERTEX_POINT('',#6094);
#1761=VERTEX_POINT('',#6096);
#1762=VERTEX_POINT('',#6098);
#1763=VERTEX_POINT('',#6102);
#1764=VERTEX_POINT('',#6104);
#1765=VERTEX_POINT('',#6108);
#1766=VERTEX_POINT('',#6110);
#1767=VERTEX_POINT('',#6114);
#1768=VERTEX_POINT('',#6116);
#1769=VERTEX_POINT('',#6120);
#1770=VERTEX_POINT('',#6122);
#1771=VERTEX_POINT('',#6126);
#1772=VERTEX_POINT('',#6128);
#1773=VERTEX_POINT('',#6132);
#1774=VERTEX_POINT('',#6134);
#1775=VERTEX_POINT('',#6141);
#1776=VERTEX_POINT('',#6142);
#1777=VERTEX_POINT('',#6144);
#1778=VERTEX_POINT('',#6146);
#1779=VERTEX_POINT('',#6150);
#1780=VERTEX_POINT('',#6152);
#1781=VERTEX_POINT('',#6156);
#1782=VERTEX_POINT('',#6158);
#1783=VERTEX_POINT('',#6162);
#1784=VERTEX_POINT('',#6164);
#1785=VERTEX_POINT('',#6168);
#1786=VERTEX_POINT('',#6170);
#1787=VERTEX_POINT('',#6174);
#1788=VERTEX_POINT('',#6176);
#1789=VERTEX_POINT('',#6180);
#1790=VERTEX_POINT('',#6182);
#1791=VERTEX_POINT('',#6189);
#1792=VERTEX_POINT('',#6190);
#1793=VERTEX_POINT('',#6192);
#1794=VERTEX_POINT('',#6194);
#1795=VERTEX_POINT('',#6198);
#1796=VERTEX_POINT('',#6200);
#1797=VERTEX_POINT('',#6204);
#1798=VERTEX_POINT('',#6206);
#1799=VERTEX_POINT('',#6210);
#1800=VERTEX_POINT('',#6212);
#1801=VERTEX_POINT('',#6216);
#1802=VERTEX_POINT('',#6218);
#1803=VERTEX_POINT('',#6222);
#1804=VERTEX_POINT('',#6224);
#1805=VERTEX_POINT('',#6228);
#1806=VERTEX_POINT('',#6230);
#1807=VERTEX_POINT('',#6239);
#1808=VERTEX_POINT('',#6240);
#1809=VERTEX_POINT('',#6242);
#1810=VERTEX_POINT('',#6244);
#1811=VERTEX_POINT('',#6248);
#1812=VERTEX_POINT('',#6250);
#1813=VERTEX_POINT('',#6254);
#1814=VERTEX_POINT('',#6256);
#1815=VERTEX_POINT('',#6260);
#1816=VERTEX_POINT('',#6262);
#1817=VERTEX_POINT('',#6266);
#1818=VERTEX_POINT('',#6268);
#1819=VERTEX_POINT('',#6272);
#1820=VERTEX_POINT('',#6274);
#1821=VERTEX_POINT('',#6278);
#1822=VERTEX_POINT('',#6280);
#1823=EDGE_CURVE('',#1463,#1464,#735,.T.);
#1824=EDGE_CURVE('',#1465,#1463,#736,.T.);
#1825=EDGE_CURVE('',#1466,#1465,#737,.T.);
#1826=EDGE_CURVE('',#1466,#1464,#738,.T.);
#1827=EDGE_CURVE('',#1464,#1467,#58,.T.);
#1828=EDGE_CURVE('',#1468,#1466,#59,.T.);
#1829=EDGE_CURVE('',#1468,#1467,#739,.T.);
#1830=EDGE_CURVE('',#1467,#1469,#740,.T.);
#1831=EDGE_CURVE('',#1470,#1468,#741,.T.);
#1832=EDGE_CURVE('',#1470,#1469,#742,.T.);
#1833=EDGE_CURVE('',#1469,#1471,#60,.T.);
#1834=EDGE_CURVE('',#1472,#1470,#61,.T.);
#1835=EDGE_CURVE('',#1472,#1471,#743,.T.);
#1836=EDGE_CURVE('',#1471,#1473,#744,.T.);
#1837=EDGE_CURVE('',#1474,#1472,#745,.T.);
#1838=EDGE_CURVE('',#1474,#1473,#746,.T.);
#1839=EDGE_CURVE('',#1473,#1475,#62,.T.);
#1840=EDGE_CURVE('',#1476,#1474,#63,.T.);
#1841=EDGE_CURVE('',#1476,#1475,#747,.T.);
#1842=EDGE_CURVE('',#1475,#1477,#748,.T.);
#1843=EDGE_CURVE('',#1478,#1476,#749,.T.);
#1844=EDGE_CURVE('',#1478,#1477,#750,.T.);
#1845=EDGE_CURVE('',#1477,#1463,#64,.T.);
#1846=EDGE_CURVE('',#1465,#1478,#65,.T.);
#1847=EDGE_CURVE('',#1479,#1480,#751,.T.);
#1848=EDGE_CURVE('',#1479,#1481,#752,.T.);
#1849=EDGE_CURVE('',#1482,#1481,#753,.T.);
#1850=EDGE_CURVE('',#1480,#1482,#754,.T.);
#1851=EDGE_CURVE('',#1483,#1479,#755,.T.);
#1852=EDGE_CURVE('',#1483,#1484,#756,.T.);
#1853=EDGE_CURVE('',#1481,#1484,#757,.T.);
#1854=EDGE_CURVE('',#1480,#1485,#758,.T.);
#1855=EDGE_CURVE('',#1486,#1482,#759,.T.);
#1856=EDGE_CURVE('',#1485,#1486,#760,.T.);
#1857=EDGE_CURVE('',#1485,#1483,#761,.T.);
#1858=EDGE_CURVE('',#1484,#1486,#762,.T.);
#1859=EDGE_CURVE('',#1487,#1488,#66,.T.);
#1860=EDGE_CURVE('',#1488,#1489,#763,.T.);
#1861=EDGE_CURVE('',#1489,#1490,#67,.T.);
#1862=EDGE_CURVE('',#1490,#1491,#764,.T.);
#1863=EDGE_CURVE('',#1491,#1492,#68,.T.);
#1864=EDGE_CURVE('',#1492,#1493,#765,.T.);
#1865=EDGE_CURVE('',#1493,#1494,#69,.T.);
#1866=EDGE_CURVE('',#1494,#1487,#766,.T.);
#1867=EDGE_CURVE('',#1495,#1496,#767,.T.);
#1868=EDGE_CURVE('',#1495,#1487,#768,.T.);
#1869=EDGE_CURVE('',#1496,#1494,#769,.T.);
#1870=EDGE_CURVE('',#1497,#1496,#70,.T.);
#1871=EDGE_CURVE('',#1497,#1493,#770,.T.);
#1872=EDGE_CURVE('',#1497,#1498,#771,.T.);
#1873=EDGE_CURVE('',#1498,#1492,#772,.T.);
#1874=EDGE_CURVE('',#1499,#1498,#71,.T.);
#1875=EDGE_CURVE('',#1499,#1491,#773,.T.);
#1876=EDGE_CURVE('',#1499,#1500,#774,.T.);
#1877=EDGE_CURVE('',#1500,#1490,#775,.T.);
#1878=EDGE_CURVE('',#1501,#1500,#72,.T.);
#1879=EDGE_CURVE('',#1501,#1489,#776,.T.);
#1880=EDGE_CURVE('',#1501,#1502,#777,.T.);
#1881=EDGE_CURVE('',#1502,#1488,#778,.T.);
#1882=EDGE_CURVE('',#1495,#1502,#73,.T.);
#1883=EDGE_CURVE('',#1503,#1504,#779,.T.);
#1884=EDGE_CURVE('',#1503,#1505,#780,.T.);
#1885=EDGE_CURVE('',#1506,#1505,#781,.T.);
#1886=EDGE_CURVE('',#1504,#1506,#782,.T.);
#1887=EDGE_CURVE('',#1507,#1503,#74,.T.);
#1888=EDGE_CURVE('',#1507,#1508,#783,.T.);
#1889=EDGE_CURVE('',#1505,#1508,#75,.T.);
#1890=EDGE_CURVE('',#1509,#1507,#784,.T.);
#1891=EDGE_CURVE('',#1509,#1510,#785,.T.);
#1892=EDGE_CURVE('',#1508,#1510,#786,.T.);
#1893=EDGE_CURVE('',#1511,#1509,#76,.T.);
#1894=EDGE_CURVE('',#1511,#1512,#787,.T.);
#1895=EDGE_CURVE('',#1510,#1512,#77,.T.);
#1896=EDGE_CURVE('',#1513,#1511,#788,.T.);
#1897=EDGE_CURVE('',#1513,#1514,#789,.T.);
#1898=EDGE_CURVE('',#1512,#1514,#790,.T.);
#1899=EDGE_CURVE('',#1515,#1513,#78,.T.);
#1900=EDGE_CURVE('',#1515,#1516,#791,.T.);
#1901=EDGE_CURVE('',#1514,#1516,#79,.T.);
#1902=EDGE_CURVE('',#1517,#1515,#792,.T.);
#1903=EDGE_CURVE('',#1517,#1518,#793,.T.);
#1904=EDGE_CURVE('',#1516,#1518,#794,.T.);
#1905=EDGE_CURVE('',#1504,#1517,#80,.T.);
#1906=EDGE_CURVE('',#1518,#1506,#81,.T.);
#1907=EDGE_CURVE('',#1519,#1520,#795,.T.);
#1908=EDGE_CURVE('',#1520,#1521,#796,.T.);
#1909=EDGE_CURVE('',#1522,#1521,#797,.T.);
#1910=EDGE_CURVE('',#1519,#1522,#798,.T.);
#1911=EDGE_CURVE('',#1523,#1519,#82,.T.);
#1912=EDGE_CURVE('',#1524,#1522,#83,.T.);
#1913=EDGE_CURVE('',#1523,#1524,#799,.T.);
#1914=EDGE_CURVE('',#1525,#1523,#800,.T.);
#1915=EDGE_CURVE('',#1526,#1524,#801,.T.);
#1916=EDGE_CURVE('',#1525,#1526,#802,.T.);
#1917=EDGE_CURVE('',#1527,#1525,#84,.T.);
#1918=EDGE_CURVE('',#1528,#1526,#85,.T.);
#1919=EDGE_CURVE('',#1527,#1528,#803,.T.);
#1920=EDGE_CURVE('',#1529,#1527,#804,.T.);
#1921=EDGE_CURVE('',#1530,#1528,#805,.T.);
#1922=EDGE_CURVE('',#1529,#1530,#806,.T.);
#1923=EDGE_CURVE('',#1531,#1529,#86,.T.);
#1924=EDGE_CURVE('',#1532,#1530,#87,.T.);
#1925=EDGE_CURVE('',#1531,#1532,#807,.T.);
#1926=EDGE_CURVE('',#1533,#1531,#808,.T.);
#1927=EDGE_CURVE('',#1534,#1532,#809,.T.);
#1928=EDGE_CURVE('',#1533,#1534,#810,.T.);
#1929=EDGE_CURVE('',#1520,#1533,#88,.T.);
#1930=EDGE_CURVE('',#1521,#1534,#89,.T.);
#1931=EDGE_CURVE('',#1535,#1536,#811,.T.);
#1932=EDGE_CURVE('',#1536,#1537,#812,.T.);
#1933=EDGE_CURVE('',#1538,#1537,#813,.T.);
#1934=EDGE_CURVE('',#1535,#1538,#814,.T.);
#1935=EDGE_CURVE('',#1539,#1535,#90,.T.);
#1936=EDGE_CURVE('',#1540,#1538,#91,.T.);
#1937=EDGE_CURVE('',#1539,#1540,#815,.T.);
#1938=EDGE_CURVE('',#1541,#1539,#816,.T.);
#1939=EDGE_CURVE('',#1542,#1540,#817,.T.);
#1940=EDGE_CURVE('',#1541,#1542,#818,.T.);
#1941=EDGE_CURVE('',#1543,#1541,#92,.T.);
#1942=EDGE_CURVE('',#1544,#1542,#93,.T.);
#1943=EDGE_CURVE('',#1543,#1544,#819,.T.);
#1944=EDGE_CURVE('',#1545,#1543,#820,.T.);
#1945=EDGE_CURVE('',#1546,#1544,#821,.T.);
#1946=EDGE_CURVE('',#1545,#1546,#822,.T.);
#1947=EDGE_CURVE('',#1547,#1545,#94,.T.);
#1948=EDGE_CURVE('',#1548,#1546,#95,.T.);
#1949=EDGE_CURVE('',#1547,#1548,#823,.T.);
#1950=EDGE_CURVE('',#1549,#1547,#824,.T.);
#1951=EDGE_CURVE('',#1550,#1548,#825,.T.);
#1952=EDGE_CURVE('',#1549,#1550,#826,.T.);
#1953=EDGE_CURVE('',#1536,#1549,#96,.T.);
#1954=EDGE_CURVE('',#1537,#1550,#97,.T.);
#1955=EDGE_CURVE('',#1551,#1552,#827,.T.);
#1956=EDGE_CURVE('',#1552,#1553,#828,.T.);
#1957=EDGE_CURVE('',#1554,#1553,#829,.T.);
#1958=EDGE_CURVE('',#1551,#1554,#830,.T.);
#1959=EDGE_CURVE('',#1555,#1551,#98,.T.);
#1960=EDGE_CURVE('',#1556,#1554,#99,.T.);
#1961=EDGE_CURVE('',#1555,#1556,#831,.T.);
#1962=EDGE_CURVE('',#1557,#1555,#832,.T.);
#1963=EDGE_CURVE('',#1558,#1556,#833,.T.);
#1964=EDGE_CURVE('',#1557,#1558,#834,.T.);
#1965=EDGE_CURVE('',#1559,#1557,#100,.T.);
#1966=EDGE_CURVE('',#1560,#1558,#101,.T.);
#1967=EDGE_CURVE('',#1559,#1560,#835,.T.);
#1968=EDGE_CURVE('',#1561,#1559,#836,.T.);
#1969=EDGE_CURVE('',#1562,#1560,#837,.T.);
#1970=EDGE_CURVE('',#1561,#1562,#838,.T.);
#1971=EDGE_CURVE('',#1563,#1561,#102,.T.);
#1972=EDGE_CURVE('',#1564,#1562,#103,.T.);
#1973=EDGE_CURVE('',#1563,#1564,#839,.T.);
#1974=EDGE_CURVE('',#1565,#1563,#840,.T.);
#1975=EDGE_CURVE('',#1566,#1564,#841,.T.);
#1976=EDGE_CURVE('',#1565,#1566,#842,.T.);
#1977=EDGE_CURVE('',#1552,#1565,#104,.T.);
#1978=EDGE_CURVE('',#1553,#1566,#105,.T.);
#1979=EDGE_CURVE('',#1567,#1568,#843,.T.);
#1980=EDGE_CURVE('',#1568,#1569,#844,.T.);
#1981=EDGE_CURVE('',#1570,#1569,#845,.T.);
#1982=EDGE_CURVE('',#1567,#1570,#846,.T.);
#1983=EDGE_CURVE('',#1571,#1567,#106,.T.);
#1984=EDGE_CURVE('',#1572,#1570,#107,.T.);
#1985=EDGE_CURVE('',#1571,#1572,#847,.T.);
#1986=EDGE_CURVE('',#1573,#1571,#848,.T.);
#1987=EDGE_CURVE('',#1574,#1572,#849,.T.);
#1988=EDGE_CURVE('',#1573,#1574,#850,.T.);
#1989=EDGE_CURVE('',#1575,#1573,#108,.T.);
#1990=EDGE_CURVE('',#1576,#1574,#109,.T.);
#1991=EDGE_CURVE('',#1575,#1576,#851,.T.);
#1992=EDGE_CURVE('',#1577,#1575,#852,.T.);
#1993=EDGE_CURVE('',#1578,#1576,#853,.T.);
#1994=EDGE_CURVE('',#1577,#1578,#854,.T.);
#1995=EDGE_CURVE('',#1579,#1577,#110,.T.);
#1996=EDGE_CURVE('',#1580,#1578,#111,.T.);
#1997=EDGE_CURVE('',#1579,#1580,#855,.T.);
#1998=EDGE_CURVE('',#1581,#1579,#856,.T.);
#1999=EDGE_CURVE('',#1582,#1580,#857,.T.);
#2000=EDGE_CURVE('',#1581,#1582,#858,.T.);
#2001=EDGE_CURVE('',#1568,#1581,#112,.T.);
#2002=EDGE_CURVE('',#1569,#1582,#113,.T.);
#2003=EDGE_CURVE('',#1583,#1584,#859,.T.);
#2004=EDGE_CURVE('',#1584,#1585,#860,.T.);
#2005=EDGE_CURVE('',#1586,#1585,#861,.T.);
#2006=EDGE_CURVE('',#1583,#1586,#862,.T.);
#2007=EDGE_CURVE('',#1587,#1583,#114,.T.);
#2008=EDGE_CURVE('',#1588,#1586,#115,.T.);
#2009=EDGE_CURVE('',#1587,#1588,#863,.T.);
#2010=EDGE_CURVE('',#1589,#1587,#864,.T.);
#2011=EDGE_CURVE('',#1590,#1588,#865,.T.);
#2012=EDGE_CURVE('',#1589,#1590,#866,.T.);
#2013=EDGE_CURVE('',#1591,#1589,#116,.T.);
#2014=EDGE_CURVE('',#1592,#1590,#117,.T.);
#2015=EDGE_CURVE('',#1591,#1592,#867,.T.);
#2016=EDGE_CURVE('',#1593,#1591,#868,.T.);
#2017=EDGE_CURVE('',#1594,#1592,#869,.T.);
#2018=EDGE_CURVE('',#1593,#1594,#870,.T.);
#2019=EDGE_CURVE('',#1595,#1593,#118,.T.);
#2020=EDGE_CURVE('',#1596,#1594,#119,.T.);
#2021=EDGE_CURVE('',#1595,#1596,#871,.T.);
#2022=EDGE_CURVE('',#1597,#1595,#872,.T.);
#2023=EDGE_CURVE('',#1598,#1596,#873,.T.);
#2024=EDGE_CURVE('',#1597,#1598,#874,.T.);
#2025=EDGE_CURVE('',#1584,#1597,#120,.T.);
#2026=EDGE_CURVE('',#1585,#1598,#121,.T.);
#2027=EDGE_CURVE('',#1599,#1600,#875,.T.);
#2028=EDGE_CURVE('',#1600,#1601,#876,.T.);
#2029=EDGE_CURVE('',#1602,#1601,#877,.T.);
#2030=EDGE_CURVE('',#1599,#1602,#878,.T.);
#2031=EDGE_CURVE('',#1603,#1599,#122,.T.);
#2032=EDGE_CURVE('',#1604,#1602,#123,.T.);
#2033=EDGE_CURVE('',#1603,#1604,#879,.T.);
#2034=EDGE_CURVE('',#1605,#1603,#880,.T.);
#2035=EDGE_CURVE('',#1606,#1604,#881,.T.);
#2036=EDGE_CURVE('',#1605,#1606,#882,.T.);
#2037=EDGE_CURVE('',#1607,#1605,#124,.T.);
#2038=EDGE_CURVE('',#1608,#1606,#125,.T.);
#2039=EDGE_CURVE('',#1607,#1608,#883,.T.);
#2040=EDGE_CURVE('',#1609,#1607,#884,.T.);
#2041=EDGE_CURVE('',#1610,#1608,#885,.T.);
#2042=EDGE_CURVE('',#1609,#1610,#886,.T.);
#2043=EDGE_CURVE('',#1611,#1609,#126,.T.);
#2044=EDGE_CURVE('',#1612,#1610,#127,.T.);
#2045=EDGE_CURVE('',#1611,#1612,#887,.T.);
#2046=EDGE_CURVE('',#1613,#1611,#888,.T.);
#2047=EDGE_CURVE('',#1614,#1612,#889,.T.);
#2048=EDGE_CURVE('',#1613,#1614,#890,.T.);
#2049=EDGE_CURVE('',#1600,#1613,#128,.T.);
#2050=EDGE_CURVE('',#1601,#1614,#129,.T.);
#2051=EDGE_CURVE('',#1615,#1616,#891,.T.);
#2052=EDGE_CURVE('',#1616,#1617,#892,.T.);
#2053=EDGE_CURVE('',#1618,#1617,#893,.T.);
#2054=EDGE_CURVE('',#1615,#1618,#894,.T.);
#2055=EDGE_CURVE('',#1619,#1615,#130,.T.);
#2056=EDGE_CURVE('',#1620,#1618,#131,.T.);
#2057=EDGE_CURVE('',#1619,#1620,#895,.T.);
#2058=EDGE_CURVE('',#1621,#1619,#896,.T.);
#2059=EDGE_CURVE('',#1622,#1620,#897,.T.);
#2060=EDGE_CURVE('',#1621,#1622,#898,.T.);
#2061=EDGE_CURVE('',#1623,#1621,#132,.T.);
#2062=EDGE_CURVE('',#1624,#1622,#133,.T.);
#2063=EDGE_CURVE('',#1623,#1624,#899,.T.);
#2064=EDGE_CURVE('',#1625,#1623,#900,.T.);
#2065=EDGE_CURVE('',#1626,#1624,#901,.T.);
#2066=EDGE_CURVE('',#1625,#1626,#902,.T.);
#2067=EDGE_CURVE('',#1627,#1625,#134,.T.);
#2068=EDGE_CURVE('',#1628,#1626,#135,.T.);
#2069=EDGE_CURVE('',#1627,#1628,#903,.T.);
#2070=EDGE_CURVE('',#1629,#1627,#904,.T.);
#2071=EDGE_CURVE('',#1630,#1628,#905,.T.);
#2072=EDGE_CURVE('',#1629,#1630,#906,.T.);
#2073=EDGE_CURVE('',#1616,#1629,#136,.T.);
#2074=EDGE_CURVE('',#1617,#1630,#137,.T.);
#2075=EDGE_CURVE('',#1631,#1632,#907,.T.);
#2076=EDGE_CURVE('',#1632,#1633,#908,.T.);
#2077=EDGE_CURVE('',#1634,#1633,#909,.T.);
#2078=EDGE_CURVE('',#1631,#1634,#910,.T.);
#2079=EDGE_CURVE('',#1635,#1631,#138,.T.);
#2080=EDGE_CURVE('',#1636,#1634,#139,.T.);
#2081=EDGE_CURVE('',#1635,#1636,#911,.T.);
#2082=EDGE_CURVE('',#1637,#1635,#912,.T.);
#2083=EDGE_CURVE('',#1638,#1636,#913,.T.);
#2084=EDGE_CURVE('',#1637,#1638,#914,.T.);
#2085=EDGE_CURVE('',#1639,#1637,#140,.T.);
#2086=EDGE_CURVE('',#1640,#1638,#141,.T.);
#2087=EDGE_CURVE('',#1639,#1640,#915,.T.);
#2088=EDGE_CURVE('',#1641,#1639,#916,.T.);
#2089=EDGE_CURVE('',#1642,#1640,#917,.T.);
#2090=EDGE_CURVE('',#1641,#1642,#918,.T.);
#2091=EDGE_CURVE('',#1643,#1641,#142,.T.);
#2092=EDGE_CURVE('',#1644,#1642,#143,.T.);
#2093=EDGE_CURVE('',#1643,#1644,#919,.T.);
#2094=EDGE_CURVE('',#1645,#1643,#920,.T.);
#2095=EDGE_CURVE('',#1646,#1644,#921,.T.);
#2096=EDGE_CURVE('',#1645,#1646,#922,.T.);
#2097=EDGE_CURVE('',#1632,#1645,#144,.T.);
#2098=EDGE_CURVE('',#1633,#1646,#145,.T.);
#2099=EDGE_CURVE('',#1647,#1648,#923,.T.);
#2100=EDGE_CURVE('',#1648,#1649,#924,.T.);
#2101=EDGE_CURVE('',#1650,#1649,#925,.T.);
#2102=EDGE_CURVE('',#1647,#1650,#926,.T.);
#2103=EDGE_CURVE('',#1651,#1647,#146,.T.);
#2104=EDGE_CURVE('',#1652,#1650,#147,.T.);
#2105=EDGE_CURVE('',#1651,#1652,#927,.T.);
#2106=EDGE_CURVE('',#1653,#1651,#928,.T.);
#2107=EDGE_CURVE('',#1654,#1652,#929,.T.);
#2108=EDGE_CURVE('',#1653,#1654,#930,.T.);
#2109=EDGE_CURVE('',#1655,#1653,#148,.T.);
#2110=EDGE_CURVE('',#1656,#1654,#149,.T.);
#2111=EDGE_CURVE('',#1655,#1656,#931,.T.);
#2112=EDGE_CURVE('',#1657,#1655,#932,.T.);
#2113=EDGE_CURVE('',#1658,#1656,#933,.T.);
#2114=EDGE_CURVE('',#1657,#1658,#934,.T.);
#2115=EDGE_CURVE('',#1659,#1657,#150,.T.);
#2116=EDGE_CURVE('',#1660,#1658,#151,.T.);
#2117=EDGE_CURVE('',#1659,#1660,#935,.T.);
#2118=EDGE_CURVE('',#1661,#1659,#936,.T.);
#2119=EDGE_CURVE('',#1662,#1660,#937,.T.);
#2120=EDGE_CURVE('',#1661,#1662,#938,.T.);
#2121=EDGE_CURVE('',#1648,#1661,#152,.T.);
#2122=EDGE_CURVE('',#1649,#1662,#153,.T.);
#2123=EDGE_CURVE('',#1663,#1664,#939,.T.);
#2124=EDGE_CURVE('',#1664,#1665,#940,.T.);
#2125=EDGE_CURVE('',#1666,#1665,#941,.T.);
#2126=EDGE_CURVE('',#1663,#1666,#942,.T.);
#2127=EDGE_CURVE('',#1667,#1663,#154,.T.);
#2128=EDGE_CURVE('',#1668,#1666,#155,.T.);
#2129=EDGE_CURVE('',#1667,#1668,#943,.T.);
#2130=EDGE_CURVE('',#1669,#1667,#944,.T.);
#2131=EDGE_CURVE('',#1670,#1668,#945,.T.);
#2132=EDGE_CURVE('',#1669,#1670,#946,.T.);
#2133=EDGE_CURVE('',#1671,#1669,#156,.T.);
#2134=EDGE_CURVE('',#1672,#1670,#157,.T.);
#2135=EDGE_CURVE('',#1671,#1672,#947,.T.);
#2136=EDGE_CURVE('',#1673,#1671,#948,.T.);
#2137=EDGE_CURVE('',#1674,#1672,#949,.T.);
#2138=EDGE_CURVE('',#1673,#1674,#950,.T.);
#2139=EDGE_CURVE('',#1675,#1673,#158,.T.);
#2140=EDGE_CURVE('',#1676,#1674,#159,.T.);
#2141=EDGE_CURVE('',#1675,#1676,#951,.T.);
#2142=EDGE_CURVE('',#1677,#1675,#952,.T.);
#2143=EDGE_CURVE('',#1678,#1676,#953,.T.);
#2144=EDGE_CURVE('',#1677,#1678,#954,.T.);
#2145=EDGE_CURVE('',#1664,#1677,#160,.T.);
#2146=EDGE_CURVE('',#1665,#1678,#161,.T.);
#2147=EDGE_CURVE('',#1679,#1680,#955,.T.);
#2148=EDGE_CURVE('',#1680,#1681,#956,.T.);
#2149=EDGE_CURVE('',#1682,#1681,#957,.T.);
#2150=EDGE_CURVE('',#1679,#1682,#958,.T.);
#2151=EDGE_CURVE('',#1683,#1679,#162,.T.);
#2152=EDGE_CURVE('',#1684,#1682,#163,.T.);
#2153=EDGE_CURVE('',#1683,#1684,#959,.T.);
#2154=EDGE_CURVE('',#1685,#1683,#960,.T.);
#2155=EDGE_CURVE('',#1686,#1684,#961,.T.);
#2156=EDGE_CURVE('',#1685,#1686,#962,.T.);
#2157=EDGE_CURVE('',#1687,#1685,#164,.T.);
#2158=EDGE_CURVE('',#1688,#1686,#165,.T.);
#2159=EDGE_CURVE('',#1687,#1688,#963,.T.);
#2160=EDGE_CURVE('',#1689,#1687,#964,.T.);
#2161=EDGE_CURVE('',#1690,#1688,#965,.T.);
#2162=EDGE_CURVE('',#1689,#1690,#966,.T.);
#2163=EDGE_CURVE('',#1691,#1689,#166,.T.);
#2164=EDGE_CURVE('',#1692,#1690,#167,.T.);
#2165=EDGE_CURVE('',#1691,#1692,#967,.T.);
#2166=EDGE_CURVE('',#1693,#1691,#968,.T.);
#2167=EDGE_CURVE('',#1694,#1692,#969,.T.);
#2168=EDGE_CURVE('',#1693,#1694,#970,.T.);
#2169=EDGE_CURVE('',#1680,#1693,#168,.T.);
#2170=EDGE_CURVE('',#1681,#1694,#169,.T.);
#2171=EDGE_CURVE('',#1695,#1696,#971,.T.);
#2172=EDGE_CURVE('',#1696,#1697,#972,.T.);
#2173=EDGE_CURVE('',#1698,#1697,#973,.T.);
#2174=EDGE_CURVE('',#1695,#1698,#974,.T.);
#2175=EDGE_CURVE('',#1699,#1695,#170,.T.);
#2176=EDGE_CURVE('',#1700,#1698,#171,.T.);
#2177=EDGE_CURVE('',#1699,#1700,#975,.T.);
#2178=EDGE_CURVE('',#1701,#1699,#976,.T.);
#2179=EDGE_CURVE('',#1702,#1700,#977,.T.);
#2180=EDGE_CURVE('',#1701,#1702,#978,.T.);
#2181=EDGE_CURVE('',#1703,#1701,#172,.T.);
#2182=EDGE_CURVE('',#1704,#1702,#173,.T.);
#2183=EDGE_CURVE('',#1703,#1704,#979,.T.);
#2184=EDGE_CURVE('',#1705,#1703,#980,.T.);
#2185=EDGE_CURVE('',#1706,#1704,#981,.T.);
#2186=EDGE_CURVE('',#1705,#1706,#982,.T.);
#2187=EDGE_CURVE('',#1707,#1705,#174,.T.);
#2188=EDGE_CURVE('',#1708,#1706,#175,.T.);
#2189=EDGE_CURVE('',#1707,#1708,#983,.T.);
#2190=EDGE_CURVE('',#1709,#1707,#984,.T.);
#2191=EDGE_CURVE('',#1710,#1708,#985,.T.);
#2192=EDGE_CURVE('',#1709,#1710,#986,.T.);
#2193=EDGE_CURVE('',#1696,#1709,#176,.T.);
#2194=EDGE_CURVE('',#1697,#1710,#177,.T.);
#2195=EDGE_CURVE('',#1711,#1712,#987,.T.);
#2196=EDGE_CURVE('',#1712,#1713,#988,.T.);
#2197=EDGE_CURVE('',#1714,#1713,#989,.T.);
#2198=EDGE_CURVE('',#1711,#1714,#990,.T.);
#2199=EDGE_CURVE('',#1715,#1711,#178,.T.);
#2200=EDGE_CURVE('',#1716,#1714,#179,.T.);
#2201=EDGE_CURVE('',#1715,#1716,#991,.T.);
#2202=EDGE_CURVE('',#1717,#1715,#992,.T.);
#2203=EDGE_CURVE('',#1718,#1716,#993,.T.);
#2204=EDGE_CURVE('',#1717,#1718,#994,.T.);
#2205=EDGE_CURVE('',#1719,#1717,#180,.T.);
#2206=EDGE_CURVE('',#1720,#1718,#181,.T.);
#2207=EDGE_CURVE('',#1719,#1720,#995,.T.);
#2208=EDGE_CURVE('',#1721,#1719,#996,.T.);
#2209=EDGE_CURVE('',#1722,#1720,#997,.T.);
#2210=EDGE_CURVE('',#1721,#1722,#998,.T.);
#2211=EDGE_CURVE('',#1723,#1721,#182,.T.);
#2212=EDGE_CURVE('',#1724,#1722,#183,.T.);
#2213=EDGE_CURVE('',#1723,#1724,#999,.T.);
#2214=EDGE_CURVE('',#1725,#1723,#1000,.T.);
#2215=EDGE_CURVE('',#1726,#1724,#1001,.T.);
#2216=EDGE_CURVE('',#1725,#1726,#1002,.T.);
#2217=EDGE_CURVE('',#1712,#1725,#184,.T.);
#2218=EDGE_CURVE('',#1713,#1726,#185,.T.);
#2219=EDGE_CURVE('',#1727,#1728,#1003,.T.);
#2220=EDGE_CURVE('',#1728,#1729,#1004,.T.);
#2221=EDGE_CURVE('',#1730,#1729,#1005,.T.);
#2222=EDGE_CURVE('',#1727,#1730,#1006,.T.);
#2223=EDGE_CURVE('',#1731,#1727,#186,.T.);
#2224=EDGE_CURVE('',#1732,#1730,#187,.T.);
#2225=EDGE_CURVE('',#1731,#1732,#1007,.T.);
#2226=EDGE_CURVE('',#1733,#1731,#1008,.T.);
#2227=EDGE_CURVE('',#1734,#1732,#1009,.T.);
#2228=EDGE_CURVE('',#1733,#1734,#1010,.T.);
#2229=EDGE_CURVE('',#1735,#1733,#188,.T.);
#2230=EDGE_CURVE('',#1736,#1734,#189,.T.);
#2231=EDGE_CURVE('',#1735,#1736,#1011,.T.);
#2232=EDGE_CURVE('',#1737,#1735,#1012,.T.);
#2233=EDGE_CURVE('',#1738,#1736,#1013,.T.);
#2234=EDGE_CURVE('',#1737,#1738,#1014,.T.);
#2235=EDGE_CURVE('',#1739,#1737,#190,.T.);
#2236=EDGE_CURVE('',#1740,#1738,#191,.T.);
#2237=EDGE_CURVE('',#1739,#1740,#1015,.T.);
#2238=EDGE_CURVE('',#1741,#1739,#1016,.T.);
#2239=EDGE_CURVE('',#1742,#1740,#1017,.T.);
#2240=EDGE_CURVE('',#1741,#1742,#1018,.T.);
#2241=EDGE_CURVE('',#1728,#1741,#192,.T.);
#2242=EDGE_CURVE('',#1729,#1742,#193,.T.);
#2243=EDGE_CURVE('',#1743,#1744,#1019,.T.);
#2244=EDGE_CURVE('',#1744,#1745,#1020,.T.);
#2245=EDGE_CURVE('',#1746,#1745,#1021,.T.);
#2246=EDGE_CURVE('',#1743,#1746,#1022,.T.);
#2247=EDGE_CURVE('',#1747,#1743,#194,.T.);
#2248=EDGE_CURVE('',#1748,#1746,#195,.T.);
#2249=EDGE_CURVE('',#1747,#1748,#1023,.T.);
#2250=EDGE_CURVE('',#1749,#1747,#1024,.T.);
#2251=EDGE_CURVE('',#1750,#1748,#1025,.T.);
#2252=EDGE_CURVE('',#1749,#1750,#1026,.T.);
#2253=EDGE_CURVE('',#1751,#1749,#196,.T.);
#2254=EDGE_CURVE('',#1752,#1750,#197,.T.);
#2255=EDGE_CURVE('',#1751,#1752,#1027,.T.);
#2256=EDGE_CURVE('',#1753,#1751,#1028,.T.);
#2257=EDGE_CURVE('',#1754,#1752,#1029,.T.);
#2258=EDGE_CURVE('',#1753,#1754,#1030,.T.);
#2259=EDGE_CURVE('',#1755,#1753,#198,.T.);
#2260=EDGE_CURVE('',#1756,#1754,#199,.T.);
#2261=EDGE_CURVE('',#1755,#1756,#1031,.T.);
#2262=EDGE_CURVE('',#1757,#1755,#1032,.T.);
#2263=EDGE_CURVE('',#1758,#1756,#1033,.T.);
#2264=EDGE_CURVE('',#1757,#1758,#1034,.T.);
#2265=EDGE_CURVE('',#1744,#1757,#200,.T.);
#2266=EDGE_CURVE('',#1745,#1758,#201,.T.);
#2267=EDGE_CURVE('',#1759,#1760,#1035,.T.);
#2268=EDGE_CURVE('',#1760,#1761,#1036,.T.);
#2269=EDGE_CURVE('',#1762,#1761,#1037,.T.);
#2270=EDGE_CURVE('',#1759,#1762,#1038,.T.);
#2271=EDGE_CURVE('',#1763,#1759,#202,.T.);
#2272=EDGE_CURVE('',#1764,#1762,#203,.T.);
#2273=EDGE_CURVE('',#1763,#1764,#1039,.T.);
#2274=EDGE_CURVE('',#1765,#1763,#1040,.T.);
#2275=EDGE_CURVE('',#1766,#1764,#1041,.T.);
#2276=EDGE_CURVE('',#1765,#1766,#1042,.T.);
#2277=EDGE_CURVE('',#1767,#1765,#204,.T.);
#2278=EDGE_CURVE('',#1768,#1766,#205,.T.);
#2279=EDGE_CURVE('',#1767,#1768,#1043,.T.);
#2280=EDGE_CURVE('',#1769,#1767,#1044,.T.);
#2281=EDGE_CURVE('',#1770,#1768,#1045,.T.);
#2282=EDGE_CURVE('',#1769,#1770,#1046,.T.);
#2283=EDGE_CURVE('',#1771,#1769,#206,.T.);
#2284=EDGE_CURVE('',#1772,#1770,#207,.T.);
#2285=EDGE_CURVE('',#1771,#1772,#1047,.T.);
#2286=EDGE_CURVE('',#1773,#1771,#1048,.T.);
#2287=EDGE_CURVE('',#1774,#1772,#1049,.T.);
#2288=EDGE_CURVE('',#1773,#1774,#1050,.T.);
#2289=EDGE_CURVE('',#1760,#1773,#208,.T.);
#2290=EDGE_CURVE('',#1761,#1774,#209,.T.);
#2291=EDGE_CURVE('',#1775,#1776,#1051,.T.);
#2292=EDGE_CURVE('',#1776,#1777,#1052,.T.);
#2293=EDGE_CURVE('',#1778,#1777,#1053,.T.);
#2294=EDGE_CURVE('',#1775,#1778,#1054,.T.);
#2295=EDGE_CURVE('',#1779,#1775,#210,.T.);
#2296=EDGE_CURVE('',#1780,#1778,#211,.T.);
#2297=EDGE_CURVE('',#1779,#1780,#1055,.T.);
#2298=EDGE_CURVE('',#1781,#1779,#1056,.T.);
#2299=EDGE_CURVE('',#1782,#1780,#1057,.T.);
#2300=EDGE_CURVE('',#1781,#1782,#1058,.T.);
#2301=EDGE_CURVE('',#1783,#1781,#212,.T.);
#2302=EDGE_CURVE('',#1784,#1782,#213,.T.);
#2303=EDGE_CURVE('',#1783,#1784,#1059,.T.);
#2304=EDGE_CURVE('',#1785,#1783,#1060,.T.);
#2305=EDGE_CURVE('',#1786,#1784,#1061,.T.);
#2306=EDGE_CURVE('',#1785,#1786,#1062,.T.);
#2307=EDGE_CURVE('',#1787,#1785,#214,.T.);
#2308=EDGE_CURVE('',#1788,#1786,#215,.T.);
#2309=EDGE_CURVE('',#1787,#1788,#1063,.T.);
#2310=EDGE_CURVE('',#1789,#1787,#1064,.T.);
#2311=EDGE_CURVE('',#1790,#1788,#1065,.T.);
#2312=EDGE_CURVE('',#1789,#1790,#1066,.T.);
#2313=EDGE_CURVE('',#1776,#1789,#216,.T.);
#2314=EDGE_CURVE('',#1777,#1790,#217,.T.);
#2315=EDGE_CURVE('',#1791,#1792,#1067,.T.);
#2316=EDGE_CURVE('',#1791,#1793,#1068,.T.);
#2317=EDGE_CURVE('',#1794,#1793,#1069,.T.);
#2318=EDGE_CURVE('',#1792,#1794,#1070,.T.);
#2319=EDGE_CURVE('',#1795,#1792,#218,.T.);
#2320=EDGE_CURVE('',#1796,#1794,#219,.T.);
#2321=EDGE_CURVE('',#1795,#1796,#1071,.T.);
#2322=EDGE_CURVE('',#1795,#1797,#1072,.T.);
#2323=EDGE_CURVE('',#1798,#1796,#1073,.T.);
#2324=EDGE_CURVE('',#1797,#1798,#1074,.T.);
#2325=EDGE_CURVE('',#1799,#1797,#220,.T.);
#2326=EDGE_CURVE('',#1800,#1798,#221,.T.);
#2327=EDGE_CURVE('',#1799,#1800,#1075,.T.);
#2328=EDGE_CURVE('',#1799,#1801,#1076,.T.);
#2329=EDGE_CURVE('',#1802,#1800,#1077,.T.);
#2330=EDGE_CURVE('',#1801,#1802,#1078,.T.);
#2331=EDGE_CURVE('',#1803,#1801,#222,.T.);
#2332=EDGE_CURVE('',#1804,#1802,#223,.T.);
#2333=EDGE_CURVE('',#1803,#1804,#1079,.T.);
#2334=EDGE_CURVE('',#1803,#1805,#1080,.T.);
#2335=EDGE_CURVE('',#1806,#1804,#1081,.T.);
#2336=EDGE_CURVE('',#1805,#1806,#1082,.T.);
#2337=EDGE_CURVE('',#1791,#1805,#224,.T.);
#2338=EDGE_CURVE('',#1793,#1806,#225,.T.);
#2339=EDGE_CURVE('',#1807,#1808,#1083,.T.);
#2340=EDGE_CURVE('',#1808,#1809,#1084,.T.);
#2341=EDGE_CURVE('',#1810,#1809,#1085,.T.);
#2342=EDGE_CURVE('',#1807,#1810,#1086,.T.);
#2343=EDGE_CURVE('',#1807,#1811,#226,.T.);
#2344=EDGE_CURVE('',#1812,#1810,#227,.T.);
#2345=EDGE_CURVE('',#1811,#1812,#1087,.T.);
#2346=EDGE_CURVE('',#1813,#1811,#1088,.T.);
#2347=EDGE_CURVE('',#1814,#1812,#1089,.T.);
#2348=EDGE_CURVE('',#1813,#1814,#1090,.T.);
#2349=EDGE_CURVE('',#1813,#1815,#228,.T.);
#2350=EDGE_CURVE('',#1816,#1814,#229,.T.);
#2351=EDGE_CURVE('',#1815,#1816,#1091,.T.);
#2352=EDGE_CURVE('',#1817,#1815,#1092,.T.);
#2353=EDGE_CURVE('',#1818,#1816,#1093,.T.);
#2354=EDGE_CURVE('',#1817,#1818,#1094,.T.);
#2355=EDGE_CURVE('',#1817,#1819,#230,.T.);
#2356=EDGE_CURVE('',#1820,#1818,#231,.T.);
#2357=EDGE_CURVE('',#1819,#1820,#1095,.T.);
#2358=EDGE_CURVE('',#1821,#1819,#1096,.T.);
#2359=EDGE_CURVE('',#1822,#1820,#1097,.T.);
#2360=EDGE_CURVE('',#1821,#1822,#1098,.T.);
#2361=EDGE_CURVE('',#1821,#1808,#232,.T.);
#2362=EDGE_CURVE('',#1809,#1822,#233,.T.);
#2363=ORIENTED_EDGE('',*,*,#1823,.F.);
#2364=ORIENTED_EDGE('',*,*,#1824,.F.);
#2365=ORIENTED_EDGE('',*,*,#1825,.F.);
#2366=ORIENTED_EDGE('',*,*,#1826,.T.);
#2367=ORIENTED_EDGE('',*,*,#1827,.F.);
#2368=ORIENTED_EDGE('',*,*,#1826,.F.);
#2369=ORIENTED_EDGE('',*,*,#1828,.F.);
#2370=ORIENTED_EDGE('',*,*,#1829,.T.);
#2371=ORIENTED_EDGE('',*,*,#1830,.F.);
#2372=ORIENTED_EDGE('',*,*,#1829,.F.);
#2373=ORIENTED_EDGE('',*,*,#1831,.F.);
#2374=ORIENTED_EDGE('',*,*,#1832,.T.);
#2375=ORIENTED_EDGE('',*,*,#1833,.F.);
#2376=ORIENTED_EDGE('',*,*,#1832,.F.);
#2377=ORIENTED_EDGE('',*,*,#1834,.F.);
#2378=ORIENTED_EDGE('',*,*,#1835,.T.);
#2379=ORIENTED_EDGE('',*,*,#1836,.F.);
#2380=ORIENTED_EDGE('',*,*,#1835,.F.);
#2381=ORIENTED_EDGE('',*,*,#1837,.F.);
#2382=ORIENTED_EDGE('',*,*,#1838,.T.);
#2383=ORIENTED_EDGE('',*,*,#1839,.F.);
#2384=ORIENTED_EDGE('',*,*,#1838,.F.);
#2385=ORIENTED_EDGE('',*,*,#1840,.F.);
#2386=ORIENTED_EDGE('',*,*,#1841,.T.);
#2387=ORIENTED_EDGE('',*,*,#1842,.F.);
#2388=ORIENTED_EDGE('',*,*,#1841,.F.);
#2389=ORIENTED_EDGE('',*,*,#1843,.F.);
#2390=ORIENTED_EDGE('',*,*,#1844,.T.);
#2391=ORIENTED_EDGE('',*,*,#1845,.F.);
#2392=ORIENTED_EDGE('',*,*,#1844,.F.);
#2393=ORIENTED_EDGE('',*,*,#1846,.F.);
#2394=ORIENTED_EDGE('',*,*,#1824,.T.);
#2395=ORIENTED_EDGE('',*,*,#1847,.F.);
#2396=ORIENTED_EDGE('',*,*,#1848,.T.);
#2397=ORIENTED_EDGE('',*,*,#1849,.F.);
#2398=ORIENTED_EDGE('',*,*,#1850,.F.);
#2399=ORIENTED_EDGE('',*,*,#1851,.F.);
#2400=ORIENTED_EDGE('',*,*,#1852,.T.);
#2401=ORIENTED_EDGE('',*,*,#1853,.F.);
#2402=ORIENTED_EDGE('',*,*,#1848,.F.);
#2403=ORIENTED_EDGE('',*,*,#1854,.F.);
#2404=ORIENTED_EDGE('',*,*,#1850,.T.);
#2405=ORIENTED_EDGE('',*,*,#1855,.F.);
#2406=ORIENTED_EDGE('',*,*,#1856,.F.);
#2407=ORIENTED_EDGE('',*,*,#1836,.T.);
#2408=ORIENTED_EDGE('',*,*,#1839,.T.);
#2409=ORIENTED_EDGE('',*,*,#1842,.T.);
#2410=ORIENTED_EDGE('',*,*,#1845,.T.);
#2411=ORIENTED_EDGE('',*,*,#1823,.T.);
#2412=ORIENTED_EDGE('',*,*,#1827,.T.);
#2413=ORIENTED_EDGE('',*,*,#1830,.T.);
#2414=ORIENTED_EDGE('',*,*,#1833,.T.);
#2415=ORIENTED_EDGE('',*,*,#1857,.F.);
#2416=ORIENTED_EDGE('',*,*,#1856,.T.);
#2417=ORIENTED_EDGE('',*,*,#1858,.F.);
#2418=ORIENTED_EDGE('',*,*,#1852,.F.);
#2419=ORIENTED_EDGE('',*,*,#1859,.T.);
#2420=ORIENTED_EDGE('',*,*,#1860,.T.);
#2421=ORIENTED_EDGE('',*,*,#1861,.T.);
#2422=ORIENTED_EDGE('',*,*,#1862,.T.);
#2423=ORIENTED_EDGE('',*,*,#1863,.T.);
#2424=ORIENTED_EDGE('',*,*,#1864,.T.);
#2425=ORIENTED_EDGE('',*,*,#1865,.T.);
#2426=ORIENTED_EDGE('',*,*,#1866,.T.);
#2427=ORIENTED_EDGE('',*,*,#1858,.T.);
#2428=ORIENTED_EDGE('',*,*,#1855,.T.);
#2429=ORIENTED_EDGE('',*,*,#1849,.T.);
#2430=ORIENTED_EDGE('',*,*,#1853,.T.);
#2431=ORIENTED_EDGE('',*,*,#1867,.F.);
#2432=ORIENTED_EDGE('',*,*,#1868,.T.);
#2433=ORIENTED_EDGE('',*,*,#1866,.F.);
#2434=ORIENTED_EDGE('',*,*,#1869,.F.);
#2435=ORIENTED_EDGE('',*,*,#1837,.T.);
#2436=ORIENTED_EDGE('',*,*,#1834,.T.);
#2437=ORIENTED_EDGE('',*,*,#1831,.T.);
#2438=ORIENTED_EDGE('',*,*,#1828,.T.);
#2439=ORIENTED_EDGE('',*,*,#1825,.T.);
#2440=ORIENTED_EDGE('',*,*,#1846,.T.);
#2441=ORIENTED_EDGE('',*,*,#1843,.T.);
#2442=ORIENTED_EDGE('',*,*,#1840,.T.);
#2443=ORIENTED_EDGE('',*,*,#1870,.T.);
#2444=ORIENTED_EDGE('',*,*,#1869,.T.);
#2445=ORIENTED_EDGE('',*,*,#1865,.F.);
#2446=ORIENTED_EDGE('',*,*,#1871,.F.);
#2447=ORIENTED_EDGE('',*,*,#1872,.F.);
#2448=ORIENTED_EDGE('',*,*,#1871,.T.);
#2449=ORIENTED_EDGE('',*,*,#1864,.F.);
#2450=ORIENTED_EDGE('',*,*,#1873,.F.);
#2451=ORIENTED_EDGE('',*,*,#1874,.T.);
#2452=ORIENTED_EDGE('',*,*,#1873,.T.);
#2453=ORIENTED_EDGE('',*,*,#1863,.F.);
#2454=ORIENTED_EDGE('',*,*,#1875,.F.);
#2455=ORIENTED_EDGE('',*,*,#1876,.F.);
#2456=ORIENTED_EDGE('',*,*,#1875,.T.);
#2457=ORIENTED_EDGE('',*,*,#1862,.F.);
#2458=ORIENTED_EDGE('',*,*,#1877,.F.);
#2459=ORIENTED_EDGE('',*,*,#1878,.T.);
#2460=ORIENTED_EDGE('',*,*,#1877,.T.);
#2461=ORIENTED_EDGE('',*,*,#1861,.F.);
#2462=ORIENTED_EDGE('',*,*,#1879,.F.);
#2463=ORIENTED_EDGE('',*,*,#1880,.F.);
#2464=ORIENTED_EDGE('',*,*,#1879,.T.);
#2465=ORIENTED_EDGE('',*,*,#1860,.F.);
#2466=ORIENTED_EDGE('',*,*,#1881,.F.);
#2467=ORIENTED_EDGE('',*,*,#1882,.T.);
#2468=ORIENTED_EDGE('',*,*,#1881,.T.);
#2469=ORIENTED_EDGE('',*,*,#1859,.F.);
#2470=ORIENTED_EDGE('',*,*,#1868,.F.);
#2471=ORIENTED_EDGE('',*,*,#1851,.T.);
#2472=ORIENTED_EDGE('',*,*,#1847,.T.);
#2473=ORIENTED_EDGE('',*,*,#1854,.T.);
#2474=ORIENTED_EDGE('',*,*,#1857,.T.);
#2475=ORIENTED_EDGE('',*,*,#1882,.F.);
#2476=ORIENTED_EDGE('',*,*,#1867,.T.);
#2477=ORIENTED_EDGE('',*,*,#1870,.F.);
#2478=ORIENTED_EDGE('',*,*,#1872,.T.);
#2479=ORIENTED_EDGE('',*,*,#1874,.F.);
#2480=ORIENTED_EDGE('',*,*,#1876,.T.);
#2481=ORIENTED_EDGE('',*,*,#1878,.F.);
#2482=ORIENTED_EDGE('',*,*,#1880,.T.);
#2483=ORIENTED_EDGE('',*,*,#1883,.F.);
#2484=ORIENTED_EDGE('',*,*,#1884,.T.);
#2485=ORIENTED_EDGE('',*,*,#1885,.F.);
#2486=ORIENTED_EDGE('',*,*,#1886,.F.);
#2487=ORIENTED_EDGE('',*,*,#1887,.F.);
#2488=ORIENTED_EDGE('',*,*,#1888,.T.);
#2489=ORIENTED_EDGE('',*,*,#1889,.F.);
#2490=ORIENTED_EDGE('',*,*,#1884,.F.);
#2491=ORIENTED_EDGE('',*,*,#1890,.F.);
#2492=ORIENTED_EDGE('',*,*,#1891,.T.);
#2493=ORIENTED_EDGE('',*,*,#1892,.F.);
#2494=ORIENTED_EDGE('',*,*,#1888,.F.);
#2495=ORIENTED_EDGE('',*,*,#1893,.F.);
#2496=ORIENTED_EDGE('',*,*,#1894,.T.);
#2497=ORIENTED_EDGE('',*,*,#1895,.F.);
#2498=ORIENTED_EDGE('',*,*,#1891,.F.);
#2499=ORIENTED_EDGE('',*,*,#1896,.F.);
#2500=ORIENTED_EDGE('',*,*,#1897,.T.);
#2501=ORIENTED_EDGE('',*,*,#1898,.F.);
#2502=ORIENTED_EDGE('',*,*,#1894,.F.);
#2503=ORIENTED_EDGE('',*,*,#1899,.F.);
#2504=ORIENTED_EDGE('',*,*,#1900,.T.);
#2505=ORIENTED_EDGE('',*,*,#1901,.F.);
#2506=ORIENTED_EDGE('',*,*,#1897,.F.);
#2507=ORIENTED_EDGE('',*,*,#1902,.F.);
#2508=ORIENTED_EDGE('',*,*,#1903,.T.);
#2509=ORIENTED_EDGE('',*,*,#1904,.F.);
#2510=ORIENTED_EDGE('',*,*,#1900,.F.);
#2511=ORIENTED_EDGE('',*,*,#1905,.F.);
#2512=ORIENTED_EDGE('',*,*,#1886,.T.);
#2513=ORIENTED_EDGE('',*,*,#1906,.F.);
#2514=ORIENTED_EDGE('',*,*,#1903,.F.);
#2515=ORIENTED_EDGE('',*,*,#1907,.T.);
#2516=ORIENTED_EDGE('',*,*,#1908,.T.);
#2517=ORIENTED_EDGE('',*,*,#1909,.F.);
#2518=ORIENTED_EDGE('',*,*,#1910,.F.);
#2519=ORIENTED_EDGE('',*,*,#1911,.T.);
#2520=ORIENTED_EDGE('',*,*,#1910,.T.);
#2521=ORIENTED_EDGE('',*,*,#1912,.F.);
#2522=ORIENTED_EDGE('',*,*,#1913,.F.);
#2523=ORIENTED_EDGE('',*,*,#1914,.T.);
#2524=ORIENTED_EDGE('',*,*,#1913,.T.);
#2525=ORIENTED_EDGE('',*,*,#1915,.F.);
#2526=ORIENTED_EDGE('',*,*,#1916,.F.);
#2527=ORIENTED_EDGE('',*,*,#1917,.T.);
#2528=ORIENTED_EDGE('',*,*,#1916,.T.);
#2529=ORIENTED_EDGE('',*,*,#1918,.F.);
#2530=ORIENTED_EDGE('',*,*,#1919,.F.);
#2531=ORIENTED_EDGE('',*,*,#1920,.T.);
#2532=ORIENTED_EDGE('',*,*,#1919,.T.);
#2533=ORIENTED_EDGE('',*,*,#1921,.F.);
#2534=ORIENTED_EDGE('',*,*,#1922,.F.);
#2535=ORIENTED_EDGE('',*,*,#1923,.T.);
#2536=ORIENTED_EDGE('',*,*,#1922,.T.);
#2537=ORIENTED_EDGE('',*,*,#1924,.F.);
#2538=ORIENTED_EDGE('',*,*,#1925,.F.);
#2539=ORIENTED_EDGE('',*,*,#1926,.T.);
#2540=ORIENTED_EDGE('',*,*,#1925,.T.);
#2541=ORIENTED_EDGE('',*,*,#1927,.F.);
#2542=ORIENTED_EDGE('',*,*,#1928,.F.);
#2543=ORIENTED_EDGE('',*,*,#1929,.T.);
#2544=ORIENTED_EDGE('',*,*,#1928,.T.);
#2545=ORIENTED_EDGE('',*,*,#1930,.F.);
#2546=ORIENTED_EDGE('',*,*,#1908,.F.);
#2547=ORIENTED_EDGE('',*,*,#1931,.T.);
#2548=ORIENTED_EDGE('',*,*,#1932,.T.);
#2549=ORIENTED_EDGE('',*,*,#1933,.F.);
#2550=ORIENTED_EDGE('',*,*,#1934,.F.);
#2551=ORIENTED_EDGE('',*,*,#1935,.T.);
#2552=ORIENTED_EDGE('',*,*,#1934,.T.);
#2553=ORIENTED_EDGE('',*,*,#1936,.F.);
#2554=ORIENTED_EDGE('',*,*,#1937,.F.);
#2555=ORIENTED_EDGE('',*,*,#1938,.T.);
#2556=ORIENTED_EDGE('',*,*,#1937,.T.);
#2557=ORIENTED_EDGE('',*,*,#1939,.F.);
#2558=ORIENTED_EDGE('',*,*,#1940,.F.);
#2559=ORIENTED_EDGE('',*,*,#1941,.T.);
#2560=ORIENTED_EDGE('',*,*,#1940,.T.);
#2561=ORIENTED_EDGE('',*,*,#1942,.F.);
#2562=ORIENTED_EDGE('',*,*,#1943,.F.);
#2563=ORIENTED_EDGE('',*,*,#1944,.T.);
#2564=ORIENTED_EDGE('',*,*,#1943,.T.);
#2565=ORIENTED_EDGE('',*,*,#1945,.F.);
#2566=ORIENTED_EDGE('',*,*,#1946,.F.);
#2567=ORIENTED_EDGE('',*,*,#1947,.T.);
#2568=ORIENTED_EDGE('',*,*,#1946,.T.);
#2569=ORIENTED_EDGE('',*,*,#1948,.F.);
#2570=ORIENTED_EDGE('',*,*,#1949,.F.);
#2571=ORIENTED_EDGE('',*,*,#1950,.T.);
#2572=ORIENTED_EDGE('',*,*,#1949,.T.);
#2573=ORIENTED_EDGE('',*,*,#1951,.F.);
#2574=ORIENTED_EDGE('',*,*,#1952,.F.);
#2575=ORIENTED_EDGE('',*,*,#1953,.T.);
#2576=ORIENTED_EDGE('',*,*,#1952,.T.);
#2577=ORIENTED_EDGE('',*,*,#1954,.F.);
#2578=ORIENTED_EDGE('',*,*,#1932,.F.);
#2579=ORIENTED_EDGE('',*,*,#1955,.T.);
#2580=ORIENTED_EDGE('',*,*,#1956,.T.);
#2581=ORIENTED_EDGE('',*,*,#1957,.F.);
#2582=ORIENTED_EDGE('',*,*,#1958,.F.);
#2583=ORIENTED_EDGE('',*,*,#1959,.T.);
#2584=ORIENTED_EDGE('',*,*,#1958,.T.);
#2585=ORIENTED_EDGE('',*,*,#1960,.F.);
#2586=ORIENTED_EDGE('',*,*,#1961,.F.);
#2587=ORIENTED_EDGE('',*,*,#1962,.T.);
#2588=ORIENTED_EDGE('',*,*,#1961,.T.);
#2589=ORIENTED_EDGE('',*,*,#1963,.F.);
#2590=ORIENTED_EDGE('',*,*,#1964,.F.);
#2591=ORIENTED_EDGE('',*,*,#1965,.T.);
#2592=ORIENTED_EDGE('',*,*,#1964,.T.);
#2593=ORIENTED_EDGE('',*,*,#1966,.F.);
#2594=ORIENTED_EDGE('',*,*,#1967,.F.);
#2595=ORIENTED_EDGE('',*,*,#1968,.T.);
#2596=ORIENTED_EDGE('',*,*,#1967,.T.);
#2597=ORIENTED_EDGE('',*,*,#1969,.F.);
#2598=ORIENTED_EDGE('',*,*,#1970,.F.);
#2599=ORIENTED_EDGE('',*,*,#1971,.T.);
#2600=ORIENTED_EDGE('',*,*,#1970,.T.);
#2601=ORIENTED_EDGE('',*,*,#1972,.F.);
#2602=ORIENTED_EDGE('',*,*,#1973,.F.);
#2603=ORIENTED_EDGE('',*,*,#1974,.T.);
#2604=ORIENTED_EDGE('',*,*,#1973,.T.);
#2605=ORIENTED_EDGE('',*,*,#1975,.F.);
#2606=ORIENTED_EDGE('',*,*,#1976,.F.);
#2607=ORIENTED_EDGE('',*,*,#1977,.T.);
#2608=ORIENTED_EDGE('',*,*,#1976,.T.);
#2609=ORIENTED_EDGE('',*,*,#1978,.F.);
#2610=ORIENTED_EDGE('',*,*,#1956,.F.);
#2611=ORIENTED_EDGE('',*,*,#1979,.T.);
#2612=ORIENTED_EDGE('',*,*,#1980,.T.);
#2613=ORIENTED_EDGE('',*,*,#1981,.F.);
#2614=ORIENTED_EDGE('',*,*,#1982,.F.);
#2615=ORIENTED_EDGE('',*,*,#1983,.T.);
#2616=ORIENTED_EDGE('',*,*,#1982,.T.);
#2617=ORIENTED_EDGE('',*,*,#1984,.F.);
#2618=ORIENTED_EDGE('',*,*,#1985,.F.);
#2619=ORIENTED_EDGE('',*,*,#1986,.T.);
#2620=ORIENTED_EDGE('',*,*,#1985,.T.);
#2621=ORIENTED_EDGE('',*,*,#1987,.F.);
#2622=ORIENTED_EDGE('',*,*,#1988,.F.);
#2623=ORIENTED_EDGE('',*,*,#1989,.T.);
#2624=ORIENTED_EDGE('',*,*,#1988,.T.);
#2625=ORIENTED_EDGE('',*,*,#1990,.F.);
#2626=ORIENTED_EDGE('',*,*,#1991,.F.);
#2627=ORIENTED_EDGE('',*,*,#1992,.T.);
#2628=ORIENTED_EDGE('',*,*,#1991,.T.);
#2629=ORIENTED_EDGE('',*,*,#1993,.F.);
#2630=ORIENTED_EDGE('',*,*,#1994,.F.);
#2631=ORIENTED_EDGE('',*,*,#1995,.T.);
#2632=ORIENTED_EDGE('',*,*,#1994,.T.);
#2633=ORIENTED_EDGE('',*,*,#1996,.F.);
#2634=ORIENTED_EDGE('',*,*,#1997,.F.);
#2635=ORIENTED_EDGE('',*,*,#1998,.T.);
#2636=ORIENTED_EDGE('',*,*,#1997,.T.);
#2637=ORIENTED_EDGE('',*,*,#1999,.F.);
#2638=ORIENTED_EDGE('',*,*,#2000,.F.);
#2639=ORIENTED_EDGE('',*,*,#2001,.T.);
#2640=ORIENTED_EDGE('',*,*,#2000,.T.);
#2641=ORIENTED_EDGE('',*,*,#2002,.F.);
#2642=ORIENTED_EDGE('',*,*,#1980,.F.);
#2643=ORIENTED_EDGE('',*,*,#2003,.T.);
#2644=ORIENTED_EDGE('',*,*,#2004,.T.);
#2645=ORIENTED_EDGE('',*,*,#2005,.F.);
#2646=ORIENTED_EDGE('',*,*,#2006,.F.);
#2647=ORIENTED_EDGE('',*,*,#2007,.T.);
#2648=ORIENTED_EDGE('',*,*,#2006,.T.);
#2649=ORIENTED_EDGE('',*,*,#2008,.F.);
#2650=ORIENTED_EDGE('',*,*,#2009,.F.);
#2651=ORIENTED_EDGE('',*,*,#2010,.T.);
#2652=ORIENTED_EDGE('',*,*,#2009,.T.);
#2653=ORIENTED_EDGE('',*,*,#2011,.F.);
#2654=ORIENTED_EDGE('',*,*,#2012,.F.);
#2655=ORIENTED_EDGE('',*,*,#2013,.T.);
#2656=ORIENTED_EDGE('',*,*,#2012,.T.);
#2657=ORIENTED_EDGE('',*,*,#2014,.F.);
#2658=ORIENTED_EDGE('',*,*,#2015,.F.);
#2659=ORIENTED_EDGE('',*,*,#2016,.T.);
#2660=ORIENTED_EDGE('',*,*,#2015,.T.);
#2661=ORIENTED_EDGE('',*,*,#2017,.F.);
#2662=ORIENTED_EDGE('',*,*,#2018,.F.);
#2663=ORIENTED_EDGE('',*,*,#2019,.T.);
#2664=ORIENTED_EDGE('',*,*,#2018,.T.);
#2665=ORIENTED_EDGE('',*,*,#2020,.F.);
#2666=ORIENTED_EDGE('',*,*,#2021,.F.);
#2667=ORIENTED_EDGE('',*,*,#2022,.T.);
#2668=ORIENTED_EDGE('',*,*,#2021,.T.);
#2669=ORIENTED_EDGE('',*,*,#2023,.F.);
#2670=ORIENTED_EDGE('',*,*,#2024,.F.);
#2671=ORIENTED_EDGE('',*,*,#2025,.T.);
#2672=ORIENTED_EDGE('',*,*,#2024,.T.);
#2673=ORIENTED_EDGE('',*,*,#2026,.F.);
#2674=ORIENTED_EDGE('',*,*,#2004,.F.);
#2675=ORIENTED_EDGE('',*,*,#2027,.T.);
#2676=ORIENTED_EDGE('',*,*,#2028,.T.);
#2677=ORIENTED_EDGE('',*,*,#2029,.F.);
#2678=ORIENTED_EDGE('',*,*,#2030,.F.);
#2679=ORIENTED_EDGE('',*,*,#2031,.T.);
#2680=ORIENTED_EDGE('',*,*,#2030,.T.);
#2681=ORIENTED_EDGE('',*,*,#2032,.F.);
#2682=ORIENTED_EDGE('',*,*,#2033,.F.);
#2683=ORIENTED_EDGE('',*,*,#2034,.T.);
#2684=ORIENTED_EDGE('',*,*,#2033,.T.);
#2685=ORIENTED_EDGE('',*,*,#2035,.F.);
#2686=ORIENTED_EDGE('',*,*,#2036,.F.);
#2687=ORIENTED_EDGE('',*,*,#2037,.T.);
#2688=ORIENTED_EDGE('',*,*,#2036,.T.);
#2689=ORIENTED_EDGE('',*,*,#2038,.F.);
#2690=ORIENTED_EDGE('',*,*,#2039,.F.);
#2691=ORIENTED_EDGE('',*,*,#2040,.T.);
#2692=ORIENTED_EDGE('',*,*,#2039,.T.);
#2693=ORIENTED_EDGE('',*,*,#2041,.F.);
#2694=ORIENTED_EDGE('',*,*,#2042,.F.);
#2695=ORIENTED_EDGE('',*,*,#2043,.T.);
#2696=ORIENTED_EDGE('',*,*,#2042,.T.);
#2697=ORIENTED_EDGE('',*,*,#2044,.F.);
#2698=ORIENTED_EDGE('',*,*,#2045,.F.);
#2699=ORIENTED_EDGE('',*,*,#2046,.T.);
#2700=ORIENTED_EDGE('',*,*,#2045,.T.);
#2701=ORIENTED_EDGE('',*,*,#2047,.F.);
#2702=ORIENTED_EDGE('',*,*,#2048,.F.);
#2703=ORIENTED_EDGE('',*,*,#2049,.T.);
#2704=ORIENTED_EDGE('',*,*,#2048,.T.);
#2705=ORIENTED_EDGE('',*,*,#2050,.F.);
#2706=ORIENTED_EDGE('',*,*,#2028,.F.);
#2707=ORIENTED_EDGE('',*,*,#2051,.T.);
#2708=ORIENTED_EDGE('',*,*,#2052,.T.);
#2709=ORIENTED_EDGE('',*,*,#2053,.F.);
#2710=ORIENTED_EDGE('',*,*,#2054,.F.);
#2711=ORIENTED_EDGE('',*,*,#2055,.T.);
#2712=ORIENTED_EDGE('',*,*,#2054,.T.);
#2713=ORIENTED_EDGE('',*,*,#2056,.F.);
#2714=ORIENTED_EDGE('',*,*,#2057,.F.);
#2715=ORIENTED_EDGE('',*,*,#2058,.T.);
#2716=ORIENTED_EDGE('',*,*,#2057,.T.);
#2717=ORIENTED_EDGE('',*,*,#2059,.F.);
#2718=ORIENTED_EDGE('',*,*,#2060,.F.);
#2719=ORIENTED_EDGE('',*,*,#2061,.T.);
#2720=ORIENTED_EDGE('',*,*,#2060,.T.);
#2721=ORIENTED_EDGE('',*,*,#2062,.F.);
#2722=ORIENTED_EDGE('',*,*,#2063,.F.);
#2723=ORIENTED_EDGE('',*,*,#2064,.T.);
#2724=ORIENTED_EDGE('',*,*,#2063,.T.);
#2725=ORIENTED_EDGE('',*,*,#2065,.F.);
#2726=ORIENTED_EDGE('',*,*,#2066,.F.);
#2727=ORIENTED_EDGE('',*,*,#2067,.T.);
#2728=ORIENTED_EDGE('',*,*,#2066,.T.);
#2729=ORIENTED_EDGE('',*,*,#2068,.F.);
#2730=ORIENTED_EDGE('',*,*,#2069,.F.);
#2731=ORIENTED_EDGE('',*,*,#2070,.T.);
#2732=ORIENTED_EDGE('',*,*,#2069,.T.);
#2733=ORIENTED_EDGE('',*,*,#2071,.F.);
#2734=ORIENTED_EDGE('',*,*,#2072,.F.);
#2735=ORIENTED_EDGE('',*,*,#2073,.T.);
#2736=ORIENTED_EDGE('',*,*,#2072,.T.);
#2737=ORIENTED_EDGE('',*,*,#2074,.F.);
#2738=ORIENTED_EDGE('',*,*,#2052,.F.);
#2739=ORIENTED_EDGE('',*,*,#2075,.T.);
#2740=ORIENTED_EDGE('',*,*,#2076,.T.);
#2741=ORIENTED_EDGE('',*,*,#2077,.F.);
#2742=ORIENTED_EDGE('',*,*,#2078,.F.);
#2743=ORIENTED_EDGE('',*,*,#2079,.T.);
#2744=ORIENTED_EDGE('',*,*,#2078,.T.);
#2745=ORIENTED_EDGE('',*,*,#2080,.F.);
#2746=ORIENTED_EDGE('',*,*,#2081,.F.);
#2747=ORIENTED_EDGE('',*,*,#2082,.T.);
#2748=ORIENTED_EDGE('',*,*,#2081,.T.);
#2749=ORIENTED_EDGE('',*,*,#2083,.F.);
#2750=ORIENTED_EDGE('',*,*,#2084,.F.);
#2751=ORIENTED_EDGE('',*,*,#2085,.T.);
#2752=ORIENTED_EDGE('',*,*,#2084,.T.);
#2753=ORIENTED_EDGE('',*,*,#2086,.F.);
#2754=ORIENTED_EDGE('',*,*,#2087,.F.);
#2755=ORIENTED_EDGE('',*,*,#2088,.T.);
#2756=ORIENTED_EDGE('',*,*,#2087,.T.);
#2757=ORIENTED_EDGE('',*,*,#2089,.F.);
#2758=ORIENTED_EDGE('',*,*,#2090,.F.);
#2759=ORIENTED_EDGE('',*,*,#2091,.T.);
#2760=ORIENTED_EDGE('',*,*,#2090,.T.);
#2761=ORIENTED_EDGE('',*,*,#2092,.F.);
#2762=ORIENTED_EDGE('',*,*,#2093,.F.);
#2763=ORIENTED_EDGE('',*,*,#2094,.T.);
#2764=ORIENTED_EDGE('',*,*,#2093,.T.);
#2765=ORIENTED_EDGE('',*,*,#2095,.F.);
#2766=ORIENTED_EDGE('',*,*,#2096,.F.);
#2767=ORIENTED_EDGE('',*,*,#2097,.T.);
#2768=ORIENTED_EDGE('',*,*,#2096,.T.);
#2769=ORIENTED_EDGE('',*,*,#2098,.F.);
#2770=ORIENTED_EDGE('',*,*,#2076,.F.);
#2771=ORIENTED_EDGE('',*,*,#2099,.T.);
#2772=ORIENTED_EDGE('',*,*,#2100,.T.);
#2773=ORIENTED_EDGE('',*,*,#2101,.F.);
#2774=ORIENTED_EDGE('',*,*,#2102,.F.);
#2775=ORIENTED_EDGE('',*,*,#2103,.T.);
#2776=ORIENTED_EDGE('',*,*,#2102,.T.);
#2777=ORIENTED_EDGE('',*,*,#2104,.F.);
#2778=ORIENTED_EDGE('',*,*,#2105,.F.);
#2779=ORIENTED_EDGE('',*,*,#2106,.T.);
#2780=ORIENTED_EDGE('',*,*,#2105,.T.);
#2781=ORIENTED_EDGE('',*,*,#2107,.F.);
#2782=ORIENTED_EDGE('',*,*,#2108,.F.);
#2783=ORIENTED_EDGE('',*,*,#2109,.T.);
#2784=ORIENTED_EDGE('',*,*,#2108,.T.);
#2785=ORIENTED_EDGE('',*,*,#2110,.F.);
#2786=ORIENTED_EDGE('',*,*,#2111,.F.);
#2787=ORIENTED_EDGE('',*,*,#2112,.T.);
#2788=ORIENTED_EDGE('',*,*,#2111,.T.);
#2789=ORIENTED_EDGE('',*,*,#2113,.F.);
#2790=ORIENTED_EDGE('',*,*,#2114,.F.);
#2791=ORIENTED_EDGE('',*,*,#2115,.T.);
#2792=ORIENTED_EDGE('',*,*,#2114,.T.);
#2793=ORIENTED_EDGE('',*,*,#2116,.F.);
#2794=ORIENTED_EDGE('',*,*,#2117,.F.);
#2795=ORIENTED_EDGE('',*,*,#2118,.T.);
#2796=ORIENTED_EDGE('',*,*,#2117,.T.);
#2797=ORIENTED_EDGE('',*,*,#2119,.F.);
#2798=ORIENTED_EDGE('',*,*,#2120,.F.);
#2799=ORIENTED_EDGE('',*,*,#2121,.T.);
#2800=ORIENTED_EDGE('',*,*,#2120,.T.);
#2801=ORIENTED_EDGE('',*,*,#2122,.F.);
#2802=ORIENTED_EDGE('',*,*,#2100,.F.);
#2803=ORIENTED_EDGE('',*,*,#2123,.T.);
#2804=ORIENTED_EDGE('',*,*,#2124,.T.);
#2805=ORIENTED_EDGE('',*,*,#2125,.F.);
#2806=ORIENTED_EDGE('',*,*,#2126,.F.);
#2807=ORIENTED_EDGE('',*,*,#2127,.T.);
#2808=ORIENTED_EDGE('',*,*,#2126,.T.);
#2809=ORIENTED_EDGE('',*,*,#2128,.F.);
#2810=ORIENTED_EDGE('',*,*,#2129,.F.);
#2811=ORIENTED_EDGE('',*,*,#2130,.T.);
#2812=ORIENTED_EDGE('',*,*,#2129,.T.);
#2813=ORIENTED_EDGE('',*,*,#2131,.F.);
#2814=ORIENTED_EDGE('',*,*,#2132,.F.);
#2815=ORIENTED_EDGE('',*,*,#2133,.T.);
#2816=ORIENTED_EDGE('',*,*,#2132,.T.);
#2817=ORIENTED_EDGE('',*,*,#2134,.F.);
#2818=ORIENTED_EDGE('',*,*,#2135,.F.);
#2819=ORIENTED_EDGE('',*,*,#2136,.T.);
#2820=ORIENTED_EDGE('',*,*,#2135,.T.);
#2821=ORIENTED_EDGE('',*,*,#2137,.F.);
#2822=ORIENTED_EDGE('',*,*,#2138,.F.);
#2823=ORIENTED_EDGE('',*,*,#2139,.T.);
#2824=ORIENTED_EDGE('',*,*,#2138,.T.);
#2825=ORIENTED_EDGE('',*,*,#2140,.F.);
#2826=ORIENTED_EDGE('',*,*,#2141,.F.);
#2827=ORIENTED_EDGE('',*,*,#2142,.T.);
#2828=ORIENTED_EDGE('',*,*,#2141,.T.);
#2829=ORIENTED_EDGE('',*,*,#2143,.F.);
#2830=ORIENTED_EDGE('',*,*,#2144,.F.);
#2831=ORIENTED_EDGE('',*,*,#2145,.T.);
#2832=ORIENTED_EDGE('',*,*,#2144,.T.);
#2833=ORIENTED_EDGE('',*,*,#2146,.F.);
#2834=ORIENTED_EDGE('',*,*,#2124,.F.);
#2835=ORIENTED_EDGE('',*,*,#2147,.T.);
#2836=ORIENTED_EDGE('',*,*,#2148,.T.);
#2837=ORIENTED_EDGE('',*,*,#2149,.F.);
#2838=ORIENTED_EDGE('',*,*,#2150,.F.);
#2839=ORIENTED_EDGE('',*,*,#2151,.T.);
#2840=ORIENTED_EDGE('',*,*,#2150,.T.);
#2841=ORIENTED_EDGE('',*,*,#2152,.F.);
#2842=ORIENTED_EDGE('',*,*,#2153,.F.);
#2843=ORIENTED_EDGE('',*,*,#2154,.T.);
#2844=ORIENTED_EDGE('',*,*,#2153,.T.);
#2845=ORIENTED_EDGE('',*,*,#2155,.F.);
#2846=ORIENTED_EDGE('',*,*,#2156,.F.);
#2847=ORIENTED_EDGE('',*,*,#2157,.T.);
#2848=ORIENTED_EDGE('',*,*,#2156,.T.);
#2849=ORIENTED_EDGE('',*,*,#2158,.F.);
#2850=ORIENTED_EDGE('',*,*,#2159,.F.);
#2851=ORIENTED_EDGE('',*,*,#2160,.T.);
#2852=ORIENTED_EDGE('',*,*,#2159,.T.);
#2853=ORIENTED_EDGE('',*,*,#2161,.F.);
#2854=ORIENTED_EDGE('',*,*,#2162,.F.);
#2855=ORIENTED_EDGE('',*,*,#2163,.T.);
#2856=ORIENTED_EDGE('',*,*,#2162,.T.);
#2857=ORIENTED_EDGE('',*,*,#2164,.F.);
#2858=ORIENTED_EDGE('',*,*,#2165,.F.);
#2859=ORIENTED_EDGE('',*,*,#2166,.T.);
#2860=ORIENTED_EDGE('',*,*,#2165,.T.);
#2861=ORIENTED_EDGE('',*,*,#2167,.F.);
#2862=ORIENTED_EDGE('',*,*,#2168,.F.);
#2863=ORIENTED_EDGE('',*,*,#2169,.T.);
#2864=ORIENTED_EDGE('',*,*,#2168,.T.);
#2865=ORIENTED_EDGE('',*,*,#2170,.F.);
#2866=ORIENTED_EDGE('',*,*,#2148,.F.);
#2867=ORIENTED_EDGE('',*,*,#2171,.T.);
#2868=ORIENTED_EDGE('',*,*,#2172,.T.);
#2869=ORIENTED_EDGE('',*,*,#2173,.F.);
#2870=ORIENTED_EDGE('',*,*,#2174,.F.);
#2871=ORIENTED_EDGE('',*,*,#2175,.T.);
#2872=ORIENTED_EDGE('',*,*,#2174,.T.);
#2873=ORIENTED_EDGE('',*,*,#2176,.F.);
#2874=ORIENTED_EDGE('',*,*,#2177,.F.);
#2875=ORIENTED_EDGE('',*,*,#2178,.T.);
#2876=ORIENTED_EDGE('',*,*,#2177,.T.);
#2877=ORIENTED_EDGE('',*,*,#2179,.F.);
#2878=ORIENTED_EDGE('',*,*,#2180,.F.);
#2879=ORIENTED_EDGE('',*,*,#2181,.T.);
#2880=ORIENTED_EDGE('',*,*,#2180,.T.);
#2881=ORIENTED_EDGE('',*,*,#2182,.F.);
#2882=ORIENTED_EDGE('',*,*,#2183,.F.);
#2883=ORIENTED_EDGE('',*,*,#2184,.T.);
#2884=ORIENTED_EDGE('',*,*,#2183,.T.);
#2885=ORIENTED_EDGE('',*,*,#2185,.F.);
#2886=ORIENTED_EDGE('',*,*,#2186,.F.);
#2887=ORIENTED_EDGE('',*,*,#2187,.T.);
#2888=ORIENTED_EDGE('',*,*,#2186,.T.);
#2889=ORIENTED_EDGE('',*,*,#2188,.F.);
#2890=ORIENTED_EDGE('',*,*,#2189,.F.);
#2891=ORIENTED_EDGE('',*,*,#2190,.T.);
#2892=ORIENTED_EDGE('',*,*,#2189,.T.);
#2893=ORIENTED_EDGE('',*,*,#2191,.F.);
#2894=ORIENTED_EDGE('',*,*,#2192,.F.);
#2895=ORIENTED_EDGE('',*,*,#2193,.T.);
#2896=ORIENTED_EDGE('',*,*,#2192,.T.);
#2897=ORIENTED_EDGE('',*,*,#2194,.F.);
#2898=ORIENTED_EDGE('',*,*,#2172,.F.);
#2899=ORIENTED_EDGE('',*,*,#2195,.T.);
#2900=ORIENTED_EDGE('',*,*,#2196,.T.);
#2901=ORIENTED_EDGE('',*,*,#2197,.F.);
#2902=ORIENTED_EDGE('',*,*,#2198,.F.);
#2903=ORIENTED_EDGE('',*,*,#2199,.T.);
#2904=ORIENTED_EDGE('',*,*,#2198,.T.);
#2905=ORIENTED_EDGE('',*,*,#2200,.F.);
#2906=ORIENTED_EDGE('',*,*,#2201,.F.);
#2907=ORIENTED_EDGE('',*,*,#2202,.T.);
#2908=ORIENTED_EDGE('',*,*,#2201,.T.);
#2909=ORIENTED_EDGE('',*,*,#2203,.F.);
#2910=ORIENTED_EDGE('',*,*,#2204,.F.);
#2911=ORIENTED_EDGE('',*,*,#2205,.T.);
#2912=ORIENTED_EDGE('',*,*,#2204,.T.);
#2913=ORIENTED_EDGE('',*,*,#2206,.F.);
#2914=ORIENTED_EDGE('',*,*,#2207,.F.);
#2915=ORIENTED_EDGE('',*,*,#2208,.T.);
#2916=ORIENTED_EDGE('',*,*,#2207,.T.);
#2917=ORIENTED_EDGE('',*,*,#2209,.F.);
#2918=ORIENTED_EDGE('',*,*,#2210,.F.);
#2919=ORIENTED_EDGE('',*,*,#2211,.T.);
#2920=ORIENTED_EDGE('',*,*,#2210,.T.);
#2921=ORIENTED_EDGE('',*,*,#2212,.F.);
#2922=ORIENTED_EDGE('',*,*,#2213,.F.);
#2923=ORIENTED_EDGE('',*,*,#2214,.T.);
#2924=ORIENTED_EDGE('',*,*,#2213,.T.);
#2925=ORIENTED_EDGE('',*,*,#2215,.F.);
#2926=ORIENTED_EDGE('',*,*,#2216,.F.);
#2927=ORIENTED_EDGE('',*,*,#2217,.T.);
#2928=ORIENTED_EDGE('',*,*,#2216,.T.);
#2929=ORIENTED_EDGE('',*,*,#2218,.F.);
#2930=ORIENTED_EDGE('',*,*,#2196,.F.);
#2931=ORIENTED_EDGE('',*,*,#2219,.T.);
#2932=ORIENTED_EDGE('',*,*,#2220,.T.);
#2933=ORIENTED_EDGE('',*,*,#2221,.F.);
#2934=ORIENTED_EDGE('',*,*,#2222,.F.);
#2935=ORIENTED_EDGE('',*,*,#2223,.T.);
#2936=ORIENTED_EDGE('',*,*,#2222,.T.);
#2937=ORIENTED_EDGE('',*,*,#2224,.F.);
#2938=ORIENTED_EDGE('',*,*,#2225,.F.);
#2939=ORIENTED_EDGE('',*,*,#2226,.T.);
#2940=ORIENTED_EDGE('',*,*,#2225,.T.);
#2941=ORIENTED_EDGE('',*,*,#2227,.F.);
#2942=ORIENTED_EDGE('',*,*,#2228,.F.);
#2943=ORIENTED_EDGE('',*,*,#2229,.T.);
#2944=ORIENTED_EDGE('',*,*,#2228,.T.);
#2945=ORIENTED_EDGE('',*,*,#2230,.F.);
#2946=ORIENTED_EDGE('',*,*,#2231,.F.);
#2947=ORIENTED_EDGE('',*,*,#2232,.T.);
#2948=ORIENTED_EDGE('',*,*,#2231,.T.);
#2949=ORIENTED_EDGE('',*,*,#2233,.F.);
#2950=ORIENTED_EDGE('',*,*,#2234,.F.);
#2951=ORIENTED_EDGE('',*,*,#2235,.T.);
#2952=ORIENTED_EDGE('',*,*,#2234,.T.);
#2953=ORIENTED_EDGE('',*,*,#2236,.F.);
#2954=ORIENTED_EDGE('',*,*,#2237,.F.);
#2955=ORIENTED_EDGE('',*,*,#2238,.T.);
#2956=ORIENTED_EDGE('',*,*,#2237,.T.);
#2957=ORIENTED_EDGE('',*,*,#2239,.F.);
#2958=ORIENTED_EDGE('',*,*,#2240,.F.);
#2959=ORIENTED_EDGE('',*,*,#2241,.T.);
#2960=ORIENTED_EDGE('',*,*,#2240,.T.);
#2961=ORIENTED_EDGE('',*,*,#2242,.F.);
#2962=ORIENTED_EDGE('',*,*,#2220,.F.);
#2963=ORIENTED_EDGE('',*,*,#2243,.T.);
#2964=ORIENTED_EDGE('',*,*,#2244,.T.);
#2965=ORIENTED_EDGE('',*,*,#2245,.F.);
#2966=ORIENTED_EDGE('',*,*,#2246,.F.);
#2967=ORIENTED_EDGE('',*,*,#2247,.T.);
#2968=ORIENTED_EDGE('',*,*,#2246,.T.);
#2969=ORIENTED_EDGE('',*,*,#2248,.F.);
#2970=ORIENTED_EDGE('',*,*,#2249,.F.);
#2971=ORIENTED_EDGE('',*,*,#2250,.T.);
#2972=ORIENTED_EDGE('',*,*,#2249,.T.);
#2973=ORIENTED_EDGE('',*,*,#2251,.F.);
#2974=ORIENTED_EDGE('',*,*,#2252,.F.);
#2975=ORIENTED_EDGE('',*,*,#2253,.T.);
#2976=ORIENTED_EDGE('',*,*,#2252,.T.);
#2977=ORIENTED_EDGE('',*,*,#2254,.F.);
#2978=ORIENTED_EDGE('',*,*,#2255,.F.);
#2979=ORIENTED_EDGE('',*,*,#2256,.T.);
#2980=ORIENTED_EDGE('',*,*,#2255,.T.);
#2981=ORIENTED_EDGE('',*,*,#2257,.F.);
#2982=ORIENTED_EDGE('',*,*,#2258,.F.);
#2983=ORIENTED_EDGE('',*,*,#2259,.T.);
#2984=ORIENTED_EDGE('',*,*,#2258,.T.);
#2985=ORIENTED_EDGE('',*,*,#2260,.F.);
#2986=ORIENTED_EDGE('',*,*,#2261,.F.);
#2987=ORIENTED_EDGE('',*,*,#2262,.T.);
#2988=ORIENTED_EDGE('',*,*,#2261,.T.);
#2989=ORIENTED_EDGE('',*,*,#2263,.F.);
#2990=ORIENTED_EDGE('',*,*,#2264,.F.);
#2991=ORIENTED_EDGE('',*,*,#2265,.T.);
#2992=ORIENTED_EDGE('',*,*,#2264,.T.);
#2993=ORIENTED_EDGE('',*,*,#2266,.F.);
#2994=ORIENTED_EDGE('',*,*,#2244,.F.);
#2995=ORIENTED_EDGE('',*,*,#2267,.T.);
#2996=ORIENTED_EDGE('',*,*,#2268,.T.);
#2997=ORIENTED_EDGE('',*,*,#2269,.F.);
#2998=ORIENTED_EDGE('',*,*,#2270,.F.);
#2999=ORIENTED_EDGE('',*,*,#2271,.T.);
#3000=ORIENTED_EDGE('',*,*,#2270,.T.);
#3001=ORIENTED_EDGE('',*,*,#2272,.F.);
#3002=ORIENTED_EDGE('',*,*,#2273,.F.);
#3003=ORIENTED_EDGE('',*,*,#2274,.T.);
#3004=ORIENTED_EDGE('',*,*,#2273,.T.);
#3005=ORIENTED_EDGE('',*,*,#2275,.F.);
#3006=ORIENTED_EDGE('',*,*,#2276,.F.);
#3007=ORIENTED_EDGE('',*,*,#2277,.T.);
#3008=ORIENTED_EDGE('',*,*,#2276,.T.);
#3009=ORIENTED_EDGE('',*,*,#2278,.F.);
#3010=ORIENTED_EDGE('',*,*,#2279,.F.);
#3011=ORIENTED_EDGE('',*,*,#2280,.T.);
#3012=ORIENTED_EDGE('',*,*,#2279,.T.);
#3013=ORIENTED_EDGE('',*,*,#2281,.F.);
#3014=ORIENTED_EDGE('',*,*,#2282,.F.);
#3015=ORIENTED_EDGE('',*,*,#2283,.T.);
#3016=ORIENTED_EDGE('',*,*,#2282,.T.);
#3017=ORIENTED_EDGE('',*,*,#2284,.F.);
#3018=ORIENTED_EDGE('',*,*,#2285,.F.);
#3019=ORIENTED_EDGE('',*,*,#2286,.T.);
#3020=ORIENTED_EDGE('',*,*,#2285,.T.);
#3021=ORIENTED_EDGE('',*,*,#2287,.F.);
#3022=ORIENTED_EDGE('',*,*,#2288,.F.);
#3023=ORIENTED_EDGE('',*,*,#2289,.T.);
#3024=ORIENTED_EDGE('',*,*,#2288,.T.);
#3025=ORIENTED_EDGE('',*,*,#2290,.F.);
#3026=ORIENTED_EDGE('',*,*,#2268,.F.);
#3027=ORIENTED_EDGE('',*,*,#2291,.T.);
#3028=ORIENTED_EDGE('',*,*,#2292,.T.);
#3029=ORIENTED_EDGE('',*,*,#2293,.F.);
#3030=ORIENTED_EDGE('',*,*,#2294,.F.);
#3031=ORIENTED_EDGE('',*,*,#2295,.T.);
#3032=ORIENTED_EDGE('',*,*,#2294,.T.);
#3033=ORIENTED_EDGE('',*,*,#2296,.F.);
#3034=ORIENTED_EDGE('',*,*,#2297,.F.);
#3035=ORIENTED_EDGE('',*,*,#2298,.T.);
#3036=ORIENTED_EDGE('',*,*,#2297,.T.);
#3037=ORIENTED_EDGE('',*,*,#2299,.F.);
#3038=ORIENTED_EDGE('',*,*,#2300,.F.);
#3039=ORIENTED_EDGE('',*,*,#2301,.T.);
#3040=ORIENTED_EDGE('',*,*,#2300,.T.);
#3041=ORIENTED_EDGE('',*,*,#2302,.F.);
#3042=ORIENTED_EDGE('',*,*,#2303,.F.);
#3043=ORIENTED_EDGE('',*,*,#2304,.T.);
#3044=ORIENTED_EDGE('',*,*,#2303,.T.);
#3045=ORIENTED_EDGE('',*,*,#2305,.F.);
#3046=ORIENTED_EDGE('',*,*,#2306,.F.);
#3047=ORIENTED_EDGE('',*,*,#2307,.T.);
#3048=ORIENTED_EDGE('',*,*,#2306,.T.);
#3049=ORIENTED_EDGE('',*,*,#2308,.F.);
#3050=ORIENTED_EDGE('',*,*,#2309,.F.);
#3051=ORIENTED_EDGE('',*,*,#2310,.T.);
#3052=ORIENTED_EDGE('',*,*,#2309,.T.);
#3053=ORIENTED_EDGE('',*,*,#2311,.F.);
#3054=ORIENTED_EDGE('',*,*,#2312,.F.);
#3055=ORIENTED_EDGE('',*,*,#2313,.T.);
#3056=ORIENTED_EDGE('',*,*,#2312,.T.);
#3057=ORIENTED_EDGE('',*,*,#2314,.F.);
#3058=ORIENTED_EDGE('',*,*,#2292,.F.);
#3059=ORIENTED_EDGE('',*,*,#2315,.F.);
#3060=ORIENTED_EDGE('',*,*,#2316,.T.);
#3061=ORIENTED_EDGE('',*,*,#2317,.F.);
#3062=ORIENTED_EDGE('',*,*,#2318,.F.);
#3063=ORIENTED_EDGE('',*,*,#2319,.T.);
#3064=ORIENTED_EDGE('',*,*,#2318,.T.);
#3065=ORIENTED_EDGE('',*,*,#2320,.F.);
#3066=ORIENTED_EDGE('',*,*,#2321,.F.);
#3067=ORIENTED_EDGE('',*,*,#2322,.F.);
#3068=ORIENTED_EDGE('',*,*,#2321,.T.);
#3069=ORIENTED_EDGE('',*,*,#2323,.F.);
#3070=ORIENTED_EDGE('',*,*,#2324,.F.);
#3071=ORIENTED_EDGE('',*,*,#2325,.T.);
#3072=ORIENTED_EDGE('',*,*,#2324,.T.);
#3073=ORIENTED_EDGE('',*,*,#2326,.F.);
#3074=ORIENTED_EDGE('',*,*,#2327,.F.);
#3075=ORIENTED_EDGE('',*,*,#2328,.F.);
#3076=ORIENTED_EDGE('',*,*,#2327,.T.);
#3077=ORIENTED_EDGE('',*,*,#2329,.F.);
#3078=ORIENTED_EDGE('',*,*,#2330,.F.);
#3079=ORIENTED_EDGE('',*,*,#2331,.T.);
#3080=ORIENTED_EDGE('',*,*,#2330,.T.);
#3081=ORIENTED_EDGE('',*,*,#2332,.F.);
#3082=ORIENTED_EDGE('',*,*,#2333,.F.);
#3083=ORIENTED_EDGE('',*,*,#2334,.F.);
#3084=ORIENTED_EDGE('',*,*,#2333,.T.);
#3085=ORIENTED_EDGE('',*,*,#2335,.F.);
#3086=ORIENTED_EDGE('',*,*,#2336,.F.);
#3087=ORIENTED_EDGE('',*,*,#2337,.T.);
#3088=ORIENTED_EDGE('',*,*,#2336,.T.);
#3089=ORIENTED_EDGE('',*,*,#2338,.F.);
#3090=ORIENTED_EDGE('',*,*,#2316,.F.);
#3091=ORIENTED_EDGE('',*,*,#2338,.T.);
#3092=ORIENTED_EDGE('',*,*,#2335,.T.);
#3093=ORIENTED_EDGE('',*,*,#2332,.T.);
#3094=ORIENTED_EDGE('',*,*,#2329,.T.);
#3095=ORIENTED_EDGE('',*,*,#2326,.T.);
#3096=ORIENTED_EDGE('',*,*,#2323,.T.);
#3097=ORIENTED_EDGE('',*,*,#2320,.T.);
#3098=ORIENTED_EDGE('',*,*,#2317,.T.);
#3099=ORIENTED_EDGE('',*,*,#2314,.T.);
#3100=ORIENTED_EDGE('',*,*,#2311,.T.);
#3101=ORIENTED_EDGE('',*,*,#2308,.T.);
#3102=ORIENTED_EDGE('',*,*,#2305,.T.);
#3103=ORIENTED_EDGE('',*,*,#2302,.T.);
#3104=ORIENTED_EDGE('',*,*,#2299,.T.);
#3105=ORIENTED_EDGE('',*,*,#2296,.T.);
#3106=ORIENTED_EDGE('',*,*,#2293,.T.);
#3107=ORIENTED_EDGE('',*,*,#2290,.T.);
#3108=ORIENTED_EDGE('',*,*,#2287,.T.);
#3109=ORIENTED_EDGE('',*,*,#2284,.T.);
#3110=ORIENTED_EDGE('',*,*,#2281,.T.);
#3111=ORIENTED_EDGE('',*,*,#2278,.T.);
#3112=ORIENTED_EDGE('',*,*,#2275,.T.);
#3113=ORIENTED_EDGE('',*,*,#2272,.T.);
#3114=ORIENTED_EDGE('',*,*,#2269,.T.);
#3115=ORIENTED_EDGE('',*,*,#2266,.T.);
#3116=ORIENTED_EDGE('',*,*,#2263,.T.);
#3117=ORIENTED_EDGE('',*,*,#2260,.T.);
#3118=ORIENTED_EDGE('',*,*,#2257,.T.);
#3119=ORIENTED_EDGE('',*,*,#2254,.T.);
#3120=ORIENTED_EDGE('',*,*,#2251,.T.);
#3121=ORIENTED_EDGE('',*,*,#2248,.T.);
#3122=ORIENTED_EDGE('',*,*,#2245,.T.);
#3123=ORIENTED_EDGE('',*,*,#2242,.T.);
#3124=ORIENTED_EDGE('',*,*,#2239,.T.);
#3125=ORIENTED_EDGE('',*,*,#2236,.T.);
#3126=ORIENTED_EDGE('',*,*,#2233,.T.);
#3127=ORIENTED_EDGE('',*,*,#2230,.T.);
#3128=ORIENTED_EDGE('',*,*,#2227,.T.);
#3129=ORIENTED_EDGE('',*,*,#2224,.T.);
#3130=ORIENTED_EDGE('',*,*,#2221,.T.);
#3131=ORIENTED_EDGE('',*,*,#2218,.T.);
#3132=ORIENTED_EDGE('',*,*,#2215,.T.);
#3133=ORIENTED_EDGE('',*,*,#2212,.T.);
#3134=ORIENTED_EDGE('',*,*,#2209,.T.);
#3135=ORIENTED_EDGE('',*,*,#2206,.T.);
#3136=ORIENTED_EDGE('',*,*,#2203,.T.);
#3137=ORIENTED_EDGE('',*,*,#2200,.T.);
#3138=ORIENTED_EDGE('',*,*,#2197,.T.);
#3139=ORIENTED_EDGE('',*,*,#2194,.T.);
#3140=ORIENTED_EDGE('',*,*,#2191,.T.);
#3141=ORIENTED_EDGE('',*,*,#2188,.T.);
#3142=ORIENTED_EDGE('',*,*,#2185,.T.);
#3143=ORIENTED_EDGE('',*,*,#2182,.T.);
#3144=ORIENTED_EDGE('',*,*,#2179,.T.);
#3145=ORIENTED_EDGE('',*,*,#2176,.T.);
#3146=ORIENTED_EDGE('',*,*,#2173,.T.);
#3147=ORIENTED_EDGE('',*,*,#2170,.T.);
#3148=ORIENTED_EDGE('',*,*,#2167,.T.);
#3149=ORIENTED_EDGE('',*,*,#2164,.T.);
#3150=ORIENTED_EDGE('',*,*,#2161,.T.);
#3151=ORIENTED_EDGE('',*,*,#2158,.T.);
#3152=ORIENTED_EDGE('',*,*,#2155,.T.);
#3153=ORIENTED_EDGE('',*,*,#2152,.T.);
#3154=ORIENTED_EDGE('',*,*,#2149,.T.);
#3155=ORIENTED_EDGE('',*,*,#2146,.T.);
#3156=ORIENTED_EDGE('',*,*,#2143,.T.);
#3157=ORIENTED_EDGE('',*,*,#2140,.T.);
#3158=ORIENTED_EDGE('',*,*,#2137,.T.);
#3159=ORIENTED_EDGE('',*,*,#2134,.T.);
#3160=ORIENTED_EDGE('',*,*,#2131,.T.);
#3161=ORIENTED_EDGE('',*,*,#2128,.T.);
#3162=ORIENTED_EDGE('',*,*,#2125,.T.);
#3163=ORIENTED_EDGE('',*,*,#2122,.T.);
#3164=ORIENTED_EDGE('',*,*,#2119,.T.);
#3165=ORIENTED_EDGE('',*,*,#2116,.T.);
#3166=ORIENTED_EDGE('',*,*,#2113,.T.);
#3167=ORIENTED_EDGE('',*,*,#2110,.T.);
#3168=ORIENTED_EDGE('',*,*,#2107,.T.);
#3169=ORIENTED_EDGE('',*,*,#2104,.T.);
#3170=ORIENTED_EDGE('',*,*,#2101,.T.);
#3171=ORIENTED_EDGE('',*,*,#2098,.T.);
#3172=ORIENTED_EDGE('',*,*,#2095,.T.);
#3173=ORIENTED_EDGE('',*,*,#2092,.T.);
#3174=ORIENTED_EDGE('',*,*,#2089,.T.);
#3175=ORIENTED_EDGE('',*,*,#2086,.T.);
#3176=ORIENTED_EDGE('',*,*,#2083,.T.);
#3177=ORIENTED_EDGE('',*,*,#2080,.T.);
#3178=ORIENTED_EDGE('',*,*,#2077,.T.);
#3179=ORIENTED_EDGE('',*,*,#2074,.T.);
#3180=ORIENTED_EDGE('',*,*,#2071,.T.);
#3181=ORIENTED_EDGE('',*,*,#2068,.T.);
#3182=ORIENTED_EDGE('',*,*,#2065,.T.);
#3183=ORIENTED_EDGE('',*,*,#2062,.T.);
#3184=ORIENTED_EDGE('',*,*,#2059,.T.);
#3185=ORIENTED_EDGE('',*,*,#2056,.T.);
#3186=ORIENTED_EDGE('',*,*,#2053,.T.);
#3187=ORIENTED_EDGE('',*,*,#2050,.T.);
#3188=ORIENTED_EDGE('',*,*,#2047,.T.);
#3189=ORIENTED_EDGE('',*,*,#2044,.T.);
#3190=ORIENTED_EDGE('',*,*,#2041,.T.);
#3191=ORIENTED_EDGE('',*,*,#2038,.T.);
#3192=ORIENTED_EDGE('',*,*,#2035,.T.);
#3193=ORIENTED_EDGE('',*,*,#2032,.T.);
#3194=ORIENTED_EDGE('',*,*,#2029,.T.);
#3195=ORIENTED_EDGE('',*,*,#2026,.T.);
#3196=ORIENTED_EDGE('',*,*,#2023,.T.);
#3197=ORIENTED_EDGE('',*,*,#2020,.T.);
#3198=ORIENTED_EDGE('',*,*,#2017,.T.);
#3199=ORIENTED_EDGE('',*,*,#2014,.T.);
#3200=ORIENTED_EDGE('',*,*,#2011,.T.);
#3201=ORIENTED_EDGE('',*,*,#2008,.T.);
#3202=ORIENTED_EDGE('',*,*,#2005,.T.);
#3203=ORIENTED_EDGE('',*,*,#2002,.T.);
#3204=ORIENTED_EDGE('',*,*,#1999,.T.);
#3205=ORIENTED_EDGE('',*,*,#1996,.T.);
#3206=ORIENTED_EDGE('',*,*,#1993,.T.);
#3207=ORIENTED_EDGE('',*,*,#1990,.T.);
#3208=ORIENTED_EDGE('',*,*,#1987,.T.);
#3209=ORIENTED_EDGE('',*,*,#1984,.T.);
#3210=ORIENTED_EDGE('',*,*,#1981,.T.);
#3211=ORIENTED_EDGE('',*,*,#1978,.T.);
#3212=ORIENTED_EDGE('',*,*,#1975,.T.);
#3213=ORIENTED_EDGE('',*,*,#1972,.T.);
#3214=ORIENTED_EDGE('',*,*,#1969,.T.);
#3215=ORIENTED_EDGE('',*,*,#1966,.T.);
#3216=ORIENTED_EDGE('',*,*,#1963,.T.);
#3217=ORIENTED_EDGE('',*,*,#1960,.T.);
#3218=ORIENTED_EDGE('',*,*,#1957,.T.);
#3219=ORIENTED_EDGE('',*,*,#1954,.T.);
#3220=ORIENTED_EDGE('',*,*,#1951,.T.);
#3221=ORIENTED_EDGE('',*,*,#1948,.T.);
#3222=ORIENTED_EDGE('',*,*,#1945,.T.);
#3223=ORIENTED_EDGE('',*,*,#1942,.T.);
#3224=ORIENTED_EDGE('',*,*,#1939,.T.);
#3225=ORIENTED_EDGE('',*,*,#1936,.T.);
#3226=ORIENTED_EDGE('',*,*,#1933,.T.);
#3227=ORIENTED_EDGE('',*,*,#1930,.T.);
#3228=ORIENTED_EDGE('',*,*,#1927,.T.);
#3229=ORIENTED_EDGE('',*,*,#1924,.T.);
#3230=ORIENTED_EDGE('',*,*,#1921,.T.);
#3231=ORIENTED_EDGE('',*,*,#1918,.T.);
#3232=ORIENTED_EDGE('',*,*,#1915,.T.);
#3233=ORIENTED_EDGE('',*,*,#1912,.T.);
#3234=ORIENTED_EDGE('',*,*,#1909,.T.);
#3235=ORIENTED_EDGE('',*,*,#1883,.T.);
#3236=ORIENTED_EDGE('',*,*,#1905,.T.);
#3237=ORIENTED_EDGE('',*,*,#1902,.T.);
#3238=ORIENTED_EDGE('',*,*,#1899,.T.);
#3239=ORIENTED_EDGE('',*,*,#1896,.T.);
#3240=ORIENTED_EDGE('',*,*,#1893,.T.);
#3241=ORIENTED_EDGE('',*,*,#1890,.T.);
#3242=ORIENTED_EDGE('',*,*,#1887,.T.);
#3243=ORIENTED_EDGE('',*,*,#2337,.F.);
#3244=ORIENTED_EDGE('',*,*,#2315,.T.);
#3245=ORIENTED_EDGE('',*,*,#2319,.F.);
#3246=ORIENTED_EDGE('',*,*,#2322,.T.);
#3247=ORIENTED_EDGE('',*,*,#2325,.F.);
#3248=ORIENTED_EDGE('',*,*,#2328,.T.);
#3249=ORIENTED_EDGE('',*,*,#2331,.F.);
#3250=ORIENTED_EDGE('',*,*,#2334,.T.);
#3251=ORIENTED_EDGE('',*,*,#2313,.F.);
#3252=ORIENTED_EDGE('',*,*,#2291,.F.);
#3253=ORIENTED_EDGE('',*,*,#2295,.F.);
#3254=ORIENTED_EDGE('',*,*,#2298,.F.);
#3255=ORIENTED_EDGE('',*,*,#2301,.F.);
#3256=ORIENTED_EDGE('',*,*,#2304,.F.);
#3257=ORIENTED_EDGE('',*,*,#2307,.F.);
#3258=ORIENTED_EDGE('',*,*,#2310,.F.);
#3259=ORIENTED_EDGE('',*,*,#2289,.F.);
#3260=ORIENTED_EDGE('',*,*,#2267,.F.);
#3261=ORIENTED_EDGE('',*,*,#2271,.F.);
#3262=ORIENTED_EDGE('',*,*,#2274,.F.);
#3263=ORIENTED_EDGE('',*,*,#2277,.F.);
#3264=ORIENTED_EDGE('',*,*,#2280,.F.);
#3265=ORIENTED_EDGE('',*,*,#2283,.F.);
#3266=ORIENTED_EDGE('',*,*,#2286,.F.);
#3267=ORIENTED_EDGE('',*,*,#2265,.F.);
#3268=ORIENTED_EDGE('',*,*,#2243,.F.);
#3269=ORIENTED_EDGE('',*,*,#2247,.F.);
#3270=ORIENTED_EDGE('',*,*,#2250,.F.);
#3271=ORIENTED_EDGE('',*,*,#2253,.F.);
#3272=ORIENTED_EDGE('',*,*,#2256,.F.);
#3273=ORIENTED_EDGE('',*,*,#2259,.F.);
#3274=ORIENTED_EDGE('',*,*,#2262,.F.);
#3275=ORIENTED_EDGE('',*,*,#2241,.F.);
#3276=ORIENTED_EDGE('',*,*,#2219,.F.);
#3277=ORIENTED_EDGE('',*,*,#2223,.F.);
#3278=ORIENTED_EDGE('',*,*,#2226,.F.);
#3279=ORIENTED_EDGE('',*,*,#2229,.F.);
#3280=ORIENTED_EDGE('',*,*,#2232,.F.);
#3281=ORIENTED_EDGE('',*,*,#2235,.F.);
#3282=ORIENTED_EDGE('',*,*,#2238,.F.);
#3283=ORIENTED_EDGE('',*,*,#2217,.F.);
#3284=ORIENTED_EDGE('',*,*,#2195,.F.);
#3285=ORIENTED_EDGE('',*,*,#2199,.F.);
#3286=ORIENTED_EDGE('',*,*,#2202,.F.);
#3287=ORIENTED_EDGE('',*,*,#2205,.F.);
#3288=ORIENTED_EDGE('',*,*,#2208,.F.);
#3289=ORIENTED_EDGE('',*,*,#2211,.F.);
#3290=ORIENTED_EDGE('',*,*,#2214,.F.);
#3291=ORIENTED_EDGE('',*,*,#2193,.F.);
#3292=ORIENTED_EDGE('',*,*,#2171,.F.);
#3293=ORIENTED_EDGE('',*,*,#2175,.F.);
#3294=ORIENTED_EDGE('',*,*,#2178,.F.);
#3295=ORIENTED_EDGE('',*,*,#2181,.F.);
#3296=ORIENTED_EDGE('',*,*,#2184,.F.);
#3297=ORIENTED_EDGE('',*,*,#2187,.F.);
#3298=ORIENTED_EDGE('',*,*,#2190,.F.);
#3299=ORIENTED_EDGE('',*,*,#2169,.F.);
#3300=ORIENTED_EDGE('',*,*,#2147,.F.);
#3301=ORIENTED_EDGE('',*,*,#2151,.F.);
#3302=ORIENTED_EDGE('',*,*,#2154,.F.);
#3303=ORIENTED_EDGE('',*,*,#2157,.F.);
#3304=ORIENTED_EDGE('',*,*,#2160,.F.);
#3305=ORIENTED_EDGE('',*,*,#2163,.F.);
#3306=ORIENTED_EDGE('',*,*,#2166,.F.);
#3307=ORIENTED_EDGE('',*,*,#2145,.F.);
#3308=ORIENTED_EDGE('',*,*,#2123,.F.);
#3309=ORIENTED_EDGE('',*,*,#2127,.F.);
#3310=ORIENTED_EDGE('',*,*,#2130,.F.);
#3311=ORIENTED_EDGE('',*,*,#2133,.F.);
#3312=ORIENTED_EDGE('',*,*,#2136,.F.);
#3313=ORIENTED_EDGE('',*,*,#2139,.F.);
#3314=ORIENTED_EDGE('',*,*,#2142,.F.);
#3315=ORIENTED_EDGE('',*,*,#2121,.F.);
#3316=ORIENTED_EDGE('',*,*,#2099,.F.);
#3317=ORIENTED_EDGE('',*,*,#2103,.F.);
#3318=ORIENTED_EDGE('',*,*,#2106,.F.);
#3319=ORIENTED_EDGE('',*,*,#2109,.F.);
#3320=ORIENTED_EDGE('',*,*,#2112,.F.);
#3321=ORIENTED_EDGE('',*,*,#2115,.F.);
#3322=ORIENTED_EDGE('',*,*,#2118,.F.);
#3323=ORIENTED_EDGE('',*,*,#2097,.F.);
#3324=ORIENTED_EDGE('',*,*,#2075,.F.);
#3325=ORIENTED_EDGE('',*,*,#2079,.F.);
#3326=ORIENTED_EDGE('',*,*,#2082,.F.);
#3327=ORIENTED_EDGE('',*,*,#2085,.F.);
#3328=ORIENTED_EDGE('',*,*,#2088,.F.);
#3329=ORIENTED_EDGE('',*,*,#2091,.F.);
#3330=ORIENTED_EDGE('',*,*,#2094,.F.);
#3331=ORIENTED_EDGE('',*,*,#2073,.F.);
#3332=ORIENTED_EDGE('',*,*,#2051,.F.);
#3333=ORIENTED_EDGE('',*,*,#2055,.F.);
#3334=ORIENTED_EDGE('',*,*,#2058,.F.);
#3335=ORIENTED_EDGE('',*,*,#2061,.F.);
#3336=ORIENTED_EDGE('',*,*,#2064,.F.);
#3337=ORIENTED_EDGE('',*,*,#2067,.F.);
#3338=ORIENTED_EDGE('',*,*,#2070,.F.);
#3339=ORIENTED_EDGE('',*,*,#2049,.F.);
#3340=ORIENTED_EDGE('',*,*,#2027,.F.);
#3341=ORIENTED_EDGE('',*,*,#2031,.F.);
#3342=ORIENTED_EDGE('',*,*,#2034,.F.);
#3343=ORIENTED_EDGE('',*,*,#2037,.F.);
#3344=ORIENTED_EDGE('',*,*,#2040,.F.);
#3345=ORIENTED_EDGE('',*,*,#2043,.F.);
#3346=ORIENTED_EDGE('',*,*,#2046,.F.);
#3347=ORIENTED_EDGE('',*,*,#2025,.F.);
#3348=ORIENTED_EDGE('',*,*,#2003,.F.);
#3349=ORIENTED_EDGE('',*,*,#2007,.F.);
#3350=ORIENTED_EDGE('',*,*,#2010,.F.);
#3351=ORIENTED_EDGE('',*,*,#2013,.F.);
#3352=ORIENTED_EDGE('',*,*,#2016,.F.);
#3353=ORIENTED_EDGE('',*,*,#2019,.F.);
#3354=ORIENTED_EDGE('',*,*,#2022,.F.);
#3355=ORIENTED_EDGE('',*,*,#2001,.F.);
#3356=ORIENTED_EDGE('',*,*,#1979,.F.);
#3357=ORIENTED_EDGE('',*,*,#1983,.F.);
#3358=ORIENTED_EDGE('',*,*,#1986,.F.);
#3359=ORIENTED_EDGE('',*,*,#1989,.F.);
#3360=ORIENTED_EDGE('',*,*,#1992,.F.);
#3361=ORIENTED_EDGE('',*,*,#1995,.F.);
#3362=ORIENTED_EDGE('',*,*,#1998,.F.);
#3363=ORIENTED_EDGE('',*,*,#1977,.F.);
#3364=ORIENTED_EDGE('',*,*,#1955,.F.);
#3365=ORIENTED_EDGE('',*,*,#1959,.F.);
#3366=ORIENTED_EDGE('',*,*,#1962,.F.);
#3367=ORIENTED_EDGE('',*,*,#1965,.F.);
#3368=ORIENTED_EDGE('',*,*,#1968,.F.);
#3369=ORIENTED_EDGE('',*,*,#1971,.F.);
#3370=ORIENTED_EDGE('',*,*,#1974,.F.);
#3371=ORIENTED_EDGE('',*,*,#1953,.F.);
#3372=ORIENTED_EDGE('',*,*,#1931,.F.);
#3373=ORIENTED_EDGE('',*,*,#1935,.F.);
#3374=ORIENTED_EDGE('',*,*,#1938,.F.);
#3375=ORIENTED_EDGE('',*,*,#1941,.F.);
#3376=ORIENTED_EDGE('',*,*,#1944,.F.);
#3377=ORIENTED_EDGE('',*,*,#1947,.F.);
#3378=ORIENTED_EDGE('',*,*,#1950,.F.);
#3379=ORIENTED_EDGE('',*,*,#1929,.F.);
#3380=ORIENTED_EDGE('',*,*,#1907,.F.);
#3381=ORIENTED_EDGE('',*,*,#1911,.F.);
#3382=ORIENTED_EDGE('',*,*,#1914,.F.);
#3383=ORIENTED_EDGE('',*,*,#1917,.F.);
#3384=ORIENTED_EDGE('',*,*,#1920,.F.);
#3385=ORIENTED_EDGE('',*,*,#1923,.F.);
#3386=ORIENTED_EDGE('',*,*,#1926,.F.);
#3387=ORIENTED_EDGE('',*,*,#1885,.T.);
#3388=ORIENTED_EDGE('',*,*,#1889,.T.);
#3389=ORIENTED_EDGE('',*,*,#1892,.T.);
#3390=ORIENTED_EDGE('',*,*,#1895,.T.);
#3391=ORIENTED_EDGE('',*,*,#1898,.T.);
#3392=ORIENTED_EDGE('',*,*,#1901,.T.);
#3393=ORIENTED_EDGE('',*,*,#1904,.T.);
#3394=ORIENTED_EDGE('',*,*,#1906,.T.);
#3395=ORIENTED_EDGE('',*,*,#2339,.T.);
#3396=ORIENTED_EDGE('',*,*,#2340,.T.);
#3397=ORIENTED_EDGE('',*,*,#2341,.F.);
#3398=ORIENTED_EDGE('',*,*,#2342,.F.);
#3399=ORIENTED_EDGE('',*,*,#2343,.F.);
#3400=ORIENTED_EDGE('',*,*,#2342,.T.);
#3401=ORIENTED_EDGE('',*,*,#2344,.F.);
#3402=ORIENTED_EDGE('',*,*,#2345,.F.);
#3403=ORIENTED_EDGE('',*,*,#2346,.T.);
#3404=ORIENTED_EDGE('',*,*,#2345,.T.);
#3405=ORIENTED_EDGE('',*,*,#2347,.F.);
#3406=ORIENTED_EDGE('',*,*,#2348,.F.);
#3407=ORIENTED_EDGE('',*,*,#2349,.F.);
#3408=ORIENTED_EDGE('',*,*,#2348,.T.);
#3409=ORIENTED_EDGE('',*,*,#2350,.F.);
#3410=ORIENTED_EDGE('',*,*,#2351,.F.);
#3411=ORIENTED_EDGE('',*,*,#2352,.T.);
#3412=ORIENTED_EDGE('',*,*,#2351,.T.);
#3413=ORIENTED_EDGE('',*,*,#2353,.F.);
#3414=ORIENTED_EDGE('',*,*,#2354,.F.);
#3415=ORIENTED_EDGE('',*,*,#2355,.F.);
#3416=ORIENTED_EDGE('',*,*,#2354,.T.);
#3417=ORIENTED_EDGE('',*,*,#2356,.F.);
#3418=ORIENTED_EDGE('',*,*,#2357,.F.);
#3419=ORIENTED_EDGE('',*,*,#2358,.T.);
#3420=ORIENTED_EDGE('',*,*,#2357,.T.);
#3421=ORIENTED_EDGE('',*,*,#2359,.F.);
#3422=ORIENTED_EDGE('',*,*,#2360,.F.);
#3423=ORIENTED_EDGE('',*,*,#2361,.F.);
#3424=ORIENTED_EDGE('',*,*,#2360,.T.);
#3425=ORIENTED_EDGE('',*,*,#2362,.F.);
#3426=ORIENTED_EDGE('',*,*,#2340,.F.);
#3427=ORIENTED_EDGE('',*,*,#2361,.T.);
#3428=ORIENTED_EDGE('',*,*,#2339,.F.);
#3429=ORIENTED_EDGE('',*,*,#2343,.T.);
#3430=ORIENTED_EDGE('',*,*,#2346,.F.);
#3431=ORIENTED_EDGE('',*,*,#2349,.T.);
#3432=ORIENTED_EDGE('',*,*,#2352,.F.);
#3433=ORIENTED_EDGE('',*,*,#2355,.T.);
#3434=ORIENTED_EDGE('',*,*,#2358,.F.);
#3435=ORIENTED_EDGE('',*,*,#2362,.T.);
#3436=ORIENTED_EDGE('',*,*,#2359,.T.);
#3437=ORIENTED_EDGE('',*,*,#2356,.T.);
#3438=ORIENTED_EDGE('',*,*,#2353,.T.);
#3439=ORIENTED_EDGE('',*,*,#2350,.T.);
#3440=ORIENTED_EDGE('',*,*,#2347,.T.);
#3441=ORIENTED_EDGE('',*,*,#2344,.T.);
#3442=ORIENTED_EDGE('',*,*,#2341,.T.);
#3443=PLANE('',#3745);
#3444=PLANE('',#3749);
#3445=PLANE('',#3753);
#3446=PLANE('',#3757);
#3447=PLANE('',#3761);
#3448=PLANE('',#3762);
#3449=PLANE('',#3763);
#3450=PLANE('',#3764);
#3451=PLANE('',#3765);
#3452=PLANE('',#3770);
#3453=PLANE('',#3773);
#3454=PLANE('',#3776);
#3455=PLANE('',#3779);
#3456=PLANE('',#3782);
#3457=PLANE('',#3783);
#3458=PLANE('',#3784);
#3459=PLANE('',#3788);
#3460=PLANE('',#3792);
#3461=PLANE('',#3796);
#3462=PLANE('',#3800);
#3463=PLANE('',#3804);
#3464=PLANE('',#3808);
#3465=PLANE('',#3812);
#3466=PLANE('',#3816);
#3467=PLANE('',#3820);
#3468=PLANE('',#3824);
#3469=PLANE('',#3828);
#3470=PLANE('',#3832);
#3471=PLANE('',#3836);
#3472=PLANE('',#3840);
#3473=PLANE('',#3844);
#3474=PLANE('',#3848);
#3475=PLANE('',#3852);
#3476=PLANE('',#3856);
#3477=PLANE('',#3860);
#3478=PLANE('',#3864);
#3479=PLANE('',#3868);
#3480=PLANE('',#3872);
#3481=PLANE('',#3876);
#3482=PLANE('',#3880);
#3483=PLANE('',#3884);
#3484=PLANE('',#3888);
#3485=PLANE('',#3892);
#3486=PLANE('',#3896);
#3487=PLANE('',#3900);
#3488=PLANE('',#3904);
#3489=PLANE('',#3908);
#3490=PLANE('',#3912);
#3491=PLANE('',#3916);
#3492=PLANE('',#3920);
#3493=PLANE('',#3924);
#3494=PLANE('',#3928);
#3495=PLANE('',#3932);
#3496=PLANE('',#3936);
#3497=PLANE('',#3940);
#3498=PLANE('',#3944);
#3499=PLANE('',#3948);
#3500=PLANE('',#3952);
#3501=PLANE('',#3956);
#3502=PLANE('',#3960);
#3503=PLANE('',#3964);
#3504=PLANE('',#3968);
#3505=PLANE('',#3972);
#3506=PLANE('',#3976);
#3507=PLANE('',#3980);
#3508=PLANE('',#3984);
#3509=PLANE('',#3988);
#3510=PLANE('',#3992);
#3511=PLANE('',#3996);
#3512=PLANE('',#4000);
#3513=PLANE('',#4004);
#3514=PLANE('',#4008);
#3515=PLANE('',#4012);
#3516=PLANE('',#4016);
#3517=PLANE('',#4020);
#3518=PLANE('',#4024);
#3519=PLANE('',#4028);
#3520=PLANE('',#4032);
#3521=PLANE('',#4036);
#3522=PLANE('',#4040);
#3523=PLANE('',#4044);
#3524=PLANE('',#4048);
#3525=PLANE('',#4052);
#3526=PLANE('',#4056);
#3527=PLANE('',#4060);
#3528=PLANE('',#4064);
#3529=PLANE('',#4068);
#3530=PLANE('',#4072);
#3531=PLANE('',#4076);
#3532=PLANE('',#4080);
#3533=PLANE('',#4084);
#3534=PLANE('',#4088);
#3535=PLANE('',#4089);
#3536=PLANE('',#4090);
#3537=PLANE('',#4094);
#3538=PLANE('',#4098);
#3539=PLANE('',#4102);
#3540=PLANE('',#4106);
#3541=PLANE('',#4107);
#3542=ADVANCED_FACE('',(#322),#3443,.F.);
#3543=ADVANCED_FACE('',(#323),#234,.F.);
#3544=ADVANCED_FACE('',(#324),#3444,.F.);
#3545=ADVANCED_FACE('',(#325),#235,.F.);
#3546=ADVANCED_FACE('',(#326),#3445,.F.);
#3547=ADVANCED_FACE('',(#327),#236,.F.);
#3548=ADVANCED_FACE('',(#328),#3446,.F.);
#3549=ADVANCED_FACE('',(#329),#237,.F.);
#3550=ADVANCED_FACE('',(#330),#3447,.T.);
#3551=ADVANCED_FACE('',(#331),#3448,.T.);
#3552=ADVANCED_FACE('',(#332,#19),#3449,.T.);
#3553=ADVANCED_FACE('',(#333),#3450,.T.);
#3554=ADVANCED_FACE('',(#334,#20),#3451,.T.);
#3555=ADVANCED_FACE('',(#335,#21),#3452,.T.);
#3556=ADVANCED_FACE('',(#336),#238,.T.);
#3557=ADVANCED_FACE('',(#337),#3453,.T.);
#3558=ADVANCED_FACE('',(#338),#239,.T.);
#3559=ADVANCED_FACE('',(#339),#3454,.T.);
#3560=ADVANCED_FACE('',(#340),#240,.T.);
#3561=ADVANCED_FACE('',(#341),#3455,.T.);
#3562=ADVANCED_FACE('',(#342),#241,.T.);
#3563=ADVANCED_FACE('',(#343),#3456,.T.);
#3564=ADVANCED_FACE('',(#344),#3457,.F.);
#3565=ADVANCED_FACE('',(#345),#3458,.F.);
#3566=ADVANCED_FACE('',(#346),#242,.F.);
#3567=ADVANCED_FACE('',(#347),#3459,.F.);
#3568=ADVANCED_FACE('',(#348),#243,.F.);
#3569=ADVANCED_FACE('',(#349),#3460,.F.);
#3570=ADVANCED_FACE('',(#350),#244,.F.);
#3571=ADVANCED_FACE('',(#351),#3461,.F.);
#3572=ADVANCED_FACE('',(#352),#245,.F.);
#3573=ADVANCED_FACE('',(#353),#3462,.T.);
#3574=ADVANCED_FACE('',(#354),#246,.F.);
#3575=ADVANCED_FACE('',(#355),#3463,.T.);
#3576=ADVANCED_FACE('',(#356),#247,.F.);
#3577=ADVANCED_FACE('',(#357),#3464,.T.);
#3578=ADVANCED_FACE('',(#358),#248,.F.);
#3579=ADVANCED_FACE('',(#359),#3465,.T.);
#3580=ADVANCED_FACE('',(#360),#249,.F.);
#3581=ADVANCED_FACE('',(#361),#3466,.T.);
#3582=ADVANCED_FACE('',(#362),#250,.F.);
#3583=ADVANCED_FACE('',(#363),#3467,.T.);
#3584=ADVANCED_FACE('',(#364),#251,.F.);
#3585=ADVANCED_FACE('',(#365),#3468,.T.);
#3586=ADVANCED_FACE('',(#366),#252,.F.);
#3587=ADVANCED_FACE('',(#367),#3469,.T.);
#3588=ADVANCED_FACE('',(#368),#253,.F.);
#3589=ADVANCED_FACE('',(#369),#3470,.T.);
#3590=ADVANCED_FACE('',(#370),#254,.F.);
#3591=ADVANCED_FACE('',(#371),#3471,.T.);
#3592=ADVANCED_FACE('',(#372),#255,.F.);
#3593=ADVANCED_FACE('',(#373),#3472,.T.);
#3594=ADVANCED_FACE('',(#374),#256,.F.);
#3595=ADVANCED_FACE('',(#375),#3473,.T.);
#3596=ADVANCED_FACE('',(#376),#257,.F.);
#3597=ADVANCED_FACE('',(#377),#3474,.T.);
#3598=ADVANCED_FACE('',(#378),#258,.F.);
#3599=ADVANCED_FACE('',(#379),#3475,.T.);
#3600=ADVANCED_FACE('',(#380),#259,.F.);
#3601=ADVANCED_FACE('',(#381),#3476,.T.);
#3602=ADVANCED_FACE('',(#382),#260,.F.);
#3603=ADVANCED_FACE('',(#383),#3477,.T.);
#3604=ADVANCED_FACE('',(#384),#261,.F.);
#3605=ADVANCED_FACE('',(#385),#3478,.T.);
#3606=ADVANCED_FACE('',(#386),#262,.F.);
#3607=ADVANCED_FACE('',(#387),#3479,.T.);
#3608=ADVANCED_FACE('',(#388),#263,.F.);
#3609=ADVANCED_FACE('',(#389),#3480,.T.);
#3610=ADVANCED_FACE('',(#390),#264,.F.);
#3611=ADVANCED_FACE('',(#391),#3481,.T.);
#3612=ADVANCED_FACE('',(#392),#265,.F.);
#3613=ADVANCED_FACE('',(#393),#3482,.T.);
#3614=ADVANCED_FACE('',(#394),#266,.F.);
#3615=ADVANCED_FACE('',(#395),#3483,.T.);
#3616=ADVANCED_FACE('',(#396),#267,.F.);
#3617=ADVANCED_FACE('',(#397),#3484,.T.);
#3618=ADVANCED_FACE('',(#398),#268,.F.);
#3619=ADVANCED_FACE('',(#399),#3485,.T.);
#3620=ADVANCED_FACE('',(#400),#269,.F.);
#3621=ADVANCED_FACE('',(#401),#3486,.T.);
#3622=ADVANCED_FACE('',(#402),#270,.F.);
#3623=ADVANCED_FACE('',(#403),#3487,.T.);
#3624=ADVANCED_FACE('',(#404),#271,.F.);
#3625=ADVANCED_FACE('',(#405),#3488,.T.);
#3626=ADVANCED_FACE('',(#406),#272,.F.);
#3627=ADVANCED_FACE('',(#407),#3489,.T.);
#3628=ADVANCED_FACE('',(#408),#273,.F.);
#3629=ADVANCED_FACE('',(#409),#3490,.T.);
#3630=ADVANCED_FACE('',(#410),#274,.F.);
#3631=ADVANCED_FACE('',(#411),#3491,.T.);
#3632=ADVANCED_FACE('',(#412),#275,.F.);
#3633=ADVANCED_FACE('',(#413),#3492,.T.);
#3634=ADVANCED_FACE('',(#414),#276,.F.);
#3635=ADVANCED_FACE('',(#415),#3493,.T.);
#3636=ADVANCED_FACE('',(#416),#277,.F.);
#3637=ADVANCED_FACE('',(#417),#3494,.T.);
#3638=ADVANCED_FACE('',(#418),#278,.F.);
#3639=ADVANCED_FACE('',(#419),#3495,.T.);
#3640=ADVANCED_FACE('',(#420),#279,.F.);
#3641=ADVANCED_FACE('',(#421),#3496,.T.);
#3642=ADVANCED_FACE('',(#422),#280,.F.);
#3643=ADVANCED_FACE('',(#423),#3497,.T.);
#3644=ADVANCED_FACE('',(#424),#281,.F.);
#3645=ADVANCED_FACE('',(#425),#3498,.T.);
#3646=ADVANCED_FACE('',(#426),#282,.F.);
#3647=ADVANCED_FACE('',(#427),#3499,.T.);
#3648=ADVANCED_FACE('',(#428),#283,.F.);
#3649=ADVANCED_FACE('',(#429),#3500,.T.);
#3650=ADVANCED_FACE('',(#430),#284,.F.);
#3651=ADVANCED_FACE('',(#431),#3501,.T.);
#3652=ADVANCED_FACE('',(#432),#285,.F.);
#3653=ADVANCED_FACE('',(#433),#3502,.T.);
#3654=ADVANCED_FACE('',(#434),#286,.F.);
#3655=ADVANCED_FACE('',(#435),#3503,.T.);
#3656=ADVANCED_FACE('',(#436),#287,.F.);
#3657=ADVANCED_FACE('',(#437),#3504,.T.);
#3658=ADVANCED_FACE('',(#438),#288,.F.);
#3659=ADVANCED_FACE('',(#439),#3505,.T.);
#3660=ADVANCED_FACE('',(#440),#289,.F.);
#3661=ADVANCED_FACE('',(#441),#3506,.T.);
#3662=ADVANCED_FACE('',(#442),#290,.F.);
#3663=ADVANCED_FACE('',(#443),#3507,.T.);
#3664=ADVANCED_FACE('',(#444),#291,.F.);
#3665=ADVANCED_FACE('',(#445),#3508,.T.);
#3666=ADVANCED_FACE('',(#446),#292,.F.);
#3667=ADVANCED_FACE('',(#447),#3509,.T.);
#3668=ADVANCED_FACE('',(#448),#293,.F.);
#3669=ADVANCED_FACE('',(#449),#3510,.T.);
#3670=ADVANCED_FACE('',(#450),#294,.F.);
#3671=ADVANCED_FACE('',(#451),#3511,.T.);
#3672=ADVANCED_FACE('',(#452),#295,.F.);
#3673=ADVANCED_FACE('',(#453),#3512,.T.);
#3674=ADVANCED_FACE('',(#454),#296,.F.);
#3675=ADVANCED_FACE('',(#455),#3513,.T.);
#3676=ADVANCED_FACE('',(#456),#297,.F.);
#3677=ADVANCED_FACE('',(#457),#3514,.T.);
#3678=ADVANCED_FACE('',(#458),#298,.F.);
#3679=ADVANCED_FACE('',(#459),#3515,.T.);
#3680=ADVANCED_FACE('',(#460),#299,.F.);
#3681=ADVANCED_FACE('',(#461),#3516,.T.);
#3682=ADVANCED_FACE('',(#462),#300,.F.);
#3683=ADVANCED_FACE('',(#463),#3517,.T.);
#3684=ADVANCED_FACE('',(#464),#301,.F.);
#3685=ADVANCED_FACE('',(#465),#3518,.T.);
#3686=ADVANCED_FACE('',(#466),#302,.F.);
#3687=ADVANCED_FACE('',(#467),#3519,.T.);
#3688=ADVANCED_FACE('',(#468),#303,.F.);
#3689=ADVANCED_FACE('',(#469),#3520,.T.);
#3690=ADVANCED_FACE('',(#470),#304,.F.);
#3691=ADVANCED_FACE('',(#471),#3521,.T.);
#3692=ADVANCED_FACE('',(#472),#305,.F.);
#3693=ADVANCED_FACE('',(#473),#3522,.T.);
#3694=ADVANCED_FACE('',(#474),#306,.F.);
#3695=ADVANCED_FACE('',(#475),#3523,.T.);
#3696=ADVANCED_FACE('',(#476),#307,.F.);
#3697=ADVANCED_FACE('',(#477),#3524,.T.);
#3698=ADVANCED_FACE('',(#478),#308,.F.);
#3699=ADVANCED_FACE('',(#479),#3525,.T.);
#3700=ADVANCED_FACE('',(#480),#309,.F.);
#3701=ADVANCED_FACE('',(#481),#3526,.T.);
#3702=ADVANCED_FACE('',(#482),#310,.F.);
#3703=ADVANCED_FACE('',(#483),#3527,.T.);
#3704=ADVANCED_FACE('',(#484),#311,.F.);
#3705=ADVANCED_FACE('',(#485),#3528,.T.);
#3706=ADVANCED_FACE('',(#486),#312,.F.);
#3707=ADVANCED_FACE('',(#487),#3529,.T.);
#3708=ADVANCED_FACE('',(#488),#313,.F.);
#3709=ADVANCED_FACE('',(#489),#3530,.T.);
#3710=ADVANCED_FACE('',(#490),#314,.T.);
#3711=ADVANCED_FACE('',(#491),#3531,.T.);
#3712=ADVANCED_FACE('',(#492),#315,.T.);
#3713=ADVANCED_FACE('',(#493),#3532,.T.);
#3714=ADVANCED_FACE('',(#494),#316,.T.);
#3715=ADVANCED_FACE('',(#495),#3533,.T.);
#3716=ADVANCED_FACE('',(#496),#317,.T.);
#3717=ADVANCED_FACE('',(#497,#22,#23,#24,#25,#26,#27,#28,#29,#30,#31,#32,
#33,#34,#35,#36,#37,#38,#39),#3534,.T.);
#3718=ADVANCED_FACE('',(#498,#40,#41,#42,#43,#44,#45,#46,#47,#48,#49,#50,
#51,#52,#53,#54,#55,#56,#57),#3535,.F.);
#3719=ADVANCED_FACE('',(#499),#3536,.T.);
#3720=ADVANCED_FACE('',(#500),#318,.T.);
#3721=ADVANCED_FACE('',(#501),#3537,.T.);
#3722=ADVANCED_FACE('',(#502),#319,.T.);
#3723=ADVANCED_FACE('',(#503),#3538,.T.);
#3724=ADVANCED_FACE('',(#504),#320,.T.);
#3725=ADVANCED_FACE('',(#505),#3539,.T.);
#3726=ADVANCED_FACE('',(#506),#321,.T.);
#3727=ADVANCED_FACE('',(#507),#3540,.T.);
#3728=ADVANCED_FACE('',(#508),#3541,.F.);
#3729=CLOSED_SHELL('',(#3542,#3543,#3544,#3545,#3546,#3547,#3548,#3549,
#3550,#3551,#3552,#3553,#3554,#3555,#3556,#3557,#3558,#3559,#3560,#3561,
#3562,#3563,#3564));
#3730=CLOSED_SHELL('',(#3565,#3566,#3567,#3568,#3569,#3570,#3571,#3572,
#3573,#3574,#3575,#3576,#3577,#3578,#3579,#3580,#3581,#3582,#3583,#3584,
#3585,#3586,#3587,#3588,#3589,#3590,#3591,#3592,#3593,#3594,#3595,#3596,
#3597,#3598,#3599,#3600,#3601,#3602,#3603,#3604,#3605,#3606,#3607,#3608,
#3609,#3610,#3611,#3612,#3613,#3614,#3615,#3616,#3617,#3618,#3619,#3620,
#3621,#3622,#3623,#3624,#3625,#3626,#3627,#3628,#3629,#3630,#3631,#3632,
#3633,#3634,#3635,#3636,#3637,#3638,#3639,#3640,#3641,#3642,#3643,#3644,
#3645,#3646,#3647,#3648,#3649,#3650,#3651,#3652,#3653,#3654,#3655,#3656,
#3657,#3658,#3659,#3660,#3661,#3662,#3663,#3664,#3665,#3666,#3667,#3668,
#3669,#3670,#3671,#3672,#3673,#3674,#3675,#3676,#3677,#3678,#3679,#3680,
#3681,#3682,#3683,#3684,#3685,#3686,#3687,#3688,#3689,#3690,#3691,#3692,
#3693,#3694,#3695,#3696,#3697,#3698,#3699,#3700,#3701,#3702,#3703,#3704,
#3705,#3706,#3707,#3708,#3709,#3710,#3711,#3712,#3713,#3714,#3715,#3716,
#3717,#3718));
#3731=CLOSED_SHELL('',(#3719,#3720,#3721,#3722,#3723,#3724,#3725,#3726,
#3727,#3728));
#3732=DERIVED_UNIT_ELEMENT(#3734,1.);
#3733=DERIVED_UNIT_ELEMENT(#6293,-3.);
#3734=(
MASS_UNIT()
NAMED_UNIT(*)
SI_UNIT(.KILO.,.GRAM.)
);
#3735=DERIVED_UNIT((#3732,#3733));
#3736=MEASURE_REPRESENTATION_ITEM('density measure',
POSITIVE_RATIO_MEASURE(7850.),#3735);
#3737=PROPERTY_DEFINITION_REPRESENTATION(#3742,#3739);
#3738=PROPERTY_DEFINITION_REPRESENTATION(#3743,#3740);
#3739=REPRESENTATION('material name',(#3741),#6290);
#3740=REPRESENTATION('density',(#3736),#6290);
#3741=DESCRIPTIVE_REPRESENTATION_ITEM('Steel','Steel');
#3742=PROPERTY_DEFINITION('material property','material name',#6300);
#3743=PROPERTY_DEFINITION('material property','density of part',#6300);
#3744=AXIS2_PLACEMENT_3D('',#5200,#4108,#4109);
#3745=AXIS2_PLACEMENT_3D('',#5201,#4110,#4111);
#3746=AXIS2_PLACEMENT_3D('',#5210,#4116,#4117);
#3747=AXIS2_PLACEMENT_3D('',#5212,#4118,#4119);
#3748=AXIS2_PLACEMENT_3D('',#5214,#4120,#4121);
#3749=AXIS2_PLACEMENT_3D('',#5216,#4123,#4124);
#3750=AXIS2_PLACEMENT_3D('',#5222,#4128,#4129);
#3751=AXIS2_PLACEMENT_3D('',#5224,#4130,#4131);
#3752=AXIS2_PLACEMENT_3D('',#5226,#4132,#4133);
#3753=AXIS2_PLACEMENT_3D('',#5228,#4135,#4136);
#3754=AXIS2_PLACEMENT_3D('',#5234,#4140,#4141);
#3755=AXIS2_PLACEMENT_3D('',#5236,#4142,#4143);
#3756=AXIS2_PLACEMENT_3D('',#5238,#4144,#4145);
#3757=AXIS2_PLACEMENT_3D('',#5240,#4147,#4148);
#3758=AXIS2_PLACEMENT_3D('',#5246,#4152,#4153);
#3759=AXIS2_PLACEMENT_3D('',#5247,#4154,#4155);
#3760=AXIS2_PLACEMENT_3D('',#5248,#4156,#4157);
#3761=AXIS2_PLACEMENT_3D('',#5249,#4158,#4159);
#3762=AXIS2_PLACEMENT_3D('',#5258,#4164,#4165);
#3763=AXIS2_PLACEMENT_3D('',#5264,#4169,#4170);
#3764=AXIS2_PLACEMENT_3D('',#5270,#4174,#4175);
#3765=AXIS2_PLACEMENT_3D('',#5273,#4178,#4179);
#3766=AXIS2_PLACEMENT_3D('',#5276,#4180,#4181);
#3767=AXIS2_PLACEMENT_3D('',#5280,#4183,#4184);
#3768=AXIS2_PLACEMENT_3D('',#5284,#4186,#4187);
#3769=AXIS2_PLACEMENT_3D('',#5288,#4189,#4190);
#3770=AXIS2_PLACEMENT_3D('',#5290,#4192,#4193);
#3771=AXIS2_PLACEMENT_3D('',#5296,#4197,#4198);
#3772=AXIS2_PLACEMENT_3D('',#5298,#4199,#4200);
#3773=AXIS2_PLACEMENT_3D('',#5300,#4202,#4203);
#3774=AXIS2_PLACEMENT_3D('',#5304,#4206,#4207);
#3775=AXIS2_PLACEMENT_3D('',#5306,#4208,#4209);
#3776=AXIS2_PLACEMENT_3D('',#5308,#4211,#4212);
#3777=AXIS2_PLACEMENT_3D('',#5312,#4215,#4216);
#3778=AXIS2_PLACEMENT_3D('',#5314,#4217,#4218);
#3779=AXIS2_PLACEMENT_3D('',#5316,#4220,#4221);
#3780=AXIS2_PLACEMENT_3D('',#5320,#4224,#4225);
#3781=AXIS2_PLACEMENT_3D('',#5321,#4226,#4227);
#3782=AXIS2_PLACEMENT_3D('',#5322,#4228,#4229);
#3783=AXIS2_PLACEMENT_3D('',#5323,#4230,#4231);
#3784=AXIS2_PLACEMENT_3D('',#5324,#4232,#4233);
#3785=AXIS2_PLACEMENT_3D('',#5333,#4238,#4239);
#3786=AXIS2_PLACEMENT_3D('',#5335,#4240,#4241);
#3787=AXIS2_PLACEMENT_3D('',#5338,#4243,#4244);
#3788=AXIS2_PLACEMENT_3D('',#5339,#4245,#4246);
#3789=AXIS2_PLACEMENT_3D('',#5345,#4250,#4251);
#3790=AXIS2_PLACEMENT_3D('',#5347,#4252,#4253);
#3791=AXIS2_PLACEMENT_3D('',#5350,#4255,#4256);
#3792=AXIS2_PLACEMENT_3D('',#5351,#4257,#4258);
#3793=AXIS2_PLACEMENT_3D('',#5357,#4262,#4263);
#3794=AXIS2_PLACEMENT_3D('',#5359,#4264,#4265);
#3795=AXIS2_PLACEMENT_3D('',#5362,#4267,#4268);
#3796=AXIS2_PLACEMENT_3D('',#5363,#4269,#4270);
#3797=AXIS2_PLACEMENT_3D('',#5369,#4274,#4275);
#3798=AXIS2_PLACEMENT_3D('',#5370,#4276,#4277);
#3799=AXIS2_PLACEMENT_3D('',#5371,#4278,#4279);
#3800=AXIS2_PLACEMENT_3D('',#5372,#4280,#4281);
#3801=AXIS2_PLACEMENT_3D('',#5381,#4286,#4287);
#3802=AXIS2_PLACEMENT_3D('',#5383,#4288,#4289);
#3803=AXIS2_PLACEMENT_3D('',#5385,#4290,#4291);
#3804=AXIS2_PLACEMENT_3D('',#5387,#4293,#4294);
#3805=AXIS2_PLACEMENT_3D('',#5393,#4298,#4299);
#3806=AXIS2_PLACEMENT_3D('',#5395,#4300,#4301);
#3807=AXIS2_PLACEMENT_3D('',#5397,#4302,#4303);
#3808=AXIS2_PLACEMENT_3D('',#5399,#4305,#4306);
#3809=AXIS2_PLACEMENT_3D('',#5405,#4310,#4311);
#3810=AXIS2_PLACEMENT_3D('',#5407,#4312,#4313);
#3811=AXIS2_PLACEMENT_3D('',#5409,#4314,#4315);
#3812=AXIS2_PLACEMENT_3D('',#5411,#4317,#4318);
#3813=AXIS2_PLACEMENT_3D('',#5417,#4322,#4323);
#3814=AXIS2_PLACEMENT_3D('',#5418,#4324,#4325);
#3815=AXIS2_PLACEMENT_3D('',#5419,#4326,#4327);
#3816=AXIS2_PLACEMENT_3D('',#5420,#4328,#4329);
#3817=AXIS2_PLACEMENT_3D('',#5429,#4334,#4335);
#3818=AXIS2_PLACEMENT_3D('',#5431,#4336,#4337);
#3819=AXIS2_PLACEMENT_3D('',#5433,#4338,#4339);
#3820=AXIS2_PLACEMENT_3D('',#5435,#4341,#4342);
#3821=AXIS2_PLACEMENT_3D('',#5441,#4346,#4347);
#3822=AXIS2_PLACEMENT_3D('',#5443,#4348,#4349);
#3823=AXIS2_PLACEMENT_3D('',#5445,#4350,#4351);
#3824=AXIS2_PLACEMENT_3D('',#5447,#4353,#4354);
#3825=AXIS2_PLACEMENT_3D('',#5453,#4358,#4359);
#3826=AXIS2_PLACEMENT_3D('',#5455,#4360,#4361);
#3827=AXIS2_PLACEMENT_3D('',#5457,#4362,#4363);
#3828=AXIS2_PLACEMENT_3D('',#5459,#4365,#4366);
#3829=AXIS2_PLACEMENT_3D('',#5465,#4370,#4371);
#3830=AXIS2_PLACEMENT_3D('',#5466,#4372,#4373);
#3831=AXIS2_PLACEMENT_3D('',#5467,#4374,#4375);
#3832=AXIS2_PLACEMENT_3D('',#5468,#4376,#4377);
#3833=AXIS2_PLACEMENT_3D('',#5477,#4382,#4383);
#3834=AXIS2_PLACEMENT_3D('',#5479,#4384,#4385);
#3835=AXIS2_PLACEMENT_3D('',#5481,#4386,#4387);
#3836=AXIS2_PLACEMENT_3D('',#5483,#4389,#4390);
#3837=AXIS2_PLACEMENT_3D('',#5489,#4394,#4395);
#3838=AXIS2_PLACEMENT_3D('',#5491,#4396,#4397);
#3839=AXIS2_PLACEMENT_3D('',#5493,#4398,#4399);
#3840=AXIS2_PLACEMENT_3D('',#5495,#4401,#4402);
#3841=AXIS2_PLACEMENT_3D('',#5501,#4406,#4407);
#3842=AXIS2_PLACEMENT_3D('',#5503,#4408,#4409);
#3843=AXIS2_PLACEMENT_3D('',#5505,#4410,#4411);
#3844=AXIS2_PLACEMENT_3D('',#5507,#4413,#4414);
#3845=AXIS2_PLACEMENT_3D('',#5513,#4418,#4419);
#3846=AXIS2_PLACEMENT_3D('',#5514,#4420,#4421);
#3847=AXIS2_PLACEMENT_3D('',#5515,#4422,#4423);
#3848=AXIS2_PLACEMENT_3D('',#5516,#4424,#4425);
#3849=AXIS2_PLACEMENT_3D('',#5525,#4430,#4431);
#3850=AXIS2_PLACEMENT_3D('',#5527,#4432,#4433);
#3851=AXIS2_PLACEMENT_3D('',#5529,#4434,#4435);
#3852=AXIS2_PLACEMENT_3D('',#5531,#4437,#4438);
#3853=AXIS2_PLACEMENT_3D('',#5537,#4442,#4443);
#3854=AXIS2_PLACEMENT_3D('',#5539,#4444,#4445);
#3855=AXIS2_PLACEMENT_3D('',#5541,#4446,#4447);
#3856=AXIS2_PLACEMENT_3D('',#5543,#4449,#4450);
#3857=AXIS2_PLACEMENT_3D('',#5549,#4454,#4455);
#3858=AXIS2_PLACEMENT_3D('',#5551,#4456,#4457);
#3859=AXIS2_PLACEMENT_3D('',#5553,#4458,#4459);
#3860=AXIS2_PLACEMENT_3D('',#5555,#4461,#4462);
#3861=AXIS2_PLACEMENT_3D('',#5561,#4466,#4467);
#3862=AXIS2_PLACEMENT_3D('',#5562,#4468,#4469);
#3863=AXIS2_PLACEMENT_3D('',#5563,#4470,#4471);
#3864=AXIS2_PLACEMENT_3D('',#5564,#4472,#4473);
#3865=AXIS2_PLACEMENT_3D('',#5573,#4478,#4479);
#3866=AXIS2_PLACEMENT_3D('',#5575,#4480,#4481);
#3867=AXIS2_PLACEMENT_3D('',#5577,#4482,#4483);
#3868=AXIS2_PLACEMENT_3D('',#5579,#4485,#4486);
#3869=AXIS2_PLACEMENT_3D('',#5585,#4490,#4491);
#3870=AXIS2_PLACEMENT_3D('',#5587,#4492,#4493);
#3871=AXIS2_PLACEMENT_3D('',#5589,#4494,#4495);
#3872=AXIS2_PLACEMENT_3D('',#5591,#4497,#4498);
#3873=AXIS2_PLACEMENT_3D('',#5597,#4502,#4503);
#3874=AXIS2_PLACEMENT_3D('',#5599,#4504,#4505);
#3875=AXIS2_PLACEMENT_3D('',#5601,#4506,#4507);
#3876=AXIS2_PLACEMENT_3D('',#5603,#4509,#4510);
#3877=AXIS2_PLACEMENT_3D('',#5609,#4514,#4515);
#3878=AXIS2_PLACEMENT_3D('',#5610,#4516,#4517);
#3879=AXIS2_PLACEMENT_3D('',#5611,#4518,#4519);
#3880=AXIS2_PLACEMENT_3D('',#5612,#4520,#4521);
#3881=AXIS2_PLACEMENT_3D('',#5621,#4526,#4527);
#3882=AXIS2_PLACEMENT_3D('',#5623,#4528,#4529);
#3883=AXIS2_PLACEMENT_3D('',#5625,#4530,#4531);
#3884=AXIS2_PLACEMENT_3D('',#5627,#4533,#4534);
#3885=AXIS2_PLACEMENT_3D('',#5633,#4538,#4539);
#3886=AXIS2_PLACEMENT_3D('',#5635,#4540,#4541);
#3887=AXIS2_PLACEMENT_3D('',#5637,#4542,#4543);
#3888=AXIS2_PLACEMENT_3D('',#5639,#4545,#4546);
#3889=AXIS2_PLACEMENT_3D('',#5645,#4550,#4551);
#3890=AXIS2_PLACEMENT_3D('',#5647,#4552,#4553);
#3891=AXIS2_PLACEMENT_3D('',#5649,#4554,#4555);
#3892=AXIS2_PLACEMENT_3D('',#5651,#4557,#4558);
#3893=AXIS2_PLACEMENT_3D('',#5657,#4562,#4563);
#3894=AXIS2_PLACEMENT_3D('',#5658,#4564,#4565);
#3895=AXIS2_PLACEMENT_3D('',#5659,#4566,#4567);
#3896=AXIS2_PLACEMENT_3D('',#5660,#4568,#4569);
#3897=AXIS2_PLACEMENT_3D('',#5669,#4574,#4575);
#3898=AXIS2_PLACEMENT_3D('',#5671,#4576,#4577);
#3899=AXIS2_PLACEMENT_3D('',#5673,#4578,#4579);
#3900=AXIS2_PLACEMENT_3D('',#5675,#4581,#4582);
#3901=AXIS2_PLACEMENT_3D('',#5681,#4586,#4587);
#3902=AXIS2_PLACEMENT_3D('',#5683,#4588,#4589);
#3903=AXIS2_PLACEMENT_3D('',#5685,#4590,#4591);
#3904=AXIS2_PLACEMENT_3D('',#5687,#4593,#4594);
#3905=AXIS2_PLACEMENT_3D('',#5693,#4598,#4599);
#3906=AXIS2_PLACEMENT_3D('',#5695,#4600,#4601);
#3907=AXIS2_PLACEMENT_3D('',#5697,#4602,#4603);
#3908=AXIS2_PLACEMENT_3D('',#5699,#4605,#4606);
#3909=AXIS2_PLACEMENT_3D('',#5705,#4610,#4611);
#3910=AXIS2_PLACEMENT_3D('',#5706,#4612,#4613);
#3911=AXIS2_PLACEMENT_3D('',#5707,#4614,#4615);
#3912=AXIS2_PLACEMENT_3D('',#5708,#4616,#4617);
#3913=AXIS2_PLACEMENT_3D('',#5717,#4622,#4623);
#3914=AXIS2_PLACEMENT_3D('',#5719,#4624,#4625);
#3915=AXIS2_PLACEMENT_3D('',#5721,#4626,#4627);
#3916=AXIS2_PLACEMENT_3D('',#5723,#4629,#4630);
#3917=AXIS2_PLACEMENT_3D('',#5729,#4634,#4635);
#3918=AXIS2_PLACEMENT_3D('',#5731,#4636,#4637);
#3919=AXIS2_PLACEMENT_3D('',#5733,#4638,#4639);
#3920=AXIS2_PLACEMENT_3D('',#5735,#4641,#4642);
#3921=AXIS2_PLACEMENT_3D('',#5741,#4646,#4647);
#3922=AXIS2_PLACEMENT_3D('',#5743,#4648,#4649);
#3923=AXIS2_PLACEMENT_3D('',#5745,#4650,#4651);
#3924=AXIS2_PLACEMENT_3D('',#5747,#4653,#4654);
#3925=AXIS2_PLACEMENT_3D('',#5753,#4658,#4659);
#3926=AXIS2_PLACEMENT_3D('',#5754,#4660,#4661);
#3927=AXIS2_PLACEMENT_3D('',#5755,#4662,#4663);
#3928=AXIS2_PLACEMENT_3D('',#5756,#4664,#4665);
#3929=AXIS2_PLACEMENT_3D('',#5765,#4670,#4671);
#3930=AXIS2_PLACEMENT_3D('',#5767,#4672,#4673);
#3931=AXIS2_PLACEMENT_3D('',#5769,#4674,#4675);
#3932=AXIS2_PLACEMENT_3D('',#5771,#4677,#4678);
#3933=AXIS2_PLACEMENT_3D('',#5777,#4682,#4683);
#3934=AXIS2_PLACEMENT_3D('',#5779,#4684,#4685);
#3935=AXIS2_PLACEMENT_3D('',#5781,#4686,#4687);
#3936=AXIS2_PLACEMENT_3D('',#5783,#4689,#4690);
#3937=AXIS2_PLACEMENT_3D('',#5789,#4694,#4695);
#3938=AXIS2_PLACEMENT_3D('',#5791,#4696,#4697);
#3939=AXIS2_PLACEMENT_3D('',#5793,#4698,#4699);
#3940=AXIS2_PLACEMENT_3D('',#5795,#4701,#4702);
#3941=AXIS2_PLACEMENT_3D('',#5801,#4706,#4707);
#3942=AXIS2_PLACEMENT_3D('',#5802,#4708,#4709);
#3943=AXIS2_PLACEMENT_3D('',#5803,#4710,#4711);
#3944=AXIS2_PLACEMENT_3D('',#5804,#4712,#4713);
#3945=AXIS2_PLACEMENT_3D('',#5813,#4718,#4719);
#3946=AXIS2_PLACEMENT_3D('',#5815,#4720,#4721);
#3947=AXIS2_PLACEMENT_3D('',#5817,#4722,#4723);
#3948=AXIS2_PLACEMENT_3D('',#5819,#4725,#4726);
#3949=AXIS2_PLACEMENT_3D('',#5825,#4730,#4731);
#3950=AXIS2_PLACEMENT_3D('',#5827,#4732,#4733);
#3951=AXIS2_PLACEMENT_3D('',#5829,#4734,#4735);
#3952=AXIS2_PLACEMENT_3D('',#5831,#4737,#4738);
#3953=AXIS2_PLACEMENT_3D('',#5837,#4742,#4743);
#3954=AXIS2_PLACEMENT_3D('',#5839,#4744,#4745);
#3955=AXIS2_PLACEMENT_3D('',#5841,#4746,#4747);
#3956=AXIS2_PLACEMENT_3D('',#5843,#4749,#4750);
#3957=AXIS2_PLACEMENT_3D('',#5849,#4754,#4755);
#3958=AXIS2_PLACEMENT_3D('',#5850,#4756,#4757);
#3959=AXIS2_PLACEMENT_3D('',#5851,#4758,#4759);
#3960=AXIS2_PLACEMENT_3D('',#5852,#4760,#4761);
#3961=AXIS2_PLACEMENT_3D('',#5861,#4766,#4767);
#3962=AXIS2_PLACEMENT_3D('',#5863,#4768,#4769);
#3963=AXIS2_PLACEMENT_3D('',#5865,#4770,#4771);
#3964=AXIS2_PLACEMENT_3D('',#5867,#4773,#4774);
#3965=AXIS2_PLACEMENT_3D('',#5873,#4778,#4779);
#3966=AXIS2_PLACEMENT_3D('',#5875,#4780,#4781);
#3967=AXIS2_PLACEMENT_3D('',#5877,#4782,#4783);
#3968=AXIS2_PLACEMENT_3D('',#5879,#4785,#4786);
#3969=AXIS2_PLACEMENT_3D('',#5885,#4790,#4791);
#3970=AXIS2_PLACEMENT_3D('',#5887,#4792,#4793);
#3971=AXIS2_PLACEMENT_3D('',#5889,#4794,#4795);
#3972=AXIS2_PLACEMENT_3D('',#5891,#4797,#4798);
#3973=AXIS2_PLACEMENT_3D('',#5897,#4802,#4803);
#3974=AXIS2_PLACEMENT_3D('',#5898,#4804,#4805);
#3975=AXIS2_PLACEMENT_3D('',#5899,#4806,#4807);
#3976=AXIS2_PLACEMENT_3D('',#5900,#4808,#4809);
#3977=AXIS2_PLACEMENT_3D('',#5909,#4814,#4815);
#3978=AXIS2_PLACEMENT_3D('',#5911,#4816,#4817);
#3979=AXIS2_PLACEMENT_3D('',#5913,#4818,#4819);
#3980=AXIS2_PLACEMENT_3D('',#5915,#4821,#4822);
#3981=AXIS2_PLACEMENT_3D('',#5921,#4826,#4827);
#3982=AXIS2_PLACEMENT_3D('',#5923,#4828,#4829);
#3983=AXIS2_PLACEMENT_3D('',#5925,#4830,#4831);
#3984=AXIS2_PLACEMENT_3D('',#5927,#4833,#4834);
#3985=AXIS2_PLACEMENT_3D('',#5933,#4838,#4839);
#3986=AXIS2_PLACEMENT_3D('',#5935,#4840,#4841);
#3987=AXIS2_PLACEMENT_3D('',#5937,#4842,#4843);
#3988=AXIS2_PLACEMENT_3D('',#5939,#4845,#4846);
#3989=AXIS2_PLACEMENT_3D('',#5945,#4850,#4851);
#3990=AXIS2_PLACEMENT_3D('',#5946,#4852,#4853);
#3991=AXIS2_PLACEMENT_3D('',#5947,#4854,#4855);
#3992=AXIS2_PLACEMENT_3D('',#5948,#4856,#4857);
#3993=AXIS2_PLACEMENT_3D('',#5957,#4862,#4863);
#3994=AXIS2_PLACEMENT_3D('',#5959,#4864,#4865);
#3995=AXIS2_PLACEMENT_3D('',#5961,#4866,#4867);
#3996=AXIS2_PLACEMENT_3D('',#5963,#4869,#4870);
#3997=AXIS2_PLACEMENT_3D('',#5969,#4874,#4875);
#3998=AXIS2_PLACEMENT_3D('',#5971,#4876,#4877);
#3999=AXIS2_PLACEMENT_3D('',#5973,#4878,#4879);
#4000=AXIS2_PLACEMENT_3D('',#5975,#4881,#4882);
#4001=AXIS2_PLACEMENT_3D('',#5981,#4886,#4887);
#4002=AXIS2_PLACEMENT_3D('',#5983,#4888,#4889);
#4003=AXIS2_PLACEMENT_3D('',#5985,#4890,#4891);
#4004=AXIS2_PLACEMENT_3D('',#5987,#4893,#4894);
#4005=AXIS2_PLACEMENT_3D('',#5993,#4898,#4899);
#4006=AXIS2_PLACEMENT_3D('',#5994,#4900,#4901);
#4007=AXIS2_PLACEMENT_3D('',#5995,#4902,#4903);
#4008=AXIS2_PLACEMENT_3D('',#5996,#4904,#4905);
#4009=AXIS2_PLACEMENT_3D('',#6005,#4910,#4911);
#4010=AXIS2_PLACEMENT_3D('',#6007,#4912,#4913);
#4011=AXIS2_PLACEMENT_3D('',#6009,#4914,#4915);
#4012=AXIS2_PLACEMENT_3D('',#6011,#4917,#4918);
#4013=AXIS2_PLACEMENT_3D('',#6017,#4922,#4923);
#4014=AXIS2_PLACEMENT_3D('',#6019,#4924,#4925);
#4015=AXIS2_PLACEMENT_3D('',#6021,#4926,#4927);
#4016=AXIS2_PLACEMENT_3D('',#6023,#4929,#4930);
#4017=AXIS2_PLACEMENT_3D('',#6029,#4934,#4935);
#4018=AXIS2_PLACEMENT_3D('',#6031,#4936,#4937);
#4019=AXIS2_PLACEMENT_3D('',#6033,#4938,#4939);
#4020=AXIS2_PLACEMENT_3D('',#6035,#4941,#4942);
#4021=AXIS2_PLACEMENT_3D('',#6041,#4946,#4947);
#4022=AXIS2_PLACEMENT_3D('',#6042,#4948,#4949);
#4023=AXIS2_PLACEMENT_3D('',#6043,#4950,#4951);
#4024=AXIS2_PLACEMENT_3D('',#6044,#4952,#4953);
#4025=AXIS2_PLACEMENT_3D('',#6053,#4958,#4959);
#4026=AXIS2_PLACEMENT_3D('',#6055,#4960,#4961);
#4027=AXIS2_PLACEMENT_3D('',#6057,#4962,#4963);
#4028=AXIS2_PLACEMENT_3D('',#6059,#4965,#4966);
#4029=AXIS2_PLACEMENT_3D('',#6065,#4970,#4971);
#4030=AXIS2_PLACEMENT_3D('',#6067,#4972,#4973);
#4031=AXIS2_PLACEMENT_3D('',#6069,#4974,#4975);
#4032=AXIS2_PLACEMENT_3D('',#6071,#4977,#4978);
#4033=AXIS2_PLACEMENT_3D('',#6077,#4982,#4983);
#4034=AXIS2_PLACEMENT_3D('',#6079,#4984,#4985);
#4035=AXIS2_PLACEMENT_3D('',#6081,#4986,#4987);
#4036=AXIS2_PLACEMENT_3D('',#6083,#4989,#4990);
#4037=AXIS2_PLACEMENT_3D('',#6089,#4994,#4995);
#4038=AXIS2_PLACEMENT_3D('',#6090,#4996,#4997);
#4039=AXIS2_PLACEMENT_3D('',#6091,#4998,#4999);
#4040=AXIS2_PLACEMENT_3D('',#6092,#5000,#5001);
#4041=AXIS2_PLACEMENT_3D('',#6101,#5006,#5007);
#4042=AXIS2_PLACEMENT_3D('',#6103,#5008,#5009);
#4043=AXIS2_PLACEMENT_3D('',#6105,#5010,#5011);
#4044=AXIS2_PLACEMENT_3D('',#6107,#5013,#5014);
#4045=AXIS2_PLACEMENT_3D('',#6113,#5018,#5019);
#4046=AXIS2_PLACEMENT_3D('',#6115,#5020,#5021);
#4047=AXIS2_PLACEMENT_3D('',#6117,#5022,#5023);
#4048=AXIS2_PLACEMENT_3D('',#6119,#5025,#5026);
#4049=AXIS2_PLACEMENT_3D('',#6125,#5030,#5031);
#4050=AXIS2_PLACEMENT_3D('',#6127,#5032,#5033);
#4051=AXIS2_PLACEMENT_3D('',#6129,#5034,#5035);
#4052=AXIS2_PLACEMENT_3D('',#6131,#5037,#5038);
#4053=AXIS2_PLACEMENT_3D('',#6137,#5042,#5043);
#4054=AXIS2_PLACEMENT_3D('',#6138,#5044,#5045);
#4055=AXIS2_PLACEMENT_3D('',#6139,#5046,#5047);
#4056=AXIS2_PLACEMENT_3D('',#6140,#5048,#5049);
#4057=AXIS2_PLACEMENT_3D('',#6149,#5054,#5055);
#4058=AXIS2_PLACEMENT_3D('',#6151,#5056,#5057);
#4059=AXIS2_PLACEMENT_3D('',#6153,#5058,#5059);
#4060=AXIS2_PLACEMENT_3D('',#6155,#5061,#5062);
#4061=AXIS2_PLACEMENT_3D('',#6161,#5066,#5067);
#4062=AXIS2_PLACEMENT_3D('',#6163,#5068,#5069);
#4063=AXIS2_PLACEMENT_3D('',#6165,#5070,#5071);
#4064=AXIS2_PLACEMENT_3D('',#6167,#5073,#5074);
#4065=AXIS2_PLACEMENT_3D('',#6173,#5078,#5079);
#4066=AXIS2_PLACEMENT_3D('',#6175,#5080,#5081);
#4067=AXIS2_PLACEMENT_3D('',#6177,#5082,#5083);
#4068=AXIS2_PLACEMENT_3D('',#6179,#5085,#5086);
#4069=AXIS2_PLACEMENT_3D('',#6185,#5090,#5091);
#4070=AXIS2_PLACEMENT_3D('',#6186,#5092,#5093);
#4071=AXIS2_PLACEMENT_3D('',#6187,#5094,#5095);
#4072=AXIS2_PLACEMENT_3D('',#6188,#5096,#5097);
#4073=AXIS2_PLACEMENT_3D('',#6197,#5102,#5103);
#4074=AXIS2_PLACEMENT_3D('',#6199,#5104,#5105);
#4075=AXIS2_PLACEMENT_3D('',#6201,#5106,#5107);
#4076=AXIS2_PLACEMENT_3D('',#6203,#5109,#5110);
#4077=AXIS2_PLACEMENT_3D('',#6209,#5114,#5115);
#4078=AXIS2_PLACEMENT_3D('',#6211,#5116,#5117);
#4079=AXIS2_PLACEMENT_3D('',#6213,#5118,#5119);
#4080=AXIS2_PLACEMENT_3D('',#6215,#5121,#5122);
#4081=AXIS2_PLACEMENT_3D('',#6221,#5126,#5127);
#4082=AXIS2_PLACEMENT_3D('',#6223,#5128,#5129);
#4083=AXIS2_PLACEMENT_3D('',#6225,#5130,#5131);
#4084=AXIS2_PLACEMENT_3D('',#6227,#5133,#5134);
#4085=AXIS2_PLACEMENT_3D('',#6233,#5138,#5139);
#4086=AXIS2_PLACEMENT_3D('',#6234,#5140,#5141);
#4087=AXIS2_PLACEMENT_3D('',#6235,#5142,#5143);
#4088=AXIS2_PLACEMENT_3D('',#6236,#5144,#5145);
#4089=AXIS2_PLACEMENT_3D('',#6237,#5146,#5147);
#4090=AXIS2_PLACEMENT_3D('',#6238,#5148,#5149);
#4091=AXIS2_PLACEMENT_3D('',#6247,#5154,#5155);
#4092=AXIS2_PLACEMENT_3D('',#6249,#5156,#5157);
#4093=AXIS2_PLACEMENT_3D('',#6251,#5158,#5159);
#4094=AXIS2_PLACEMENT_3D('',#6253,#5161,#5162);
#4095=AXIS2_PLACEMENT_3D('',#6259,#5166,#5167);
#4096=AXIS2_PLACEMENT_3D('',#6261,#5168,#5169);
#4097=AXIS2_PLACEMENT_3D('',#6263,#5170,#5171);
#4098=AXIS2_PLACEMENT_3D('',#6265,#5173,#5174);
#4099=AXIS2_PLACEMENT_3D('',#6271,#5178,#5179);
#4100=AXIS2_PLACEMENT_3D('',#6273,#5180,#5181);
#4101=AXIS2_PLACEMENT_3D('',#6275,#5182,#5183);
#4102=AXIS2_PLACEMENT_3D('',#6277,#5185,#5186);
#4103=AXIS2_PLACEMENT_3D('',#6283,#5190,#5191);
#4104=AXIS2_PLACEMENT_3D('',#6284,#5192,#5193);
#4105=AXIS2_PLACEMENT_3D('',#6285,#5194,#5195);
#4106=AXIS2_PLACEMENT_3D('',#6286,#5196,#5197);
#4107=AXIS2_PLACEMENT_3D('',#6287,#5198,#5199);
#4108=DIRECTION('axis',(0.,0.,1.));
#4109=DIRECTION('refdir',(1.,0.,0.));
#4110=DIRECTION('center_axis',(-1.,0.,0.));
#4111=DIRECTION('ref_axis',(0.,0.,-1.));
#4112=DIRECTION('',(0.,0.,1.));
#4113=DIRECTION('',(0.,-1.,0.));
#4114=DIRECTION('',(0.,0.,-1.));
#4115=DIRECTION('',(0.,-1.,0.));
#4116=DIRECTION('center_axis',(0.,-1.,0.));
#4117=DIRECTION('ref_axis',(-1.,0.,-6.66133814775096E-15));
#4118=DIRECTION('center_axis',(0.,1.,0.));
#4119=DIRECTION('ref_axis',(-1.,0.,-6.66133814775096E-15));
#4120=DIRECTION('center_axis',(0.,-1.,0.));
#4121=DIRECTION('ref_axis',(-1.,0.,-6.66133814775096E-15));
#4122=DIRECTION('',(0.,-1.,0.));
#4123=DIRECTION('center_axis',(-1.32150755343989E-16,0.,1.));
#4124=DIRECTION('ref_axis',(-1.,0.,-1.32150755343989E-16));
#4125=DIRECTION('',(1.,0.,1.32150755343989E-16));
#4126=DIRECTION('',(-1.,0.,-1.32150755343989E-16));
#4127=DIRECTION('',(0.,-1.,0.));
#4128=DIRECTION('center_axis',(0.,-1.,0.));
#4129=DIRECTION('ref_axis',(0.,0.,1.));
#4130=DIRECTION('center_axis',(0.,1.,0.));
#4131=DIRECTION('ref_axis',(0.,0.,1.));
#4132=DIRECTION('center_axis',(0.,-1.,0.));
#4133=DIRECTION('ref_axis',(0.,0.,1.));
#4134=DIRECTION('',(0.,-1.,0.));
#4135=DIRECTION('center_axis',(1.,0.,0.));
#4136=DIRECTION('ref_axis',(0.,0.,1.));
#4137=DIRECTION('',(0.,0.,-1.));
#4138=DIRECTION('',(0.,0.,1.));
#4139=DIRECTION('',(0.,-1.,0.));
#4140=DIRECTION('center_axis',(0.,-1.,0.));
#4141=DIRECTION('ref_axis',(1.,0.,2.22044604925032E-15));
#4142=DIRECTION('center_axis',(0.,1.,0.));
#4143=DIRECTION('ref_axis',(1.,0.,2.22044604925032E-15));
#4144=DIRECTION('center_axis',(0.,-1.,0.));
#4145=DIRECTION('ref_axis',(1.,0.,2.22044604925032E-15));
#4146=DIRECTION('',(0.,-1.,0.));
#4147=DIRECTION('center_axis',(0.,0.,-1.));
#4148=DIRECTION('ref_axis',(1.,0.,0.));
#4149=DIRECTION('',(-1.,0.,0.));
#4150=DIRECTION('',(1.,0.,0.));
#4151=DIRECTION('',(0.,-1.,0.));
#4152=DIRECTION('center_axis',(0.,-1.,0.));
#4153=DIRECTION('ref_axis',(0.,0.,-1.));
#4154=DIRECTION('center_axis',(0.,1.,0.));
#4155=DIRECTION('ref_axis',(0.,0.,-1.));
#4156=DIRECTION('center_axis',(0.,-1.,0.));
#4157=DIRECTION('ref_axis',(0.,0.,-1.));
#4158=DIRECTION('center_axis',(-1.,0.,0.));
#4159=DIRECTION('ref_axis',(0.,-1.,0.));
#4160=DIRECTION('',(0.,1.,0.));
#4161=DIRECTION('',(0.,0.,1.));
#4162=DIRECTION('',(0.,-1.,0.));
#4163=DIRECTION('',(0.,0.,1.));
#4164=DIRECTION('center_axis',(0.,1.,0.));
#4165=DIRECTION('ref_axis',(-1.,0.,0.));
#4166=DIRECTION('',(1.,0.,0.));
#4167=DIRECTION('',(0.,0.,1.));
#4168=DIRECTION('',(-1.,0.,0.));
#4169=DIRECTION('center_axis',(0.,-1.,0.));
#4170=DIRECTION('ref_axis',(1.,0.,0.));
#4171=DIRECTION('',(-1.,0.,0.));
#4172=DIRECTION('',(1.,0.,0.));
#4173=DIRECTION('',(0.,0.,1.));
#4174=DIRECTION('center_axis',(1.,0.,0.));
#4175=DIRECTION('ref_axis',(0.,1.,0.));
#4176=DIRECTION('',(0.,-1.,0.));
#4177=DIRECTION('',(0.,1.,0.));
#4178=DIRECTION('center_axis',(0.,0.,1.));
#4179=DIRECTION('ref_axis',(1.,0.,0.));
#4180=DIRECTION('center_axis',(0.,0.,1.));
#4181=DIRECTION('ref_axis',(-1.85037170770859E-15,1.,0.));
#4182=DIRECTION('',(3.52825113590913E-17,-1.,0.));
#4183=DIRECTION('center_axis',(0.,0.,1.));
#4184=DIRECTION('ref_axis',(-1.,-1.85037170770859E-16,0.));
#4185=DIRECTION('',(1.,-5.92593020883457E-17,0.));
#4186=DIRECTION('center_axis',(0.,0.,1.));
#4187=DIRECTION('ref_axis',(1.48029736616687E-15,-1.,0.));
#4188=DIRECTION('',(0.,1.,0.));
#4189=DIRECTION('center_axis',(0.,0.,1.));
#4190=DIRECTION('ref_axis',(1.,-2.96059473233377E-15,0.));
#4191=DIRECTION('',(-1.,0.,0.));
#4192=DIRECTION('center_axis',(0.,1.,0.));
#4193=DIRECTION('ref_axis',(-1.,0.,0.));
#4194=DIRECTION('',(1.,0.,0.));
#4195=DIRECTION('',(0.,0.,1.));
#4196=DIRECTION('',(0.,0.,1.));
#4197=DIRECTION('center_axis',(0.,0.,1.));
#4198=DIRECTION('ref_axis',(1.,-2.96059473233377E-15,0.));
#4199=DIRECTION('center_axis',(0.,0.,1.));
#4200=DIRECTION('ref_axis',(1.,-2.96059473233377E-15,0.));
#4201=DIRECTION('',(0.,0.,1.));
#4202=DIRECTION('center_axis',(1.,0.,0.));
#4203=DIRECTION('ref_axis',(0.,1.,0.));
#4204=DIRECTION('',(0.,-1.,0.));
#4205=DIRECTION('',(0.,0.,1.));
#4206=DIRECTION('center_axis',(0.,0.,1.));
#4207=DIRECTION('ref_axis',(1.48029736616687E-15,-1.,0.));
#4208=DIRECTION('center_axis',(0.,0.,1.));
#4209=DIRECTION('ref_axis',(1.48029736616687E-15,-1.,0.));
#4210=DIRECTION('',(0.,0.,1.));
#4211=DIRECTION('center_axis',(-5.92593020883457E-17,-1.,0.));
#4212=DIRECTION('ref_axis',(1.,-5.92593020883457E-17,0.));
#4213=DIRECTION('',(-1.,5.92593020883457E-17,0.));
#4214=DIRECTION('',(0.,0.,1.));
#4215=DIRECTION('center_axis',(0.,0.,1.));
#4216=DIRECTION('ref_axis',(-1.,-1.85037170770859E-16,0.));
#4217=DIRECTION('center_axis',(0.,0.,1.));
#4218=DIRECTION('ref_axis',(-1.,-1.85037170770859E-16,0.));
#4219=DIRECTION('',(0.,0.,1.));
#4220=DIRECTION('center_axis',(-1.,-3.52825113590913E-17,0.));
#4221=DIRECTION('ref_axis',(3.52825113590913E-17,-1.,0.));
#4222=DIRECTION('',(-3.52825113590913E-17,1.,0.));
#4223=DIRECTION('',(0.,0.,1.));
#4224=DIRECTION('center_axis',(0.,0.,1.));
#4225=DIRECTION('ref_axis',(-1.85037170770859E-15,1.,0.));
#4226=DIRECTION('center_axis',(0.,0.,1.));
#4227=DIRECTION('ref_axis',(-1.85037170770859E-15,1.,0.));
#4228=DIRECTION('center_axis',(0.,0.,1.));
#4229=DIRECTION('ref_axis',(1.,0.,0.));
#4230=DIRECTION('center_axis',(0.,0.,1.));
#4231=DIRECTION('ref_axis',(1.,0.,0.));
#4232=DIRECTION('center_axis',(-1.,-1.23358111600576E-16,0.));
#4233=DIRECTION('ref_axis',(-1.23358111600576E-16,1.,0.));
#4234=DIRECTION('',(-1.23358111600576E-16,1.,0.));
#4235=DIRECTION('',(0.,0.,-1.));
#4236=DIRECTION('',(1.23358111600576E-16,-1.,0.));
#4237=DIRECTION('',(0.,0.,-1.));
#4238=DIRECTION('center_axis',(0.,0.,-1.));
#4239=DIRECTION('ref_axis',(-1.,-4.4408920985006E-15,0.));
#4240=DIRECTION('center_axis',(0.,0.,-1.));
#4241=DIRECTION('ref_axis',(-1.,-4.4408920985006E-15,0.));
#4242=DIRECTION('',(0.,0.,-1.));
#4243=DIRECTION('center_axis',(0.,0.,1.));
#4244=DIRECTION('ref_axis',(-1.,-4.4408920985006E-15,0.));
#4245=DIRECTION('center_axis',(0.,-1.,0.));
#4246=DIRECTION('ref_axis',(-1.,0.,0.));
#4247=DIRECTION('',(-1.,0.,0.));
#4248=DIRECTION('',(0.,0.,-1.));
#4249=DIRECTION('',(1.,0.,0.));
#4250=DIRECTION('center_axis',(0.,0.,-1.));
#4251=DIRECTION('ref_axis',(6.6613381477509E-15,-1.,0.));
#4252=DIRECTION('center_axis',(0.,0.,-1.));
#4253=DIRECTION('ref_axis',(6.6613381477509E-15,-1.,0.));
#4254=DIRECTION('',(0.,0.,-1.));
#4255=DIRECTION('center_axis',(0.,0.,1.));
#4256=DIRECTION('ref_axis',(6.6613381477509E-15,-1.,0.));
#4257=DIRECTION('center_axis',(1.,2.46716223201152E-16,0.));
#4258=DIRECTION('ref_axis',(2.46716223201152E-16,-1.,0.));
#4259=DIRECTION('',(2.46716223201152E-16,-1.,0.));
#4260=DIRECTION('',(0.,0.,-1.));
#4261=DIRECTION('',(-2.46716223201152E-16,1.,0.));
#4262=DIRECTION('center_axis',(0.,0.,-1.));
#4263=DIRECTION('ref_axis',(1.,0.,0.));
#4264=DIRECTION('center_axis',(0.,0.,-1.));
#4265=DIRECTION('ref_axis',(1.,0.,0.));
#4266=DIRECTION('',(0.,0.,-1.));
#4267=DIRECTION('center_axis',(0.,0.,1.));
#4268=DIRECTION('ref_axis',(1.,0.,0.));
#4269=DIRECTION('center_axis',(0.,1.,0.));
#4270=DIRECTION('ref_axis',(1.,0.,0.));
#4271=DIRECTION('',(1.,0.,0.));
#4272=DIRECTION('',(0.,0.,-1.));
#4273=DIRECTION('',(-1.,0.,0.));
#4274=DIRECTION('center_axis',(0.,0.,-1.));
#4275=DIRECTION('ref_axis',(5.5511151231258E-15,1.,0.));
#4276=DIRECTION('center_axis',(0.,0.,-1.));
#4277=DIRECTION('ref_axis',(5.5511151231258E-15,1.,0.));
#4278=DIRECTION('center_axis',(0.,0.,1.));
#4279=DIRECTION('ref_axis',(5.5511151231258E-15,1.,0.));
#4280=DIRECTION('center_axis',(0.,-1.,0.));
#4281=DIRECTION('ref_axis',(1.,0.,0.));
#4282=DIRECTION('',(1.,0.,0.));
#4283=DIRECTION('',(0.,0.,1.));
#4284=DIRECTION('',(1.,0.,0.));
#4285=DIRECTION('',(0.,0.,1.));
#4286=DIRECTION('center_axis',(0.,0.,1.));
#4287=DIRECTION('ref_axis',(5.07530525542932E-15,1.,0.));
#4288=DIRECTION('center_axis',(0.,0.,-1.));
#4289=DIRECTION('ref_axis',(5.07530525542932E-15,1.,0.));
#4290=DIRECTION('center_axis',(0.,0.,-1.));
#4291=DIRECTION('ref_axis',(5.07530525542932E-15,1.,0.));
#4292=DIRECTION('',(0.,0.,1.));
#4293=DIRECTION('center_axis',(1.,0.,0.));
#4294=DIRECTION('ref_axis',(0.,1.,0.));
#4295=DIRECTION('',(0.,1.,0.));
#4296=DIRECTION('',(0.,1.,0.));
#4297=DIRECTION('',(0.,0.,1.));
#4298=DIRECTION('center_axis',(0.,0.,1.));
#4299=DIRECTION('ref_axis',(-1.,5.07530525542932E-15,0.));
#4300=DIRECTION('center_axis',(0.,0.,-1.));
#4301=DIRECTION('ref_axis',(-1.,5.07530525542932E-15,0.));
#4302=DIRECTION('center_axis',(0.,0.,-1.));
#4303=DIRECTION('ref_axis',(-1.,5.07530525542932E-15,0.));
#4304=DIRECTION('',(0.,0.,1.));
#4305=DIRECTION('center_axis',(0.,1.,0.));
#4306=DIRECTION('ref_axis',(-1.,0.,0.));
#4307=DIRECTION('',(-1.,0.,0.));
#4308=DIRECTION('',(-1.,0.,0.));
#4309=DIRECTION('',(0.,0.,1.));
#4310=DIRECTION('center_axis',(0.,0.,1.));
#4311=DIRECTION('ref_axis',(-5.07530525542932E-15,-1.,0.));
#4312=DIRECTION('center_axis',(0.,0.,-1.));
#4313=DIRECTION('ref_axis',(-5.07530525542932E-15,-1.,0.));
#4314=DIRECTION('center_axis',(0.,0.,-1.));
#4315=DIRECTION('ref_axis',(-5.07530525542932E-15,-1.,0.));
#4316=DIRECTION('',(0.,0.,1.));
#4317=DIRECTION('center_axis',(-1.,0.,0.));
#4318=DIRECTION('ref_axis',(0.,-1.,0.));
#4319=DIRECTION('',(0.,-1.,0.));
#4320=DIRECTION('',(0.,-1.,0.));
#4321=DIRECTION('',(0.,0.,1.));
#4322=DIRECTION('center_axis',(0.,0.,1.));
#4323=DIRECTION('ref_axis',(1.,-5.07530525542932E-15,0.));
#4324=DIRECTION('center_axis',(0.,0.,-1.));
#4325=DIRECTION('ref_axis',(1.,-5.07530525542932E-15,0.));
#4326=DIRECTION('center_axis',(0.,0.,-1.));
#4327=DIRECTION('ref_axis',(1.,-5.07530525542932E-15,0.));
#4328=DIRECTION('center_axis',(-1.,0.,0.));
#4329=DIRECTION('ref_axis',(0.,-1.,0.));
#4330=DIRECTION('',(0.,-1.,0.));
#4331=DIRECTION('',(0.,0.,1.));
#4332=DIRECTION('',(0.,-1.,0.));
#4333=DIRECTION('',(0.,0.,1.));
#4334=DIRECTION('center_axis',(0.,0.,1.));
#4335=DIRECTION('ref_axis',(1.,0.,0.));
#4336=DIRECTION('center_axis',(0.,0.,-1.));
#4337=DIRECTION('ref_axis',(1.,0.,0.));
#4338=DIRECTION('center_axis',(0.,0.,-1.));
#4339=DIRECTION('ref_axis',(1.,0.,0.));
#4340=DIRECTION('',(0.,0.,1.));
#4341=DIRECTION('center_axis',(0.,-1.,0.));
#4342=DIRECTION('ref_axis',(1.,0.,0.));
#4343=DIRECTION('',(1.,0.,0.));
#4344=DIRECTION('',(1.,0.,0.));
#4345=DIRECTION('',(0.,0.,1.));
#4346=DIRECTION('center_axis',(0.,0.,1.));
#4347=DIRECTION('ref_axis',(0.,1.,0.));
#4348=DIRECTION('center_axis',(0.,0.,-1.));
#4349=DIRECTION('ref_axis',(0.,1.,0.));
#4350=DIRECTION('center_axis',(0.,0.,-1.));
#4351=DIRECTION('ref_axis',(0.,1.,0.));
#4352=DIRECTION('',(0.,0.,1.));
#4353=DIRECTION('center_axis',(1.,0.,0.));
#4354=DIRECTION('ref_axis',(0.,1.,0.));
#4355=DIRECTION('',(0.,1.,0.));
#4356=DIRECTION('',(0.,1.,0.));
#4357=DIRECTION('',(0.,0.,1.));
#4358=DIRECTION('center_axis',(0.,0.,1.));
#4359=DIRECTION('ref_axis',(-1.,0.,0.));
#4360=DIRECTION('center_axis',(0.,0.,-1.));
#4361=DIRECTION('ref_axis',(-1.,0.,0.));
#4362=DIRECTION('center_axis',(0.,0.,-1.));
#4363=DIRECTION('ref_axis',(-1.,0.,0.));
#4364=DIRECTION('',(0.,0.,1.));
#4365=DIRECTION('center_axis',(0.,1.,0.));
#4366=DIRECTION('ref_axis',(-1.,0.,0.));
#4367=DIRECTION('',(-1.,0.,0.));
#4368=DIRECTION('',(-1.,0.,0.));
#4369=DIRECTION('',(0.,0.,1.));
#4370=DIRECTION('center_axis',(0.,0.,1.));
#4371=DIRECTION('ref_axis',(0.,-1.,0.));
#4372=DIRECTION('center_axis',(0.,0.,-1.));
#4373=DIRECTION('ref_axis',(0.,-1.,0.));
#4374=DIRECTION('center_axis',(0.,0.,-1.));
#4375=DIRECTION('ref_axis',(0.,-1.,0.));
#4376=DIRECTION('center_axis',(8.2238744539167E-17,1.,0.));
#4377=DIRECTION('ref_axis',(-1.,8.2238744539167E-17,0.));
#4378=DIRECTION('',(-1.,8.2238744539167E-17,0.));
#4379=DIRECTION('',(0.,0.,1.));
#4380=DIRECTION('',(-1.,8.2238744539167E-17,0.));
#4381=DIRECTION('',(0.,0.,1.));
#4382=DIRECTION('center_axis',(0.,0.,1.));
#4383=DIRECTION('ref_axis',(0.,-1.,0.));
#4384=DIRECTION('center_axis',(0.,0.,-1.));
#4385=DIRECTION('ref_axis',(0.,-1.,0.));
#4386=DIRECTION('center_axis',(0.,0.,-1.));
#4387=DIRECTION('ref_axis',(0.,-1.,0.));
#4388=DIRECTION('',(0.,0.,1.));
#4389=DIRECTION('center_axis',(-1.,0.,0.));
#4390=DIRECTION('ref_axis',(0.,-1.,0.));
#4391=DIRECTION('',(0.,-1.,0.));
#4392=DIRECTION('',(0.,-1.,0.));
#4393=DIRECTION('',(0.,0.,1.));
#4394=DIRECTION('center_axis',(0.,0.,1.));
#4395=DIRECTION('ref_axis',(1.,-4.44089209850064E-15,0.));
#4396=DIRECTION('center_axis',(0.,0.,-1.));
#4397=DIRECTION('ref_axis',(1.,-4.44089209850064E-15,0.));
#4398=DIRECTION('center_axis',(0.,0.,-1.));
#4399=DIRECTION('ref_axis',(1.,-4.44089209850064E-15,0.));
#4400=DIRECTION('',(0.,0.,1.));
#4401=DIRECTION('center_axis',(0.,-1.,0.));
#4402=DIRECTION('ref_axis',(1.,0.,0.));
#4403=DIRECTION('',(1.,0.,0.));
#4404=DIRECTION('',(1.,0.,0.));
#4405=DIRECTION('',(0.,0.,1.));
#4406=DIRECTION('center_axis',(0.,0.,1.));
#4407=DIRECTION('ref_axis',(0.,1.,0.));
#4408=DIRECTION('center_axis',(0.,0.,-1.));
#4409=DIRECTION('ref_axis',(0.,1.,0.));
#4410=DIRECTION('center_axis',(0.,0.,-1.));
#4411=DIRECTION('ref_axis',(0.,1.,0.));
#4412=DIRECTION('',(0.,0.,1.));
#4413=DIRECTION('center_axis',(1.,0.,0.));
#4414=DIRECTION('ref_axis',(0.,1.,0.));
#4415=DIRECTION('',(0.,1.,0.));
#4416=DIRECTION('',(0.,1.,0.));
#4417=DIRECTION('',(0.,0.,1.));
#4418=DIRECTION('center_axis',(0.,0.,1.));
#4419=DIRECTION('ref_axis',(-1.,1.11022302462516E-15,0.));
#4420=DIRECTION('center_axis',(0.,0.,-1.));
#4421=DIRECTION('ref_axis',(-1.,1.11022302462516E-15,0.));
#4422=DIRECTION('center_axis',(0.,0.,-1.));
#4423=DIRECTION('ref_axis',(-1.,1.11022302462516E-15,0.));
#4424=DIRECTION('center_axis',(-1.,1.48029740145992E-16,0.));
#4425=DIRECTION('ref_axis',(-1.48029740145992E-16,-1.,0.));
#4426=DIRECTION('',(-1.48029740145992E-16,-1.,0.));
#4427=DIRECTION('',(0.,0.,1.));
#4428=DIRECTION('',(-1.48029740145992E-16,-1.,0.));
#4429=DIRECTION('',(0.,0.,1.));
#4430=DIRECTION('center_axis',(0.,0.,1.));
#4431=DIRECTION('ref_axis',(1.,-8.88178419700132E-15,0.));
#4432=DIRECTION('center_axis',(0.,0.,-1.));
#4433=DIRECTION('ref_axis',(1.,-8.88178419700132E-15,0.));
#4434=DIRECTION('center_axis',(0.,0.,-1.));
#4435=DIRECTION('ref_axis',(1.,-8.88178419700132E-15,0.));
#4436=DIRECTION('',(0.,0.,1.));
#4437=DIRECTION('center_axis',(3.28954978156668E-16,-1.,0.));
#4438=DIRECTION('ref_axis',(1.,3.28954978156668E-16,0.));
#4439=DIRECTION('',(1.,3.28954978156668E-16,0.));
#4440=DIRECTION('',(1.,3.28954978156668E-16,0.));
#4441=DIRECTION('',(0.,0.,1.));
#4442=DIRECTION('center_axis',(0.,0.,1.));
#4443=DIRECTION('ref_axis',(5.5511151231258E-15,1.,0.));
#4444=DIRECTION('center_axis',(0.,0.,-1.));
#4445=DIRECTION('ref_axis',(5.5511151231258E-15,1.,0.));
#4446=DIRECTION('center_axis',(0.,0.,-1.));
#4447=DIRECTION('ref_axis',(5.5511151231258E-15,1.,0.));
#4448=DIRECTION('',(0.,0.,1.));
#4449=DIRECTION('center_axis',(1.,0.,0.));
#4450=DIRECTION('ref_axis',(0.,1.,0.));
#4451=DIRECTION('',(0.,1.,0.));
#4452=DIRECTION('',(0.,1.,0.));
#4453=DIRECTION('',(0.,0.,1.));
#4454=DIRECTION('center_axis',(0.,0.,1.));
#4455=DIRECTION('ref_axis',(-1.,0.,0.));
#4456=DIRECTION('center_axis',(0.,0.,-1.));
#4457=DIRECTION('ref_axis',(-1.,0.,0.));
#4458=DIRECTION('center_axis',(0.,0.,-1.));
#4459=DIRECTION('ref_axis',(-1.,0.,0.));
#4460=DIRECTION('',(0.,0.,1.));
#4461=DIRECTION('center_axis',(0.,1.,0.));
#4462=DIRECTION('ref_axis',(-1.,0.,0.));
#4463=DIRECTION('',(-1.,0.,0.));
#4464=DIRECTION('',(-1.,0.,0.));
#4465=DIRECTION('',(0.,0.,1.));
#4466=DIRECTION('center_axis',(0.,0.,1.));
#4467=DIRECTION('ref_axis',(-8.88178419700136E-15,-1.,0.));
#4468=DIRECTION('center_axis',(0.,0.,-1.));
#4469=DIRECTION('ref_axis',(-8.88178419700136E-15,-1.,0.));
#4470=DIRECTION('center_axis',(0.,0.,-1.));
#4471=DIRECTION('ref_axis',(-8.88178419700136E-15,-1.,0.));
#4472=DIRECTION('center_axis',(1.,0.,0.));
#4473=DIRECTION('ref_axis',(0.,1.,0.));
#4474=DIRECTION('',(0.,1.,0.));
#4475=DIRECTION('',(0.,0.,1.));
#4476=DIRECTION('',(0.,1.,0.));
#4477=DIRECTION('',(0.,0.,1.));
#4478=DIRECTION('center_axis',(0.,0.,1.));
#4479=DIRECTION('ref_axis',(-1.,5.5511151231258E-15,0.));
#4480=DIRECTION('center_axis',(0.,0.,-1.));
#4481=DIRECTION('ref_axis',(-1.,5.5511151231258E-15,0.));
#4482=DIRECTION('center_axis',(0.,0.,-1.));
#4483=DIRECTION('ref_axis',(-1.,5.5511151231258E-15,0.));
#4484=DIRECTION('',(0.,0.,1.));
#4485=DIRECTION('center_axis',(0.,1.,0.));
#4486=DIRECTION('ref_axis',(-1.,0.,0.));
#4487=DIRECTION('',(-1.,0.,0.));
#4488=DIRECTION('',(-1.,0.,0.));
#4489=DIRECTION('',(0.,0.,1.));
#4490=DIRECTION('center_axis',(0.,0.,1.));
#4491=DIRECTION('ref_axis',(0.,-1.,0.));
#4492=DIRECTION('center_axis',(0.,0.,-1.));
#4493=DIRECTION('ref_axis',(0.,-1.,0.));
#4494=DIRECTION('center_axis',(0.,0.,-1.));
#4495=DIRECTION('ref_axis',(0.,-1.,0.));
#4496=DIRECTION('',(0.,0.,1.));
#4497=DIRECTION('center_axis',(-1.,0.,0.));
#4498=DIRECTION('ref_axis',(0.,-1.,0.));
#4499=DIRECTION('',(0.,-1.,0.));
#4500=DIRECTION('',(0.,-1.,0.));
#4501=DIRECTION('',(0.,0.,1.));
#4502=DIRECTION('center_axis',(0.,0.,1.));
#4503=DIRECTION('ref_axis',(1.,-8.88178419700136E-15,0.));
#4504=DIRECTION('center_axis',(0.,0.,-1.));
#4505=DIRECTION('ref_axis',(1.,-8.88178419700136E-15,0.));
#4506=DIRECTION('center_axis',(0.,0.,-1.));
#4507=DIRECTION('ref_axis',(1.,-8.88178419700136E-15,0.));
#4508=DIRECTION('',(0.,0.,1.));
#4509=DIRECTION('center_axis',(1.64477489078334E-16,-1.,0.));
#4510=DIRECTION('ref_axis',(1.,1.64477489078334E-16,0.));
#4511=DIRECTION('',(1.,1.64477489078334E-16,0.));
#4512=DIRECTION('',(1.,1.64477489078334E-16,0.));
#4513=DIRECTION('',(0.,0.,1.));
#4514=DIRECTION('center_axis',(0.,0.,1.));
#4515=DIRECTION('ref_axis',(8.88178419700136E-15,1.,0.));
#4516=DIRECTION('center_axis',(0.,0.,-1.));
#4517=DIRECTION('ref_axis',(8.88178419700136E-15,1.,0.));
#4518=DIRECTION('center_axis',(0.,0.,-1.));
#4519=DIRECTION('ref_axis',(8.88178419700136E-15,1.,0.));
#4520=DIRECTION('center_axis',(0.,-1.,0.));
#4521=DIRECTION('ref_axis',(1.,0.,0.));
#4522=DIRECTION('',(1.,0.,0.));
#4523=DIRECTION('',(0.,0.,1.));
#4524=DIRECTION('',(1.,0.,0.));
#4525=DIRECTION('',(0.,0.,1.));
#4526=DIRECTION('center_axis',(0.,0.,1.));
#4527=DIRECTION('ref_axis',(1.11022302462516E-15,1.,0.));
#4528=DIRECTION('center_axis',(0.,0.,-1.));
#4529=DIRECTION('ref_axis',(1.11022302462516E-15,1.,0.));
#4530=DIRECTION('center_axis',(0.,0.,-1.));
#4531=DIRECTION('ref_axis',(1.11022302462516E-15,1.,0.));
#4532=DIRECTION('',(0.,0.,1.));
#4533=DIRECTION('center_axis',(1.,0.,0.));
#4534=DIRECTION('ref_axis',(0.,1.,0.));
#4535=DIRECTION('',(0.,1.,0.));
#4536=DIRECTION('',(0.,1.,0.));
#4537=DIRECTION('',(0.,0.,1.));
#4538=DIRECTION('center_axis',(0.,0.,1.));
#4539=DIRECTION('ref_axis',(-1.,0.,0.));
#4540=DIRECTION('center_axis',(0.,0.,-1.));
#4541=DIRECTION('ref_axis',(-1.,0.,0.));
#4542=DIRECTION('center_axis',(0.,0.,-1.));
#4543=DIRECTION('ref_axis',(-1.,0.,0.));
#4544=DIRECTION('',(0.,0.,1.));
#4545=DIRECTION('center_axis',(0.,1.,0.));
#4546=DIRECTION('ref_axis',(-1.,0.,0.));
#4547=DIRECTION('',(-1.,0.,0.));
#4548=DIRECTION('',(-1.,0.,0.));
#4549=DIRECTION('',(0.,0.,1.));
#4550=DIRECTION('center_axis',(0.,0.,1.));
#4551=DIRECTION('ref_axis',(-4.44089209850064E-15,-1.,0.));
#4552=DIRECTION('center_axis',(0.,0.,-1.));
#4553=DIRECTION('ref_axis',(-4.44089209850064E-15,-1.,0.));
#4554=DIRECTION('center_axis',(0.,0.,-1.));
#4555=DIRECTION('ref_axis',(-4.44089209850064E-15,-1.,0.));
#4556=DIRECTION('',(0.,0.,1.));
#4557=DIRECTION('center_axis',(-1.,0.,0.));
#4558=DIRECTION('ref_axis',(0.,-1.,0.));
#4559=DIRECTION('',(0.,-1.,0.));
#4560=DIRECTION('',(0.,-1.,0.));
#4561=DIRECTION('',(0.,0.,1.));
#4562=DIRECTION('center_axis',(0.,0.,1.));
#4563=DIRECTION('ref_axis',(1.,0.,0.));
#4564=DIRECTION('center_axis',(0.,0.,-1.));
#4565=DIRECTION('ref_axis',(1.,0.,0.));
#4566=DIRECTION('center_axis',(0.,0.,-1.));
#4567=DIRECTION('ref_axis',(1.,0.,0.));
#4568=DIRECTION('center_axis',(1.,0.,0.));
#4569=DIRECTION('ref_axis',(0.,1.,0.));
#4570=DIRECTION('',(0.,1.,0.));
#4571=DIRECTION('',(0.,0.,1.));
#4572=DIRECTION('',(0.,1.,0.));
#4573=DIRECTION('',(0.,0.,1.));
#4574=DIRECTION('center_axis',(0.,0.,1.));
#4575=DIRECTION('ref_axis',(-1.,0.,0.));
#4576=DIRECTION('center_axis',(0.,0.,-1.));
#4577=DIRECTION('ref_axis',(-1.,0.,0.));
#4578=DIRECTION('center_axis',(0.,0.,-1.));
#4579=DIRECTION('ref_axis',(-1.,0.,0.));
#4580=DIRECTION('',(0.,0.,1.));
#4581=DIRECTION('center_axis',(0.,1.,0.));
#4582=DIRECTION('ref_axis',(-1.,0.,0.));
#4583=DIRECTION('',(-1.,0.,0.));
#4584=DIRECTION('',(-1.,0.,0.));
#4585=DIRECTION('',(0.,0.,1.));
#4586=DIRECTION('center_axis',(0.,0.,1.));
#4587=DIRECTION('ref_axis',(-4.44089209850064E-15,-1.,0.));
#4588=DIRECTION('center_axis',(0.,0.,-1.));
#4589=DIRECTION('ref_axis',(-4.44089209850064E-15,-1.,0.));
#4590=DIRECTION('center_axis',(0.,0.,-1.));
#4591=DIRECTION('ref_axis',(-4.44089209850064E-15,-1.,0.));
#4592=DIRECTION('',(0.,0.,1.));
#4593=DIRECTION('center_axis',(-1.,0.,0.));
#4594=DIRECTION('ref_axis',(0.,-1.,0.));
#4595=DIRECTION('',(0.,-1.,0.));
#4596=DIRECTION('',(0.,-1.,0.));
#4597=DIRECTION('',(0.,0.,1.));
#4598=DIRECTION('center_axis',(0.,0.,1.));
#4599=DIRECTION('ref_axis',(1.,0.,0.));
#4600=DIRECTION('center_axis',(0.,0.,-1.));
#4601=DIRECTION('ref_axis',(1.,0.,0.));
#4602=DIRECTION('center_axis',(0.,0.,-1.));
#4603=DIRECTION('ref_axis',(1.,0.,0.));
#4604=DIRECTION('',(0.,0.,1.));
#4605=DIRECTION('center_axis',(0.,-1.,0.));
#4606=DIRECTION('ref_axis',(1.,0.,0.));
#4607=DIRECTION('',(1.,0.,0.));
#4608=DIRECTION('',(1.,0.,0.));
#4609=DIRECTION('',(0.,0.,1.));
#4610=DIRECTION('center_axis',(0.,0.,1.));
#4611=DIRECTION('ref_axis',(1.11022302462516E-15,1.,0.));
#4612=DIRECTION('center_axis',(0.,0.,-1.));
#4613=DIRECTION('ref_axis',(1.11022302462516E-15,1.,0.));
#4614=DIRECTION('center_axis',(0.,0.,-1.));
#4615=DIRECTION('ref_axis',(1.11022302462516E-15,1.,0.));
#4616=DIRECTION('center_axis',(-1.,0.,0.));
#4617=DIRECTION('ref_axis',(0.,-1.,0.));
#4618=DIRECTION('',(0.,-1.,0.));
#4619=DIRECTION('',(0.,0.,1.));
#4620=DIRECTION('',(0.,-1.,0.));
#4621=DIRECTION('',(0.,0.,1.));
#4622=DIRECTION('center_axis',(0.,0.,1.));
#4623=DIRECTION('ref_axis',(1.,0.,0.));
#4624=DIRECTION('center_axis',(0.,0.,-1.));
#4625=DIRECTION('ref_axis',(1.,0.,0.));
#4626=DIRECTION('center_axis',(0.,0.,-1.));
#4627=DIRECTION('ref_axis',(1.,0.,0.));
#4628=DIRECTION('',(0.,0.,1.));
#4629=DIRECTION('center_axis',(0.,-1.,0.));
#4630=DIRECTION('ref_axis',(1.,0.,0.));
#4631=DIRECTION('',(1.,0.,0.));
#4632=DIRECTION('',(1.,0.,0.));
#4633=DIRECTION('',(0.,0.,1.));
#4634=DIRECTION('center_axis',(0.,0.,1.));
#4635=DIRECTION('ref_axis',(0.,1.,0.));
#4636=DIRECTION('center_axis',(0.,0.,-1.));
#4637=DIRECTION('ref_axis',(0.,1.,0.));
#4638=DIRECTION('center_axis',(0.,0.,-1.));
#4639=DIRECTION('ref_axis',(0.,1.,0.));
#4640=DIRECTION('',(0.,0.,1.));
#4641=DIRECTION('center_axis',(1.,0.,0.));
#4642=DIRECTION('ref_axis',(0.,1.,0.));
#4643=DIRECTION('',(0.,1.,0.));
#4644=DIRECTION('',(0.,1.,0.));
#4645=DIRECTION('',(0.,0.,1.));
#4646=DIRECTION('center_axis',(0.,0.,1.));
#4647=DIRECTION('ref_axis',(-1.,0.,0.));
#4648=DIRECTION('center_axis',(0.,0.,-1.));
#4649=DIRECTION('ref_axis',(-1.,0.,0.));
#4650=DIRECTION('center_axis',(0.,0.,-1.));
#4651=DIRECTION('ref_axis',(-1.,0.,0.));
#4652=DIRECTION('',(0.,0.,1.));
#4653=DIRECTION('center_axis',(0.,1.,0.));
#4654=DIRECTION('ref_axis',(-1.,0.,0.));
#4655=DIRECTION('',(-1.,0.,0.));
#4656=DIRECTION('',(-1.,0.,0.));
#4657=DIRECTION('',(0.,0.,1.));
#4658=DIRECTION('center_axis',(0.,0.,1.));
#4659=DIRECTION('ref_axis',(0.,-1.,0.));
#4660=DIRECTION('center_axis',(0.,0.,-1.));
#4661=DIRECTION('ref_axis',(0.,-1.,0.));
#4662=DIRECTION('center_axis',(0.,0.,-1.));
#4663=DIRECTION('ref_axis',(0.,-1.,0.));
#4664=DIRECTION('center_axis',(1.,0.,0.));
#4665=DIRECTION('ref_axis',(0.,1.,0.));
#4666=DIRECTION('',(0.,1.,0.));
#4667=DIRECTION('',(0.,0.,1.));
#4668=DIRECTION('',(0.,1.,0.));
#4669=DIRECTION('',(0.,0.,1.));
#4670=DIRECTION('center_axis',(0.,0.,1.));
#4671=DIRECTION('ref_axis',(-1.,0.,0.));
#4672=DIRECTION('center_axis',(0.,0.,-1.));
#4673=DIRECTION('ref_axis',(-1.,0.,0.));
#4674=DIRECTION('center_axis',(0.,0.,-1.));
#4675=DIRECTION('ref_axis',(-1.,0.,0.));
#4676=DIRECTION('',(0.,0.,1.));
#4677=DIRECTION('center_axis',(0.,1.,0.));
#4678=DIRECTION('ref_axis',(-1.,0.,0.));
#4679=DIRECTION('',(-1.,0.,0.));
#4680=DIRECTION('',(-1.,0.,0.));
#4681=DIRECTION('',(0.,0.,1.));
#4682=DIRECTION('center_axis',(0.,0.,1.));
#4683=DIRECTION('ref_axis',(4.4408920985006E-15,-1.,0.));
#4684=DIRECTION('center_axis',(0.,0.,-1.));
#4685=DIRECTION('ref_axis',(4.4408920985006E-15,-1.,0.));
#4686=DIRECTION('center_axis',(0.,0.,-1.));
#4687=DIRECTION('ref_axis',(4.4408920985006E-15,-1.,0.));
#4688=DIRECTION('',(0.,0.,1.));
#4689=DIRECTION('center_axis',(-1.,0.,0.));
#4690=DIRECTION('ref_axis',(0.,-1.,0.));
#4691=DIRECTION('',(0.,-1.,0.));
#4692=DIRECTION('',(0.,-1.,0.));
#4693=DIRECTION('',(0.,0.,1.));
#4694=DIRECTION('center_axis',(0.,0.,1.));
#4695=DIRECTION('ref_axis',(1.,8.88178419700117E-15,0.));
#4696=DIRECTION('center_axis',(0.,0.,-1.));
#4697=DIRECTION('ref_axis',(1.,8.88178419700117E-15,0.));
#4698=DIRECTION('center_axis',(0.,0.,-1.));
#4699=DIRECTION('ref_axis',(1.,8.88178419700117E-15,0.));
#4700=DIRECTION('',(0.,0.,1.));
#4701=DIRECTION('center_axis',(0.,-1.,0.));
#4702=DIRECTION('ref_axis',(1.,0.,0.));
#4703=DIRECTION('',(1.,0.,0.));
#4704=DIRECTION('',(1.,0.,0.));
#4705=DIRECTION('',(0.,0.,1.));
#4706=DIRECTION('center_axis',(0.,0.,1.));
#4707=DIRECTION('ref_axis',(-4.4408920985006E-15,1.,0.));
#4708=DIRECTION('center_axis',(0.,0.,-1.));
#4709=DIRECTION('ref_axis',(-4.4408920985006E-15,1.,0.));
#4710=DIRECTION('center_axis',(0.,0.,-1.));
#4711=DIRECTION('ref_axis',(-4.4408920985006E-15,1.,0.));
#4712=DIRECTION('center_axis',(0.,1.,0.));
#4713=DIRECTION('ref_axis',(-1.,0.,0.));
#4714=DIRECTION('',(-1.,0.,0.));
#4715=DIRECTION('',(0.,0.,1.));
#4716=DIRECTION('',(-1.,0.,0.));
#4717=DIRECTION('',(0.,0.,1.));
#4718=DIRECTION('center_axis',(0.,0.,1.));
#4719=DIRECTION('ref_axis',(0.,-1.,0.));
#4720=DIRECTION('center_axis',(0.,0.,-1.));
#4721=DIRECTION('ref_axis',(0.,-1.,0.));
#4722=DIRECTION('center_axis',(0.,0.,-1.));
#4723=DIRECTION('ref_axis',(0.,-1.,0.));
#4724=DIRECTION('',(0.,0.,1.));
#4725=DIRECTION('center_axis',(-1.,0.,0.));
#4726=DIRECTION('ref_axis',(0.,-1.,0.));
#4727=DIRECTION('',(0.,-1.,0.));
#4728=DIRECTION('',(0.,-1.,0.));
#4729=DIRECTION('',(0.,0.,1.));
#4730=DIRECTION('center_axis',(0.,0.,1.));
#4731=DIRECTION('ref_axis',(1.,0.,0.));
#4732=DIRECTION('center_axis',(0.,0.,-1.));
#4733=DIRECTION('ref_axis',(1.,0.,0.));
#4734=DIRECTION('center_axis',(0.,0.,-1.));
#4735=DIRECTION('ref_axis',(1.,0.,0.));
#4736=DIRECTION('',(0.,0.,1.));
#4737=DIRECTION('center_axis',(0.,-1.,0.));
#4738=DIRECTION('ref_axis',(1.,0.,0.));
#4739=DIRECTION('',(1.,0.,0.));
#4740=DIRECTION('',(1.,0.,0.));
#4741=DIRECTION('',(0.,0.,1.));
#4742=DIRECTION('center_axis',(0.,0.,1.));
#4743=DIRECTION('ref_axis',(0.,1.,0.));
#4744=DIRECTION('center_axis',(0.,0.,-1.));
#4745=DIRECTION('ref_axis',(0.,1.,0.));
#4746=DIRECTION('center_axis',(0.,0.,-1.));
#4747=DIRECTION('ref_axis',(0.,1.,0.));
#4748=DIRECTION('',(0.,0.,1.));
#4749=DIRECTION('center_axis',(1.,0.,0.));
#4750=DIRECTION('ref_axis',(0.,1.,0.));
#4751=DIRECTION('',(0.,1.,0.));
#4752=DIRECTION('',(0.,1.,0.));
#4753=DIRECTION('',(0.,0.,1.));
#4754=DIRECTION('center_axis',(0.,0.,1.));
#4755=DIRECTION('ref_axis',(-1.,0.,0.));
#4756=DIRECTION('center_axis',(0.,0.,-1.));
#4757=DIRECTION('ref_axis',(-1.,0.,0.));
#4758=DIRECTION('center_axis',(0.,0.,-1.));
#4759=DIRECTION('ref_axis',(-1.,0.,0.));
#4760=DIRECTION('center_axis',(-1.,0.,0.));
#4761=DIRECTION('ref_axis',(0.,-1.,0.));
#4762=DIRECTION('',(0.,-1.,0.));
#4763=DIRECTION('',(0.,0.,1.));
#4764=DIRECTION('',(0.,-1.,0.));
#4765=DIRECTION('',(0.,0.,1.));
#4766=DIRECTION('center_axis',(0.,0.,1.));
#4767=DIRECTION('ref_axis',(1.,0.,0.));
#4768=DIRECTION('center_axis',(0.,0.,-1.));
#4769=DIRECTION('ref_axis',(1.,0.,0.));
#4770=DIRECTION('center_axis',(0.,0.,-1.));
#4771=DIRECTION('ref_axis',(1.,0.,0.));
#4772=DIRECTION('',(0.,0.,1.));
#4773=DIRECTION('center_axis',(0.,-1.,0.));
#4774=DIRECTION('ref_axis',(1.,0.,0.));
#4775=DIRECTION('',(1.,0.,0.));
#4776=DIRECTION('',(1.,0.,0.));
#4777=DIRECTION('',(0.,0.,1.));
#4778=DIRECTION('center_axis',(0.,0.,1.));
#4779=DIRECTION('ref_axis',(0.,1.,0.));
#4780=DIRECTION('center_axis',(0.,0.,-1.));
#4781=DIRECTION('ref_axis',(0.,1.,0.));
#4782=DIRECTION('center_axis',(0.,0.,-1.));
#4783=DIRECTION('ref_axis',(0.,1.,0.));
#4784=DIRECTION('',(0.,0.,1.));
#4785=DIRECTION('center_axis',(1.,0.,0.));
#4786=DIRECTION('ref_axis',(0.,1.,0.));
#4787=DIRECTION('',(0.,1.,0.));
#4788=DIRECTION('',(0.,1.,0.));
#4789=DIRECTION('',(0.,0.,1.));
#4790=DIRECTION('center_axis',(0.,0.,1.));
#4791=DIRECTION('ref_axis',(-1.,0.,0.));
#4792=DIRECTION('center_axis',(0.,0.,-1.));
#4793=DIRECTION('ref_axis',(-1.,0.,0.));
#4794=DIRECTION('center_axis',(0.,0.,-1.));
#4795=DIRECTION('ref_axis',(-1.,0.,0.));
#4796=DIRECTION('',(0.,0.,1.));
#4797=DIRECTION('center_axis',(0.,1.,0.));
#4798=DIRECTION('ref_axis',(-1.,0.,0.));
#4799=DIRECTION('',(-1.,0.,0.));
#4800=DIRECTION('',(-1.,0.,0.));
#4801=DIRECTION('',(0.,0.,1.));
#4802=DIRECTION('center_axis',(0.,0.,1.));
#4803=DIRECTION('ref_axis',(0.,-1.,0.));
#4804=DIRECTION('center_axis',(0.,0.,-1.));
#4805=DIRECTION('ref_axis',(0.,-1.,0.));
#4806=DIRECTION('center_axis',(0.,0.,-1.));
#4807=DIRECTION('ref_axis',(0.,-1.,0.));
#4808=DIRECTION('center_axis',(0.,-1.,0.));
#4809=DIRECTION('ref_axis',(1.,0.,0.));
#4810=DIRECTION('',(1.,0.,0.));
#4811=DIRECTION('',(0.,0.,1.));
#4812=DIRECTION('',(1.,0.,0.));
#4813=DIRECTION('',(0.,0.,1.));
#4814=DIRECTION('center_axis',(0.,0.,1.));
#4815=DIRECTION('ref_axis',(0.,1.,0.));
#4816=DIRECTION('center_axis',(0.,0.,-1.));
#4817=DIRECTION('ref_axis',(0.,1.,0.));
#4818=DIRECTION('center_axis',(0.,0.,-1.));
#4819=DIRECTION('ref_axis',(0.,1.,0.));
#4820=DIRECTION('',(0.,0.,1.));
#4821=DIRECTION('center_axis',(1.,0.,0.));
#4822=DIRECTION('ref_axis',(0.,1.,0.));
#4823=DIRECTION('',(0.,1.,0.));
#4824=DIRECTION('',(0.,1.,0.));
#4825=DIRECTION('',(0.,0.,1.));
#4826=DIRECTION('center_axis',(0.,0.,1.));
#4827=DIRECTION('ref_axis',(-1.,0.,0.));
#4828=DIRECTION('center_axis',(0.,0.,-1.));
#4829=DIRECTION('ref_axis',(-1.,0.,0.));
#4830=DIRECTION('center_axis',(0.,0.,-1.));
#4831=DIRECTION('ref_axis',(-1.,0.,0.));
#4832=DIRECTION('',(0.,0.,1.));
#4833=DIRECTION('center_axis',(0.,1.,0.));
#4834=DIRECTION('ref_axis',(-1.,0.,0.));
#4835=DIRECTION('',(-1.,0.,0.));
#4836=DIRECTION('',(-1.,0.,0.));
#4837=DIRECTION('',(0.,0.,1.));
#4838=DIRECTION('center_axis',(0.,0.,1.));
#4839=DIRECTION('ref_axis',(0.,-1.,0.));
#4840=DIRECTION('center_axis',(0.,0.,-1.));
#4841=DIRECTION('ref_axis',(0.,-1.,0.));
#4842=DIRECTION('center_axis',(0.,0.,-1.));
#4843=DIRECTION('ref_axis',(0.,-1.,0.));
#4844=DIRECTION('',(0.,0.,1.));
#4845=DIRECTION('center_axis',(-1.,0.,0.));
#4846=DIRECTION('ref_axis',(0.,-1.,0.));
#4847=DIRECTION('',(0.,-1.,0.));
#4848=DIRECTION('',(0.,-1.,0.));
#4849=DIRECTION('',(0.,0.,1.));
#4850=DIRECTION('center_axis',(0.,0.,1.));
#4851=DIRECTION('ref_axis',(1.,0.,0.));
#4852=DIRECTION('center_axis',(0.,0.,-1.));
#4853=DIRECTION('ref_axis',(1.,0.,0.));
#4854=DIRECTION('center_axis',(0.,0.,-1.));
#4855=DIRECTION('ref_axis',(1.,0.,0.));
#4856=DIRECTION('center_axis',(1.,0.,0.));
#4857=DIRECTION('ref_axis',(0.,1.,0.));
#4858=DIRECTION('',(0.,1.,0.));
#4859=DIRECTION('',(0.,0.,1.));
#4860=DIRECTION('',(0.,1.,0.));
#4861=DIRECTION('',(0.,0.,1.));
#4862=DIRECTION('center_axis',(0.,0.,1.));
#4863=DIRECTION('ref_axis',(-1.,0.,0.));
#4864=DIRECTION('center_axis',(0.,0.,-1.));
#4865=DIRECTION('ref_axis',(-1.,0.,0.));
#4866=DIRECTION('center_axis',(0.,0.,-1.));
#4867=DIRECTION('ref_axis',(-1.,0.,0.));
#4868=DIRECTION('',(0.,0.,1.));
#4869=DIRECTION('center_axis',(0.,1.,0.));
#4870=DIRECTION('ref_axis',(-1.,0.,0.));
#4871=DIRECTION('',(-1.,0.,0.));
#4872=DIRECTION('',(-1.,0.,0.));
#4873=DIRECTION('',(0.,0.,1.));
#4874=DIRECTION('center_axis',(0.,0.,1.));
#4875=DIRECTION('ref_axis',(0.,-1.,0.));
#4876=DIRECTION('center_axis',(0.,0.,-1.));
#4877=DIRECTION('ref_axis',(0.,-1.,0.));
#4878=DIRECTION('center_axis',(0.,0.,-1.));
#4879=DIRECTION('ref_axis',(0.,-1.,0.));
#4880=DIRECTION('',(0.,0.,1.));
#4881=DIRECTION('center_axis',(-1.,0.,0.));
#4882=DIRECTION('ref_axis',(0.,-1.,0.));
#4883=DIRECTION('',(0.,-1.,0.));
#4884=DIRECTION('',(0.,-1.,0.));
#4885=DIRECTION('',(0.,0.,1.));
#4886=DIRECTION('center_axis',(0.,0.,1.));
#4887=DIRECTION('ref_axis',(1.,0.,0.));
#4888=DIRECTION('center_axis',(0.,0.,-1.));
#4889=DIRECTION('ref_axis',(1.,0.,0.));
#4890=DIRECTION('center_axis',(0.,0.,-1.));
#4891=DIRECTION('ref_axis',(1.,0.,0.));
#4892=DIRECTION('',(0.,0.,1.));
#4893=DIRECTION('center_axis',(0.,-1.,0.));
#4894=DIRECTION('ref_axis',(1.,0.,0.));
#4895=DIRECTION('',(1.,0.,0.));
#4896=DIRECTION('',(1.,0.,0.));
#4897=DIRECTION('',(0.,0.,1.));
#4898=DIRECTION('center_axis',(0.,0.,1.));
#4899=DIRECTION('ref_axis',(0.,1.,0.));
#4900=DIRECTION('center_axis',(0.,0.,-1.));
#4901=DIRECTION('ref_axis',(0.,1.,0.));
#4902=DIRECTION('center_axis',(0.,0.,-1.));
#4903=DIRECTION('ref_axis',(0.,1.,0.));
#4904=DIRECTION('center_axis',(0.,-1.,0.));
#4905=DIRECTION('ref_axis',(1.,0.,0.));
#4906=DIRECTION('',(1.,0.,0.));
#4907=DIRECTION('',(0.,0.,1.));
#4908=DIRECTION('',(1.,0.,0.));
#4909=DIRECTION('',(0.,0.,1.));
#4910=DIRECTION('center_axis',(0.,0.,1.));
#4911=DIRECTION('ref_axis',(0.,1.,0.));
#4912=DIRECTION('center_axis',(0.,0.,-1.));
#4913=DIRECTION('ref_axis',(0.,1.,0.));
#4914=DIRECTION('center_axis',(0.,0.,-1.));
#4915=DIRECTION('ref_axis',(0.,1.,0.));
#4916=DIRECTION('',(0.,0.,1.));
#4917=DIRECTION('center_axis',(1.,0.,0.));
#4918=DIRECTION('ref_axis',(0.,1.,0.));
#4919=DIRECTION('',(0.,1.,0.));
#4920=DIRECTION('',(0.,1.,0.));
#4921=DIRECTION('',(0.,0.,1.));
#4922=DIRECTION('center_axis',(0.,0.,1.));
#4923=DIRECTION('ref_axis',(-1.,0.,0.));
#4924=DIRECTION('center_axis',(0.,0.,-1.));
#4925=DIRECTION('ref_axis',(-1.,0.,0.));
#4926=DIRECTION('center_axis',(0.,0.,-1.));
#4927=DIRECTION('ref_axis',(-1.,0.,0.));
#4928=DIRECTION('',(0.,0.,1.));
#4929=DIRECTION('center_axis',(0.,1.,0.));
#4930=DIRECTION('ref_axis',(-1.,0.,0.));
#4931=DIRECTION('',(-1.,0.,0.));
#4932=DIRECTION('',(-1.,0.,0.));
#4933=DIRECTION('',(0.,0.,1.));
#4934=DIRECTION('center_axis',(0.,0.,1.));
#4935=DIRECTION('ref_axis',(0.,-1.,0.));
#4936=DIRECTION('center_axis',(0.,0.,-1.));
#4937=DIRECTION('ref_axis',(0.,-1.,0.));
#4938=DIRECTION('center_axis',(0.,0.,-1.));
#4939=DIRECTION('ref_axis',(0.,-1.,0.));
#4940=DIRECTION('',(0.,0.,1.));
#4941=DIRECTION('center_axis',(-1.,0.,0.));
#4942=DIRECTION('ref_axis',(0.,-1.,0.));
#4943=DIRECTION('',(0.,-1.,0.));
#4944=DIRECTION('',(0.,-1.,0.));
#4945=DIRECTION('',(0.,0.,1.));
#4946=DIRECTION('center_axis',(0.,0.,1.));
#4947=DIRECTION('ref_axis',(1.,0.,0.));
#4948=DIRECTION('center_axis',(0.,0.,-1.));
#4949=DIRECTION('ref_axis',(1.,0.,0.));
#4950=DIRECTION('center_axis',(0.,0.,-1.));
#4951=DIRECTION('ref_axis',(1.,0.,0.));
#4952=DIRECTION('center_axis',(1.,0.,0.));
#4953=DIRECTION('ref_axis',(0.,1.,0.));
#4954=DIRECTION('',(0.,1.,0.));
#4955=DIRECTION('',(0.,0.,1.));
#4956=DIRECTION('',(0.,1.,0.));
#4957=DIRECTION('',(0.,0.,1.));
#4958=DIRECTION('center_axis',(0.,0.,1.));
#4959=DIRECTION('ref_axis',(-1.,9.99200722162645E-15,0.));
#4960=DIRECTION('center_axis',(0.,0.,-1.));
#4961=DIRECTION('ref_axis',(-1.,9.99200722162645E-15,0.));
#4962=DIRECTION('center_axis',(0.,0.,-1.));
#4963=DIRECTION('ref_axis',(-1.,9.99200722162645E-15,0.));
#4964=DIRECTION('',(0.,0.,1.));
#4965=DIRECTION('center_axis',(-2.46716233617501E-16,1.,0.));
#4966=DIRECTION('ref_axis',(-1.,-2.46716233617501E-16,0.));
#4967=DIRECTION('',(-1.,-2.46716233617501E-16,0.));
#4968=DIRECTION('',(-1.,-2.46716233617501E-16,0.));
#4969=DIRECTION('',(0.,0.,1.));
#4970=DIRECTION('center_axis',(0.,0.,1.));
#4971=DIRECTION('ref_axis',(0.,-1.,0.));
#4972=DIRECTION('center_axis',(0.,0.,-1.));
#4973=DIRECTION('ref_axis',(0.,-1.,0.));
#4974=DIRECTION('center_axis',(0.,0.,-1.));
#4975=DIRECTION('ref_axis',(0.,-1.,0.));
#4976=DIRECTION('',(0.,0.,1.));
#4977=DIRECTION('center_axis',(-1.,0.,0.));
#4978=DIRECTION('ref_axis',(0.,-1.,0.));
#4979=DIRECTION('',(0.,-1.,0.));
#4980=DIRECTION('',(0.,-1.,0.));
#4981=DIRECTION('',(0.,0.,1.));
#4982=DIRECTION('center_axis',(0.,0.,1.));
#4983=DIRECTION('ref_axis',(1.,-1.33226762955019E-14,0.));
#4984=DIRECTION('center_axis',(0.,0.,-1.));
#4985=DIRECTION('ref_axis',(1.,-1.33226762955019E-14,0.));
#4986=DIRECTION('center_axis',(0.,0.,-1.));
#4987=DIRECTION('ref_axis',(1.,-1.33226762955019E-14,0.));
#4988=DIRECTION('',(0.,0.,1.));
#4989=DIRECTION('center_axis',(0.,-1.,0.));
#4990=DIRECTION('ref_axis',(1.,0.,0.));
#4991=DIRECTION('',(1.,0.,0.));
#4992=DIRECTION('',(1.,0.,0.));
#4993=DIRECTION('',(0.,0.,1.));
#4994=DIRECTION('center_axis',(0.,0.,1.));
#4995=DIRECTION('ref_axis',(0.,1.,0.));
#4996=DIRECTION('center_axis',(0.,0.,-1.));
#4997=DIRECTION('ref_axis',(0.,1.,0.));
#4998=DIRECTION('center_axis',(0.,0.,-1.));
#4999=DIRECTION('ref_axis',(0.,1.,0.));
#5000=DIRECTION('center_axis',(1.,0.,0.));
#5001=DIRECTION('ref_axis',(0.,1.,0.));
#5002=DIRECTION('',(0.,1.,0.));
#5003=DIRECTION('',(0.,0.,1.));
#5004=DIRECTION('',(0.,1.,0.));
#5005=DIRECTION('',(0.,0.,1.));
#5006=DIRECTION('center_axis',(0.,0.,1.));
#5007=DIRECTION('ref_axis',(-1.,0.,0.));
#5008=DIRECTION('center_axis',(0.,0.,-1.));
#5009=DIRECTION('ref_axis',(-1.,0.,0.));
#5010=DIRECTION('center_axis',(0.,0.,-1.));
#5011=DIRECTION('ref_axis',(-1.,0.,0.));
#5012=DIRECTION('',(0.,0.,1.));
#5013=DIRECTION('center_axis',(0.,1.,0.));
#5014=DIRECTION('ref_axis',(-1.,0.,0.));
#5015=DIRECTION('',(-1.,0.,0.));
#5016=DIRECTION('',(-1.,0.,0.));
#5017=DIRECTION('',(0.,0.,1.));
#5018=DIRECTION('center_axis',(0.,0.,1.));
#5019=DIRECTION('ref_axis',(0.,-1.,0.));
#5020=DIRECTION('center_axis',(0.,0.,-1.));
#5021=DIRECTION('ref_axis',(0.,-1.,0.));
#5022=DIRECTION('center_axis',(0.,0.,-1.));
#5023=DIRECTION('ref_axis',(0.,-1.,0.));
#5024=DIRECTION('',(0.,0.,1.));
#5025=DIRECTION('center_axis',(-1.,0.,0.));
#5026=DIRECTION('ref_axis',(0.,-1.,0.));
#5027=DIRECTION('',(0.,-1.,0.));
#5028=DIRECTION('',(0.,-1.,0.));
#5029=DIRECTION('',(0.,0.,1.));
#5030=DIRECTION('center_axis',(0.,0.,1.));
#5031=DIRECTION('ref_axis',(1.,0.,0.));
#5032=DIRECTION('center_axis',(0.,0.,-1.));
#5033=DIRECTION('ref_axis',(1.,0.,0.));
#5034=DIRECTION('center_axis',(0.,0.,-1.));
#5035=DIRECTION('ref_axis',(1.,0.,0.));
#5036=DIRECTION('',(0.,0.,1.));
#5037=DIRECTION('center_axis',(0.,-1.,0.));
#5038=DIRECTION('ref_axis',(1.,0.,0.));
#5039=DIRECTION('',(1.,0.,0.));
#5040=DIRECTION('',(1.,0.,0.));
#5041=DIRECTION('',(0.,0.,1.));
#5042=DIRECTION('center_axis',(0.,0.,1.));
#5043=DIRECTION('ref_axis',(0.,1.,0.));
#5044=DIRECTION('center_axis',(0.,0.,-1.));
#5045=DIRECTION('ref_axis',(0.,1.,0.));
#5046=DIRECTION('center_axis',(0.,0.,-1.));
#5047=DIRECTION('ref_axis',(0.,1.,0.));
#5048=DIRECTION('center_axis',(-1.,5.92118960583966E-16,0.));
#5049=DIRECTION('ref_axis',(-5.92118960583966E-16,-1.,0.));
#5050=DIRECTION('',(-5.92118960583966E-16,-1.,0.));
#5051=DIRECTION('',(0.,0.,1.));
#5052=DIRECTION('',(-5.92118960583966E-16,-1.,0.));
#5053=DIRECTION('',(0.,0.,1.));
#5054=DIRECTION('center_axis',(0.,0.,1.));
#5055=DIRECTION('ref_axis',(1.,-8.88178419700128E-15,0.));
#5056=DIRECTION('center_axis',(0.,0.,-1.));
#5057=DIRECTION('ref_axis',(1.,-8.88178419700128E-15,0.));
#5058=DIRECTION('center_axis',(0.,0.,-1.));
#5059=DIRECTION('ref_axis',(1.,-8.88178419700128E-15,0.));
#5060=DIRECTION('',(0.,0.,1.));
#5061=DIRECTION('center_axis',(0.,-1.,0.));
#5062=DIRECTION('ref_axis',(1.,0.,0.));
#5063=DIRECTION('',(1.,0.,0.));
#5064=DIRECTION('',(1.,0.,0.));
#5065=DIRECTION('',(0.,0.,1.));
#5066=DIRECTION('center_axis',(0.,0.,1.));
#5067=DIRECTION('ref_axis',(0.,1.,0.));
#5068=DIRECTION('center_axis',(0.,0.,-1.));
#5069=DIRECTION('ref_axis',(0.,1.,0.));
#5070=DIRECTION('center_axis',(0.,0.,-1.));
#5071=DIRECTION('ref_axis',(0.,1.,0.));
#5072=DIRECTION('',(0.,0.,1.));
#5073=DIRECTION('center_axis',(1.,0.,0.));
#5074=DIRECTION('ref_axis',(0.,1.,0.));
#5075=DIRECTION('',(0.,1.,0.));
#5076=DIRECTION('',(0.,1.,0.));
#5077=DIRECTION('',(0.,0.,1.));
#5078=DIRECTION('center_axis',(0.,0.,1.));
#5079=DIRECTION('ref_axis',(-1.,8.88178419700128E-15,0.));
#5080=DIRECTION('center_axis',(0.,0.,-1.));
#5081=DIRECTION('ref_axis',(-1.,8.88178419700128E-15,0.));
#5082=DIRECTION('center_axis',(0.,0.,-1.));
#5083=DIRECTION('ref_axis',(-1.,8.88178419700128E-15,0.));
#5084=DIRECTION('',(0.,0.,1.));
#5085=DIRECTION('center_axis',(-3.28954978156668E-16,1.,0.));
#5086=DIRECTION('ref_axis',(-1.,-3.28954978156668E-16,0.));
#5087=DIRECTION('',(-1.,-3.28954978156668E-16,0.));
#5088=DIRECTION('',(-1.,-3.28954978156668E-16,0.));
#5089=DIRECTION('',(0.,0.,1.));
#5090=DIRECTION('center_axis',(0.,0.,1.));
#5091=DIRECTION('ref_axis',(0.,-1.,0.));
#5092=DIRECTION('center_axis',(0.,0.,-1.));
#5093=DIRECTION('ref_axis',(0.,-1.,0.));
#5094=DIRECTION('center_axis',(0.,0.,-1.));
#5095=DIRECTION('ref_axis',(0.,-1.,0.));
#5096=DIRECTION('center_axis',(0.,1.,0.));
#5097=DIRECTION('ref_axis',(-1.,0.,0.));
#5098=DIRECTION('',(1.,0.,0.));
#5099=DIRECTION('',(0.,0.,1.));
#5100=DIRECTION('',(-1.,0.,0.));
#5101=DIRECTION('',(0.,0.,1.));
#5102=DIRECTION('center_axis',(0.,0.,1.));
#5103=DIRECTION('ref_axis',(1.,-2.96059473233377E-15,0.));
#5104=DIRECTION('center_axis',(0.,0.,1.));
#5105=DIRECTION('ref_axis',(1.,-2.96059473233377E-15,0.));
#5106=DIRECTION('center_axis',(0.,0.,1.));
#5107=DIRECTION('ref_axis',(1.,-2.96059473233377E-15,0.));
#5108=DIRECTION('',(0.,0.,1.));
#5109=DIRECTION('center_axis',(1.,0.,0.));
#5110=DIRECTION('ref_axis',(0.,1.,0.));
#5111=DIRECTION('',(0.,-1.,0.));
#5112=DIRECTION('',(0.,1.,0.));
#5113=DIRECTION('',(0.,0.,1.));
#5114=DIRECTION('center_axis',(0.,0.,1.));
#5115=DIRECTION('ref_axis',(1.48029736616687E-15,-1.,0.));
#5116=DIRECTION('center_axis',(0.,0.,1.));
#5117=DIRECTION('ref_axis',(1.48029736616687E-15,-1.,0.));
#5118=DIRECTION('center_axis',(0.,0.,1.));
#5119=DIRECTION('ref_axis',(1.48029736616687E-15,-1.,0.));
#5120=DIRECTION('',(0.,0.,1.));
#5121=DIRECTION('center_axis',(-5.92593020883457E-17,-1.,0.));
#5122=DIRECTION('ref_axis',(1.,-5.92593020883457E-17,0.));
#5123=DIRECTION('',(-1.,5.92593020883457E-17,0.));
#5124=DIRECTION('',(1.,-5.92593020883457E-17,0.));
#5125=DIRECTION('',(0.,0.,1.));
#5126=DIRECTION('center_axis',(0.,0.,1.));
#5127=DIRECTION('ref_axis',(-1.,-1.85037170770859E-16,0.));
#5128=DIRECTION('center_axis',(0.,0.,1.));
#5129=DIRECTION('ref_axis',(-1.,-1.85037170770859E-16,0.));
#5130=DIRECTION('center_axis',(0.,0.,1.));
#5131=DIRECTION('ref_axis',(-1.,-1.85037170770859E-16,0.));
#5132=DIRECTION('',(0.,0.,1.));
#5133=DIRECTION('center_axis',(-1.,-3.52825113590913E-17,0.));
#5134=DIRECTION('ref_axis',(3.52825113590913E-17,-1.,0.));
#5135=DIRECTION('',(-3.52825113590913E-17,1.,0.));
#5136=DIRECTION('',(3.52825113590913E-17,-1.,0.));
#5137=DIRECTION('',(0.,0.,1.));
#5138=DIRECTION('center_axis',(0.,0.,1.));
#5139=DIRECTION('ref_axis',(-1.85037170770859E-15,1.,0.));
#5140=DIRECTION('center_axis',(0.,0.,1.));
#5141=DIRECTION('ref_axis',(-1.85037170770859E-15,1.,0.));
#5142=DIRECTION('center_axis',(0.,0.,1.));
#5143=DIRECTION('ref_axis',(-1.85037170770859E-15,1.,0.));
#5144=DIRECTION('center_axis',(0.,0.,1.));
#5145=DIRECTION('ref_axis',(1.,0.,0.));
#5146=DIRECTION('center_axis',(0.,0.,1.));
#5147=DIRECTION('ref_axis',(1.,0.,0.));
#5148=DIRECTION('center_axis',(-1.,-1.23358111600576E-16,0.));
#5149=DIRECTION('ref_axis',(-1.23358111600576E-16,1.,0.));
#5150=DIRECTION('',(-1.23358111600576E-16,1.,0.));
#5151=DIRECTION('',(0.,0.,-1.));
#5152=DIRECTION('',(-1.23358111600576E-16,1.,0.));
#5153=DIRECTION('',(0.,0.,-1.));
#5154=DIRECTION('center_axis',(0.,0.,-1.));
#5155=DIRECTION('ref_axis',(-1.,-4.4408920985006E-15,0.));
#5156=DIRECTION('center_axis',(0.,0.,1.));
#5157=DIRECTION('ref_axis',(-1.,-4.4408920985006E-15,0.));
#5158=DIRECTION('center_axis',(0.,0.,-1.));
#5159=DIRECTION('ref_axis',(-1.,-4.4408920985006E-15,0.));
#5160=DIRECTION('',(0.,0.,-1.));
#5161=DIRECTION('center_axis',(0.,-1.,0.));
#5162=DIRECTION('ref_axis',(-1.,0.,0.));
#5163=DIRECTION('',(-1.,0.,0.));
#5164=DIRECTION('',(-1.,0.,0.));
#5165=DIRECTION('',(0.,0.,-1.));
#5166=DIRECTION('center_axis',(0.,0.,-1.));
#5167=DIRECTION('ref_axis',(6.6613381477509E-15,-1.,0.));
#5168=DIRECTION('center_axis',(0.,0.,1.));
#5169=DIRECTION('ref_axis',(6.6613381477509E-15,-1.,0.));
#5170=DIRECTION('center_axis',(0.,0.,-1.));
#5171=DIRECTION('ref_axis',(6.6613381477509E-15,-1.,0.));
#5172=DIRECTION('',(0.,0.,-1.));
#5173=DIRECTION('center_axis',(1.,2.46716223201152E-16,0.));
#5174=DIRECTION('ref_axis',(2.46716223201152E-16,-1.,0.));
#5175=DIRECTION('',(2.46716223201152E-16,-1.,0.));
#5176=DIRECTION('',(2.46716223201152E-16,-1.,0.));
#5177=DIRECTION('',(0.,0.,-1.));
#5178=DIRECTION('center_axis',(0.,0.,-1.));
#5179=DIRECTION('ref_axis',(1.,0.,0.));
#5180=DIRECTION('center_axis',(0.,0.,1.));
#5181=DIRECTION('ref_axis',(1.,0.,0.));
#5182=DIRECTION('center_axis',(0.,0.,-1.));
#5183=DIRECTION('ref_axis',(1.,0.,0.));
#5184=DIRECTION('',(0.,0.,-1.));
#5185=DIRECTION('center_axis',(0.,1.,0.));
#5186=DIRECTION('ref_axis',(1.,0.,0.));
#5187=DIRECTION('',(1.,0.,0.));
#5188=DIRECTION('',(1.,0.,0.));
#5189=DIRECTION('',(0.,0.,-1.));
#5190=DIRECTION('center_axis',(0.,0.,-1.));
#5191=DIRECTION('ref_axis',(5.5511151231258E-15,1.,0.));
#5192=DIRECTION('center_axis',(0.,0.,1.));
#5193=DIRECTION('ref_axis',(5.5511151231258E-15,1.,0.));
#5194=DIRECTION('center_axis',(0.,0.,-1.));
#5195=DIRECTION('ref_axis',(5.5511151231258E-15,1.,0.));
#5196=DIRECTION('center_axis',(0.,0.,1.));
#5197=DIRECTION('ref_axis',(-1.,0.,0.));
#5198=DIRECTION('center_axis',(0.,0.,1.));
#5199=DIRECTION('ref_axis',(-1.,0.,0.));
#5200=CARTESIAN_POINT('',(0.,0.,0.));
#5201=CARTESIAN_POINT('Origin',(21.5084859290539,103.4,8.49043021985251));
#5202=CARTESIAN_POINT('',(21.5084859290539,100.4,5.85406519476045));
#5203=CARTESIAN_POINT('',(21.5084859290539,100.4,8.49043021985251));
#5204=CARTESIAN_POINT('',(21.5084859290539,100.4,4.24521510992625));
#5205=CARTESIAN_POINT('',(21.5084859290539,103.4,5.85406519476045));
#5206=CARTESIAN_POINT('',(21.5084859290539,103.4,5.85406519476045));
#5207=CARTESIAN_POINT('',(21.5084859290539,103.4,8.49043021985251));
#5208=CARTESIAN_POINT('',(21.5084859290539,103.4,4.24521510992625));
#5209=CARTESIAN_POINT('',(21.5084859290539,103.4,8.49043021985251));
#5210=CARTESIAN_POINT('Origin',(22.0084859290539,103.4,8.49043021985251));
#5211=CARTESIAN_POINT('',(22.0084859290539,100.4,8.99043021985251));
#5212=CARTESIAN_POINT('Origin',(22.0084859290539,100.4,8.49043021985251));
#5213=CARTESIAN_POINT('',(22.0084859290539,103.4,8.99043021985251));
#5214=CARTESIAN_POINT('Origin',(22.0084859290539,103.4,8.49043021985251));
#5215=CARTESIAN_POINT('',(22.0084859290539,103.4,8.99043021985251));
#5216=CARTESIAN_POINT('Origin',(30.4096715426756,103.4,8.99043021985251));
#5217=CARTESIAN_POINT('',(30.4096715426756,100.4,8.99043021985251));
#5218=CARTESIAN_POINT('',(15.2048357713378,100.4,8.99043021985251));
#5219=CARTESIAN_POINT('',(30.4096715426756,103.4,8.99043021985251));
#5220=CARTESIAN_POINT('',(54.1748357713378,103.4,8.99043021985251));
#5221=CARTESIAN_POINT('',(30.4096715426756,103.4,8.99043021985251));
#5222=CARTESIAN_POINT('Origin',(30.4096715426756,103.4,8.49043021985251));
#5223=CARTESIAN_POINT('',(30.9096715426756,100.4,8.49043021985251));
#5224=CARTESIAN_POINT('Origin',(30.4096715426756,100.4,8.49043021985251));
#5225=CARTESIAN_POINT('',(30.9096715426756,103.4,8.49043021985251));
#5226=CARTESIAN_POINT('Origin',(30.4096715426756,103.4,8.49043021985251));
#5227=CARTESIAN_POINT('',(30.9096715426756,103.4,8.49043021985251));
#5228=CARTESIAN_POINT('Origin',(30.9096715426756,103.4,5.85406519476045));
#5229=CARTESIAN_POINT('',(30.9096715426756,100.4,5.85406519476045));
#5230=CARTESIAN_POINT('',(30.9096715426756,100.4,2.92703259738022));
#5231=CARTESIAN_POINT('',(30.9096715426756,103.4,5.85406519476045));
#5232=CARTESIAN_POINT('',(30.9096715426756,103.4,2.92703259738022));
#5233=CARTESIAN_POINT('',(30.9096715426756,103.4,5.85406519476045));
#5234=CARTESIAN_POINT('Origin',(30.4096715426756,103.4,5.85406519476045));
#5235=CARTESIAN_POINT('',(30.4096715426756,100.4,5.35406519476045));
#5236=CARTESIAN_POINT('Origin',(30.4096715426756,100.4,5.85406519476045));
#5237=CARTESIAN_POINT('',(30.4096715426756,103.4,5.35406519476045));
#5238=CARTESIAN_POINT('Origin',(30.4096715426756,103.4,5.85406519476045));
#5239=CARTESIAN_POINT('',(30.4096715426756,103.4,5.35406519476045));
#5240=CARTESIAN_POINT('Origin',(22.0084859290539,103.4,5.35406519476045));
#5241=CARTESIAN_POINT('',(22.0084859290539,100.4,5.35406519476045));
#5242=CARTESIAN_POINT('',(11.004242964527,100.4,5.35406519476045));
#5243=CARTESIAN_POINT('',(22.0084859290539,103.4,5.35406519476045));
#5244=CARTESIAN_POINT('',(49.974242964527,103.4,5.35406519476045));
#5245=CARTESIAN_POINT('',(22.0084859290539,103.4,5.35406519476045));
#5246=CARTESIAN_POINT('Origin',(22.0084859290539,103.4,5.85406519476045));
#5247=CARTESIAN_POINT('Origin',(22.0084859290539,100.4,5.85406519476045));
#5248=CARTESIAN_POINT('Origin',(22.0084859290539,103.4,5.85406519476045));
#5249=CARTESIAN_POINT('Origin',(80.94,100.4,0.));
#5250=CARTESIAN_POINT('',(80.94,0.,2.));
#5251=CARTESIAN_POINT('',(80.94,100.4,2.));
#5252=CARTESIAN_POINT('',(80.94,75.2999999888241,2.));
#5253=CARTESIAN_POINT('',(80.94,0.,12.));
#5254=CARTESIAN_POINT('',(80.94,0.,0.));
#5255=CARTESIAN_POINT('',(80.94,100.4,12.));
#5256=CARTESIAN_POINT('',(80.94,0.,12.));
#5257=CARTESIAN_POINT('',(80.94,100.4,0.));
#5258=CARTESIAN_POINT('Origin',(80.94,0.,0.));
#5259=CARTESIAN_POINT('',(0.,0.,2.));
#5260=CARTESIAN_POINT('',(60.705,0.,2.));
#5261=CARTESIAN_POINT('',(0.,0.,12.));
#5262=CARTESIAN_POINT('',(0.,0.,0.));
#5263=CARTESIAN_POINT('',(0.,0.,12.));
#5264=CARTESIAN_POINT('Origin',(0.,100.4,0.));
#5265=CARTESIAN_POINT('',(0.,100.4,2.));
#5266=CARTESIAN_POINT('',(20.235,100.4,2.));
#5267=CARTESIAN_POINT('',(0.,100.4,12.));
#5268=CARTESIAN_POINT('',(80.94,100.4,12.));
#5269=CARTESIAN_POINT('',(0.,100.4,0.));
#5270=CARTESIAN_POINT('Origin',(0.,0.,0.));
#5271=CARTESIAN_POINT('',(0.,25.0999999888241,2.));
#5272=CARTESIAN_POINT('',(0.,100.4,12.));
#5273=CARTESIAN_POINT('Origin',(40.47,50.1999999776483,12.));
#5274=CARTESIAN_POINT('',(3.00000000000001,103.4,12.));
#5275=CARTESIAN_POINT('',(-2.99999999999999,97.4,12.));
#5276=CARTESIAN_POINT('Origin',(3.00000000000002,97.4,12.));
#5277=CARTESIAN_POINT('',(-2.99999999999999,2.99999995529652,12.));
#5278=CARTESIAN_POINT('',(-2.99999999999999,2.99999995529652,12.));
#5279=CARTESIAN_POINT('',(3.00000000000001,-3.00000004470348,12.));
#5280=CARTESIAN_POINT('Origin',(3.00000000000001,2.99999995529652,12.));
#5281=CARTESIAN_POINT('',(77.94,-3.00000004470349,12.));
#5282=CARTESIAN_POINT('',(77.94,-3.00000004470349,12.));
#5283=CARTESIAN_POINT('',(83.94,2.99999995529651,12.));
#5284=CARTESIAN_POINT('Origin',(77.94,2.99999995529652,12.));
#5285=CARTESIAN_POINT('',(83.94,97.4,12.));
#5286=CARTESIAN_POINT('',(83.94,97.4,12.));
#5287=CARTESIAN_POINT('',(77.94,103.4,12.));
#5288=CARTESIAN_POINT('Origin',(77.94,97.4000000000001,12.));
#5289=CARTESIAN_POINT('',(3.00000000000001,103.4,12.));
#5290=CARTESIAN_POINT('Origin',(77.94,103.4,0.));
#5291=CARTESIAN_POINT('',(3.00000000000001,103.4,0.));
#5292=CARTESIAN_POINT('',(77.94,103.4,0.));
#5293=CARTESIAN_POINT('',(3.00000000000001,103.4,0.));
#5294=CARTESIAN_POINT('',(3.00000000000001,103.4,0.));
#5295=CARTESIAN_POINT('',(77.94,103.4,0.));
#5296=CARTESIAN_POINT('Origin',(77.94,97.4000000000001,0.));
#5297=CARTESIAN_POINT('',(83.94,97.4,0.));
#5298=CARTESIAN_POINT('Origin',(77.94,97.4000000000001,0.));
#5299=CARTESIAN_POINT('',(83.94,97.4,0.));
#5300=CARTESIAN_POINT('Origin',(83.94,2.99999995529651,0.));
#5301=CARTESIAN_POINT('',(83.94,2.99999995529651,0.));
#5302=CARTESIAN_POINT('',(83.94,97.4,0.));
#5303=CARTESIAN_POINT('',(83.94,2.99999995529651,0.));
#5304=CARTESIAN_POINT('Origin',(77.94,2.99999995529652,0.));
#5305=CARTESIAN_POINT('',(77.94,-3.00000004470349,0.));
#5306=CARTESIAN_POINT('Origin',(77.94,2.99999995529652,0.));
#5307=CARTESIAN_POINT('',(77.94,-3.00000004470349,0.));
#5308=CARTESIAN_POINT('Origin',(3.00000000000001,-3.00000004470348,0.));
#5309=CARTESIAN_POINT('',(3.00000000000001,-3.00000004470348,0.));
#5310=CARTESIAN_POINT('',(77.94,-3.00000004470349,0.));
#5311=CARTESIAN_POINT('',(3.00000000000001,-3.00000004470348,0.));
#5312=CARTESIAN_POINT('Origin',(3.00000000000001,2.99999995529652,0.));
#5313=CARTESIAN_POINT('',(-2.99999999999999,2.99999995529652,0.));
#5314=CARTESIAN_POINT('Origin',(3.00000000000001,2.99999995529652,0.));
#5315=CARTESIAN_POINT('',(-2.99999999999999,2.99999995529652,0.));
#5316=CARTESIAN_POINT('Origin',(-2.99999999999999,97.4,0.));
#5317=CARTESIAN_POINT('',(-2.99999999999999,97.4,0.));
#5318=CARTESIAN_POINT('',(-2.99999999999999,2.99999995529652,0.));
#5319=CARTESIAN_POINT('',(-2.99999999999999,97.4,0.));
#5320=CARTESIAN_POINT('Origin',(3.00000000000002,97.4,0.));
#5321=CARTESIAN_POINT('Origin',(3.00000000000002,97.4,0.));
#5322=CARTESIAN_POINT('Origin',(40.47,50.1999999776483,2.));
#5323=CARTESIAN_POINT('Origin',(40.47,50.1999999776483,0.));
#5324=CARTESIAN_POINT('Origin',(16.5166072507314,79.0000011473894,14.));
#5325=CARTESIAN_POINT('',(16.5166072507314,79.0000011473894,14.));
#5326=CARTESIAN_POINT('',(16.5166072507314,97.000001475215,14.));
#5327=CARTESIAN_POINT('',(16.5166072507314,64.6000005625188,14.));
#5328=CARTESIAN_POINT('',(16.5166072507314,79.0000011473894,12.));
#5329=CARTESIAN_POINT('',(16.5166072507314,79.0000011473894,14.));
#5330=CARTESIAN_POINT('',(16.5166072507314,97.000001475215,12.));
#5331=CARTESIAN_POINT('',(16.5166072507314,64.6000005625188,12.));
#5332=CARTESIAN_POINT('',(16.5166072507314,97.000001475215,14.));
#5333=CARTESIAN_POINT('Origin',(18.5166072507314,79.0000011473894,14.));
#5334=CARTESIAN_POINT('',(18.5166072507314,77.0000011473894,14.));
#5335=CARTESIAN_POINT('Origin',(18.5166072507314,79.0000011473894,14.));
#5336=CARTESIAN_POINT('',(18.5166072507314,77.0000011473894,12.));
#5337=CARTESIAN_POINT('',(18.5166072507314,77.0000011473894,14.));
#5338=CARTESIAN_POINT('Origin',(18.5166072507314,79.0000011473894,12.));
#5339=CARTESIAN_POINT('Origin',(34.0000005364418,77.0000011473894,14.));
#5340=CARTESIAN_POINT('',(34.0000005364418,77.0000011473894,14.));
#5341=CARTESIAN_POINT('',(37.2350002682209,77.0000011473894,14.));
#5342=CARTESIAN_POINT('',(34.0000005364418,77.0000011473894,12.));
#5343=CARTESIAN_POINT('',(34.0000005364418,77.0000011473894,14.));
#5344=CARTESIAN_POINT('',(37.2350002682209,77.0000011473894,12.));
#5345=CARTESIAN_POINT('Origin',(34.0000005364418,79.0000011473894,14.));
#5346=CARTESIAN_POINT('',(36.0000005364418,79.0000011473894,14.));
#5347=CARTESIAN_POINT('Origin',(34.0000005364418,79.0000011473894,14.));
#5348=CARTESIAN_POINT('',(36.0000005364418,79.0000011473894,12.));
#5349=CARTESIAN_POINT('',(36.0000005364418,79.0000011473894,14.));
#5350=CARTESIAN_POINT('Origin',(34.0000005364418,79.0000011473894,12.));
#5351=CARTESIAN_POINT('Origin',(36.0000005364418,97.000001475215,14.));
#5352=CARTESIAN_POINT('',(36.0000005364418,97.000001475215,14.));
#5353=CARTESIAN_POINT('',(36.0000005364418,73.6000007264316,14.));
#5354=CARTESIAN_POINT('',(36.0000005364418,97.000001475215,12.));
#5355=CARTESIAN_POINT('',(36.0000005364418,97.000001475215,14.));
#5356=CARTESIAN_POINT('',(36.0000005364418,73.6000007264316,12.));
#5357=CARTESIAN_POINT('Origin',(34.0000005364418,97.000001475215,14.));
#5358=CARTESIAN_POINT('',(34.0000005364418,99.000001475215,14.));
#5359=CARTESIAN_POINT('Origin',(34.0000005364418,97.000001475215,14.));
#5360=CARTESIAN_POINT('',(34.0000005364418,99.000001475215,12.));
#5361=CARTESIAN_POINT('',(34.0000005364418,99.000001475215,14.));
#5362=CARTESIAN_POINT('Origin',(34.0000005364418,97.000001475215,12.));
#5363=CARTESIAN_POINT('Origin',(18.5166072507314,99.000001475215,14.));
#5364=CARTESIAN_POINT('',(18.5166072507314,99.000001475215,14.));
#5365=CARTESIAN_POINT('',(29.4933036253657,99.000001475215,14.));
#5366=CARTESIAN_POINT('',(18.5166072507314,99.000001475215,12.));
#5367=CARTESIAN_POINT('',(18.5166072507314,99.000001475215,14.));
#5368=CARTESIAN_POINT('',(29.4933036253657,99.000001475215,12.));
#5369=CARTESIAN_POINT('Origin',(18.5166072507313,97.000001475215,14.));
#5370=CARTESIAN_POINT('Origin',(18.5166072507313,97.000001475215,14.));
#5371=CARTESIAN_POINT('Origin',(18.5166072507313,97.000001475215,12.));
#5372=CARTESIAN_POINT('Origin',(50.5000007003546,97.0000014454126,12.));
#5373=CARTESIAN_POINT('',(50.5000007003546,97.0000014454126,12.));
#5374=CARTESIAN_POINT('',(57.5000009089708,97.0000014454126,12.));
#5375=CARTESIAN_POINT('',(50.5000007003546,97.0000014454126,12.));
#5376=CARTESIAN_POINT('',(57.5000009089708,97.0000014454126,14.));
#5377=CARTESIAN_POINT('',(57.5000009089708,97.0000014454126,12.));
#5378=CARTESIAN_POINT('',(50.5000007003546,97.0000014454126,14.));
#5379=CARTESIAN_POINT('',(50.5000007003546,97.0000014454126,14.));
#5380=CARTESIAN_POINT('',(50.5000007003546,97.0000014454126,12.));
#5381=CARTESIAN_POINT('Origin',(50.5000007003546,93.5000014454127,12.));
#5382=CARTESIAN_POINT('',(47.0000007003546,93.5000014454126,12.));
#5383=CARTESIAN_POINT('Origin',(50.5000007003546,93.5000014454127,12.));
#5384=CARTESIAN_POINT('',(47.0000007003546,93.5000014454126,14.));
#5385=CARTESIAN_POINT('Origin',(50.5000007003546,93.5000014454127,14.));
#5386=CARTESIAN_POINT('',(47.0000007003546,93.5000014454126,12.));
#5387=CARTESIAN_POINT('Origin',(47.0000007003546,85.5000012218952,12.));
#5388=CARTESIAN_POINT('',(47.0000007003546,85.5000012218952,12.));
#5389=CARTESIAN_POINT('',(47.0000007003546,85.5000012218952,12.));
#5390=CARTESIAN_POINT('',(47.0000007003546,85.5000012218952,14.));
#5391=CARTESIAN_POINT('',(47.0000007003546,85.5000012218952,14.));
#5392=CARTESIAN_POINT('',(47.0000007003546,85.5000012218952,12.));
#5393=CARTESIAN_POINT('Origin',(50.5000007003546,85.5000012218952,12.));
#5394=CARTESIAN_POINT('',(50.5000007003546,82.0000012218952,12.));
#5395=CARTESIAN_POINT('Origin',(50.5000007003546,85.5000012218952,12.));
#5396=CARTESIAN_POINT('',(50.5000007003546,82.0000012218952,14.));
#5397=CARTESIAN_POINT('Origin',(50.5000007003546,85.5000012218952,14.));
#5398=CARTESIAN_POINT('',(50.5000007003546,82.0000012218952,12.));
#5399=CARTESIAN_POINT('Origin',(57.5000009089708,82.0000012218952,12.));
#5400=CARTESIAN_POINT('',(57.5000009089708,82.0000012218952,12.));
#5401=CARTESIAN_POINT('',(57.5000009089708,82.0000012218952,12.));
#5402=CARTESIAN_POINT('',(57.5000009089708,82.0000012218952,14.));
#5403=CARTESIAN_POINT('',(57.5000009089708,82.0000012218952,14.));
#5404=CARTESIAN_POINT('',(57.5000009089708,82.0000012218952,12.));
#5405=CARTESIAN_POINT('Origin',(57.5000009089709,85.5000012218952,12.));
#5406=CARTESIAN_POINT('',(61.0000009089708,85.5000012218952,12.));
#5407=CARTESIAN_POINT('Origin',(57.5000009089709,85.5000012218952,12.));
#5408=CARTESIAN_POINT('',(61.0000009089708,85.5000012218952,14.));
#5409=CARTESIAN_POINT('Origin',(57.5000009089709,85.5000012218952,14.));
#5410=CARTESIAN_POINT('',(61.0000009089708,85.5000012218952,12.));
#5411=CARTESIAN_POINT('Origin',(61.0000009089708,93.5000014454126,12.));
#5412=CARTESIAN_POINT('',(61.0000009089708,93.5000014454126,12.));
#5413=CARTESIAN_POINT('',(61.0000009089708,93.5000014454126,12.));
#5414=CARTESIAN_POINT('',(61.0000009089708,93.5000014454126,14.));
#5415=CARTESIAN_POINT('',(61.0000009089708,93.5000014454126,14.));
#5416=CARTESIAN_POINT('',(61.0000009089708,93.5000014454126,12.));
#5417=CARTESIAN_POINT('Origin',(57.5000009089709,93.5000014454127,12.));
#5418=CARTESIAN_POINT('Origin',(57.5000009089709,93.5000014454127,12.));
#5419=CARTESIAN_POINT('Origin',(57.5000009089709,93.5000014454127,14.));
#5420=CARTESIAN_POINT('Origin',(76.3999995775521,37.199998305738,12.));
#5421=CARTESIAN_POINT('',(76.3999995775521,37.199998305738,12.));
#5422=CARTESIAN_POINT('',(76.3999995775521,22.1999986633658,12.));
#5423=CARTESIAN_POINT('',(76.3999995775521,37.199998305738,12.));
#5424=CARTESIAN_POINT('',(76.3999995775521,22.1999986633658,14.));
#5425=CARTESIAN_POINT('',(76.3999995775521,22.1999986633658,12.));
#5426=CARTESIAN_POINT('',(76.3999995775521,37.199998305738,14.));
#5427=CARTESIAN_POINT('',(76.3999995775521,37.199998305738,14.));
#5428=CARTESIAN_POINT('',(76.3999995775521,37.199998305738,12.));
#5429=CARTESIAN_POINT('Origin',(75.8999995775521,37.199998305738,12.));
#5430=CARTESIAN_POINT('',(75.8999995775521,37.699998305738,12.));
#5431=CARTESIAN_POINT('Origin',(75.8999995775521,37.199998305738,12.));
#5432=CARTESIAN_POINT('',(75.8999995775521,37.699998305738,14.));
#5433=CARTESIAN_POINT('Origin',(75.8999995775521,37.199998305738,14.));
#5434=CARTESIAN_POINT('',(75.8999995775521,37.699998305738,12.));
#5435=CARTESIAN_POINT('Origin',(62.3999999016523,37.699998305738,12.));
#5436=CARTESIAN_POINT('',(62.3999999016523,37.699998305738,12.));
#5437=CARTESIAN_POINT('',(62.3999999016523,37.699998305738,12.));
#5438=CARTESIAN_POINT('',(62.3999999016523,37.699998305738,14.));
#5439=CARTESIAN_POINT('',(62.3999999016523,37.699998305738,14.));
#5440=CARTESIAN_POINT('',(62.3999999016523,37.699998305738,12.));
#5441=CARTESIAN_POINT('Origin',(62.3999999016523,37.199998305738,12.));
#5442=CARTESIAN_POINT('',(61.8999999016523,37.199998305738,12.));
#5443=CARTESIAN_POINT('Origin',(62.3999999016523,37.199998305738,12.));
#5444=CARTESIAN_POINT('',(61.8999999016523,37.199998305738,14.));
#5445=CARTESIAN_POINT('Origin',(62.3999999016523,37.199998305738,14.));
#5446=CARTESIAN_POINT('',(61.8999999016523,37.199998305738,12.));
#5447=CARTESIAN_POINT('Origin',(61.8999999016523,22.1999986633658,12.));
#5448=CARTESIAN_POINT('',(61.8999999016523,22.1999986633658,12.));
#5449=CARTESIAN_POINT('',(61.8999999016523,22.1999986633658,12.));
#5450=CARTESIAN_POINT('',(61.8999999016523,22.1999986633658,14.));
#5451=CARTESIAN_POINT('',(61.8999999016523,22.1999986633658,14.));
#5452=CARTESIAN_POINT('',(61.8999999016523,22.1999986633658,12.));
#5453=CARTESIAN_POINT('Origin',(62.3999999016523,22.1999986633658,12.));
#5454=CARTESIAN_POINT('',(62.3999999016523,21.6999986633658,12.));
#5455=CARTESIAN_POINT('Origin',(62.3999999016523,22.1999986633658,12.));
#5456=CARTESIAN_POINT('',(62.3999999016523,21.6999986633658,14.));
#5457=CARTESIAN_POINT('Origin',(62.3999999016523,22.1999986633658,14.));
#5458=CARTESIAN_POINT('',(62.3999999016523,21.6999986633658,12.));
#5459=CARTESIAN_POINT('Origin',(75.8999995775521,21.6999986633658,12.));
#5460=CARTESIAN_POINT('',(75.8999995775521,21.6999986633658,12.));
#5461=CARTESIAN_POINT('',(75.8999995775521,21.6999986633658,12.));
#5462=CARTESIAN_POINT('',(75.8999995775521,21.6999986633658,14.));
#5463=CARTESIAN_POINT('',(75.8999995775521,21.6999986633658,14.));
#5464=CARTESIAN_POINT('',(75.8999995775521,21.6999986633658,12.));
#5465=CARTESIAN_POINT('Origin',(75.8999995775521,22.1999986633658,12.));
#5466=CARTESIAN_POINT('Origin',(75.8999995775521,22.1999986633658,12.));
#5467=CARTESIAN_POINT('Origin',(75.8999995775521,22.1999986633658,14.));
#5468=CARTESIAN_POINT('Origin',(75.8999995775521,2.69999866336583,12.));
#5469=CARTESIAN_POINT('',(75.8999995775521,2.69999866336583,12.));
#5470=CARTESIAN_POINT('',(62.3999999016523,2.69999866336583,12.));
#5471=CARTESIAN_POINT('',(75.8999995775521,2.69999866336583,12.));
#5472=CARTESIAN_POINT('',(62.3999999016523,2.69999866336583,14.));
#5473=CARTESIAN_POINT('',(62.3999999016523,2.69999866336583,12.));
#5474=CARTESIAN_POINT('',(75.8999995775521,2.69999866336583,14.));
#5475=CARTESIAN_POINT('',(75.8999995775521,2.69999866336583,14.));
#5476=CARTESIAN_POINT('',(75.8999995775521,2.69999866336583,12.));
#5477=CARTESIAN_POINT('Origin',(75.8999995775521,3.19999866336583,12.));
#5478=CARTESIAN_POINT('',(76.3999995775521,3.19999866336583,12.));
#5479=CARTESIAN_POINT('Origin',(75.8999995775521,3.19999866336583,12.));
#5480=CARTESIAN_POINT('',(76.3999995775521,3.19999866336583,14.));
#5481=CARTESIAN_POINT('Origin',(75.8999995775521,3.19999866336583,14.));
#5482=CARTESIAN_POINT('',(76.3999995775521,3.19999866336583,12.));
#5483=CARTESIAN_POINT('Origin',(76.3999995775521,18.199998305738,12.));
#5484=CARTESIAN_POINT('',(76.3999995775521,18.199998305738,12.));
#5485=CARTESIAN_POINT('',(76.3999995775521,18.199998305738,12.));
#5486=CARTESIAN_POINT('',(76.3999995775521,18.199998305738,14.));
#5487=CARTESIAN_POINT('',(76.3999995775521,18.199998305738,14.));
#5488=CARTESIAN_POINT('',(76.3999995775521,18.199998305738,12.));
#5489=CARTESIAN_POINT('Origin',(75.8999995775521,18.199998305738,12.));
#5490=CARTESIAN_POINT('',(75.8999995775521,18.699998305738,12.));
#5491=CARTESIAN_POINT('Origin',(75.8999995775521,18.199998305738,12.));
#5492=CARTESIAN_POINT('',(75.8999995775521,18.699998305738,14.));
#5493=CARTESIAN_POINT('Origin',(75.8999995775521,18.199998305738,14.));
#5494=CARTESIAN_POINT('',(75.8999995775521,18.699998305738,12.));
#5495=CARTESIAN_POINT('Origin',(62.3999999016523,18.699998305738,12.));
#5496=CARTESIAN_POINT('',(62.3999999016523,18.699998305738,12.));
#5497=CARTESIAN_POINT('',(62.3999999016523,18.699998305738,12.));
#5498=CARTESIAN_POINT('',(62.3999999016523,18.699998305738,14.));
#5499=CARTESIAN_POINT('',(62.3999999016523,18.699998305738,14.));
#5500=CARTESIAN_POINT('',(62.3999999016523,18.699998305738,12.));
#5501=CARTESIAN_POINT('Origin',(62.3999999016523,18.199998305738,12.));
#5502=CARTESIAN_POINT('',(61.8999999016523,18.199998305738,12.));
#5503=CARTESIAN_POINT('Origin',(62.3999999016523,18.199998305738,12.));
#5504=CARTESIAN_POINT('',(61.8999999016523,18.199998305738,14.));
#5505=CARTESIAN_POINT('Origin',(62.3999999016523,18.199998305738,14.));
#5506=CARTESIAN_POINT('',(61.8999999016523,18.199998305738,12.));
#5507=CARTESIAN_POINT('Origin',(61.8999999016523,3.19999866336583,12.));
#5508=CARTESIAN_POINT('',(61.8999999016523,3.19999866336583,12.));
#5509=CARTESIAN_POINT('',(61.8999999016523,3.19999866336583,12.));
#5510=CARTESIAN_POINT('',(61.8999999016523,3.19999866336583,14.));
#5511=CARTESIAN_POINT('',(61.8999999016523,3.19999866336583,14.));
#5512=CARTESIAN_POINT('',(61.8999999016523,3.19999866336583,12.));
#5513=CARTESIAN_POINT('Origin',(62.3999999016523,3.19999866336583,12.));
#5514=CARTESIAN_POINT('Origin',(62.3999999016523,3.19999866336583,12.));
#5515=CARTESIAN_POINT('Origin',(62.3999999016523,3.19999866336583,14.));
#5516=CARTESIAN_POINT('Origin',(18.8999995775521,37.199998305738,12.));
#5517=CARTESIAN_POINT('',(18.8999995775521,37.199998305738,12.));
#5518=CARTESIAN_POINT('',(18.8999995775521,22.1999986633658,12.));
#5519=CARTESIAN_POINT('',(18.8999995775521,37.199998305738,12.));
#5520=CARTESIAN_POINT('',(18.8999995775521,22.1999986633658,14.));
#5521=CARTESIAN_POINT('',(18.8999995775521,22.1999986633658,12.));
#5522=CARTESIAN_POINT('',(18.8999995775521,37.199998305738,14.));
#5523=CARTESIAN_POINT('',(18.8999995775521,37.199998305738,14.));
#5524=CARTESIAN_POINT('',(18.8999995775521,37.199998305738,12.));
#5525=CARTESIAN_POINT('Origin',(18.3999995775521,37.199998305738,12.));
#5526=CARTESIAN_POINT('',(18.3999995775521,37.699998305738,12.));
#5527=CARTESIAN_POINT('Origin',(18.3999995775521,37.199998305738,12.));
#5528=CARTESIAN_POINT('',(18.3999995775521,37.699998305738,14.));
#5529=CARTESIAN_POINT('Origin',(18.3999995775521,37.199998305738,14.));
#5530=CARTESIAN_POINT('',(18.3999995775521,37.699998305738,12.));
#5531=CARTESIAN_POINT('Origin',(4.89999990165234,37.699998305738,12.));
#5532=CARTESIAN_POINT('',(4.89999990165234,37.699998305738,12.));
#5533=CARTESIAN_POINT('',(4.89999990165234,37.699998305738,12.));
#5534=CARTESIAN_POINT('',(4.89999990165233,37.699998305738,14.));
#5535=CARTESIAN_POINT('',(4.89999990165234,37.699998305738,14.));
#5536=CARTESIAN_POINT('',(4.89999990165234,37.699998305738,12.));
#5537=CARTESIAN_POINT('Origin',(4.89999990165233,37.199998305738,12.));
#5538=CARTESIAN_POINT('',(4.39999990165234,37.199998305738,12.));
#5539=CARTESIAN_POINT('Origin',(4.89999990165233,37.199998305738,12.));
#5540=CARTESIAN_POINT('',(4.39999990165234,37.199998305738,14.));
#5541=CARTESIAN_POINT('Origin',(4.89999990165233,37.199998305738,14.));
#5542=CARTESIAN_POINT('',(4.39999990165234,37.199998305738,12.));
#5543=CARTESIAN_POINT('Origin',(4.39999990165234,22.1999986633658,12.));
#5544=CARTESIAN_POINT('',(4.39999990165234,22.1999986633658,12.));
#5545=CARTESIAN_POINT('',(4.39999990165234,22.1999986633658,12.));
#5546=CARTESIAN_POINT('',(4.39999990165234,22.1999986633658,14.));
#5547=CARTESIAN_POINT('',(4.39999990165234,22.1999986633658,14.));
#5548=CARTESIAN_POINT('',(4.39999990165234,22.1999986633658,12.));
#5549=CARTESIAN_POINT('Origin',(4.89999990165233,22.1999986633658,12.));
#5550=CARTESIAN_POINT('',(4.89999990165234,21.6999986633658,12.));
#5551=CARTESIAN_POINT('Origin',(4.89999990165233,22.1999986633658,12.));
#5552=CARTESIAN_POINT('',(4.89999990165233,21.6999986633658,14.));
#5553=CARTESIAN_POINT('Origin',(4.89999990165233,22.1999986633658,14.));
#5554=CARTESIAN_POINT('',(4.89999990165234,21.6999986633658,12.));
#5555=CARTESIAN_POINT('Origin',(18.3999995775521,21.6999986633658,12.));
#5556=CARTESIAN_POINT('',(18.3999995775521,21.6999986633658,12.));
#5557=CARTESIAN_POINT('',(18.3999995775521,21.6999986633658,12.));
#5558=CARTESIAN_POINT('',(18.3999995775521,21.6999986633658,14.));
#5559=CARTESIAN_POINT('',(18.3999995775521,21.6999986633658,14.));
#5560=CARTESIAN_POINT('',(18.3999995775521,21.6999986633658,12.));
#5561=CARTESIAN_POINT('Origin',(18.3999995775521,22.1999986633658,12.));
#5562=CARTESIAN_POINT('Origin',(18.3999995775521,22.1999986633658,12.));
#5563=CARTESIAN_POINT('Origin',(18.3999995775521,22.1999986633658,14.));
#5564=CARTESIAN_POINT('Origin',(23.8999999016523,3.19999866336583,12.));
#5565=CARTESIAN_POINT('',(23.8999999016523,3.19999866336583,12.));
#5566=CARTESIAN_POINT('',(23.8999999016523,18.199998305738,12.));
#5567=CARTESIAN_POINT('',(23.8999999016523,3.19999866336583,12.));
#5568=CARTESIAN_POINT('',(23.8999999016523,18.199998305738,14.));
#5569=CARTESIAN_POINT('',(23.8999999016523,18.199998305738,12.));
#5570=CARTESIAN_POINT('',(23.8999999016523,3.19999866336583,14.));
#5571=CARTESIAN_POINT('',(23.8999999016523,3.19999866336583,14.));
#5572=CARTESIAN_POINT('',(23.8999999016523,3.19999866336583,12.));
#5573=CARTESIAN_POINT('Origin',(24.3999999016523,3.19999866336583,12.));
#5574=CARTESIAN_POINT('',(24.3999999016523,2.69999866336583,12.));
#5575=CARTESIAN_POINT('Origin',(24.3999999016523,3.19999866336583,12.));
#5576=CARTESIAN_POINT('',(24.3999999016523,2.69999866336583,14.));
#5577=CARTESIAN_POINT('Origin',(24.3999999016523,3.19999866336583,14.));
#5578=CARTESIAN_POINT('',(24.3999999016523,2.69999866336583,12.));
#5579=CARTESIAN_POINT('Origin',(37.8999995775521,2.69999866336583,12.));
#5580=CARTESIAN_POINT('',(37.8999995775521,2.69999866336583,12.));
#5581=CARTESIAN_POINT('',(37.8999995775521,2.69999866336583,12.));
#5582=CARTESIAN_POINT('',(37.8999995775521,2.69999866336583,14.));
#5583=CARTESIAN_POINT('',(37.8999995775521,2.69999866336583,14.));
#5584=CARTESIAN_POINT('',(37.8999995775521,2.69999866336583,12.));
#5585=CARTESIAN_POINT('Origin',(37.8999995775521,3.19999866336583,12.));
#5586=CARTESIAN_POINT('',(38.3999995775521,3.19999866336583,12.));
#5587=CARTESIAN_POINT('Origin',(37.8999995775521,3.19999866336583,12.));
#5588=CARTESIAN_POINT('',(38.3999995775521,3.19999866336583,14.));
#5589=CARTESIAN_POINT('Origin',(37.8999995775521,3.19999866336583,14.));
#5590=CARTESIAN_POINT('',(38.3999995775521,3.19999866336583,12.));
#5591=CARTESIAN_POINT('Origin',(38.3999995775521,18.199998305738,12.));
#5592=CARTESIAN_POINT('',(38.3999995775521,18.199998305738,12.));
#5593=CARTESIAN_POINT('',(38.3999995775521,18.199998305738,12.));
#5594=CARTESIAN_POINT('',(38.3999995775521,18.199998305738,14.));
#5595=CARTESIAN_POINT('',(38.3999995775521,18.199998305738,14.));
#5596=CARTESIAN_POINT('',(38.3999995775521,18.199998305738,12.));
#5597=CARTESIAN_POINT('Origin',(37.8999995775521,18.199998305738,12.));
#5598=CARTESIAN_POINT('',(37.8999995775521,18.699998305738,12.));
#5599=CARTESIAN_POINT('Origin',(37.8999995775521,18.199998305738,12.));
#5600=CARTESIAN_POINT('',(37.8999995775521,18.699998305738,14.));
#5601=CARTESIAN_POINT('Origin',(37.8999995775521,18.199998305738,14.));
#5602=CARTESIAN_POINT('',(37.8999995775521,18.699998305738,12.));
#5603=CARTESIAN_POINT('Origin',(24.3999999016523,18.699998305738,12.));
#5604=CARTESIAN_POINT('',(24.3999999016523,18.699998305738,12.));
#5605=CARTESIAN_POINT('',(24.3999999016523,18.699998305738,12.));
#5606=CARTESIAN_POINT('',(24.3999999016523,18.699998305738,14.));
#5607=CARTESIAN_POINT('',(24.3999999016523,18.699998305738,14.));
#5608=CARTESIAN_POINT('',(24.3999999016523,18.699998305738,12.));
#5609=CARTESIAN_POINT('Origin',(24.3999999016523,18.199998305738,12.));
#5610=CARTESIAN_POINT('Origin',(24.3999999016523,18.199998305738,12.));
#5611=CARTESIAN_POINT('Origin',(24.3999999016523,18.199998305738,14.));
#5612=CARTESIAN_POINT('Origin',(4.89999990165234,75.799998305738,12.));
#5613=CARTESIAN_POINT('',(4.89999990165234,75.799998305738,12.));
#5614=CARTESIAN_POINT('',(18.3999995775521,75.799998305738,12.));
#5615=CARTESIAN_POINT('',(4.89999990165234,75.799998305738,12.));
#5616=CARTESIAN_POINT('',(18.3999995775521,75.799998305738,14.));
#5617=CARTESIAN_POINT('',(18.3999995775521,75.799998305738,12.));
#5618=CARTESIAN_POINT('',(4.89999990165233,75.799998305738,14.));
#5619=CARTESIAN_POINT('',(4.89999990165234,75.799998305738,14.));
#5620=CARTESIAN_POINT('',(4.89999990165234,75.799998305738,12.));
#5621=CARTESIAN_POINT('Origin',(4.89999990165234,75.299998305738,12.));
#5622=CARTESIAN_POINT('',(4.39999990165234,75.299998305738,12.));
#5623=CARTESIAN_POINT('Origin',(4.89999990165234,75.299998305738,12.));
#5624=CARTESIAN_POINT('',(4.39999990165234,75.299998305738,14.));
#5625=CARTESIAN_POINT('Origin',(4.89999990165234,75.299998305738,14.));
#5626=CARTESIAN_POINT('',(4.39999990165234,75.299998305738,12.));
#5627=CARTESIAN_POINT('Origin',(4.39999990165234,60.2999986633658,12.));
#5628=CARTESIAN_POINT('',(4.39999990165234,60.2999986633658,12.));
#5629=CARTESIAN_POINT('',(4.39999990165234,60.2999986633658,12.));
#5630=CARTESIAN_POINT('',(4.39999990165234,60.2999986633658,14.));
#5631=CARTESIAN_POINT('',(4.39999990165234,60.2999986633658,14.));
#5632=CARTESIAN_POINT('',(4.39999990165234,60.2999986633658,12.));
#5633=CARTESIAN_POINT('Origin',(4.89999990165234,60.2999986633658,12.));
#5634=CARTESIAN_POINT('',(4.89999990165234,59.7999986633658,12.));
#5635=CARTESIAN_POINT('Origin',(4.89999990165234,60.2999986633658,12.));
#5636=CARTESIAN_POINT('',(4.89999990165233,59.7999986633658,14.));
#5637=CARTESIAN_POINT('Origin',(4.89999990165234,60.2999986633658,14.));
#5638=CARTESIAN_POINT('',(4.89999990165234,59.7999986633658,12.));
#5639=CARTESIAN_POINT('Origin',(18.3999995775521,59.7999986633658,12.));
#5640=CARTESIAN_POINT('',(18.3999995775521,59.7999986633658,12.));
#5641=CARTESIAN_POINT('',(18.3999995775521,59.7999986633658,12.));
#5642=CARTESIAN_POINT('',(18.3999995775521,59.7999986633658,14.));
#5643=CARTESIAN_POINT('',(18.3999995775521,59.7999986633658,14.));
#5644=CARTESIAN_POINT('',(18.3999995775521,59.7999986633658,12.));
#5645=CARTESIAN_POINT('Origin',(18.3999995775521,60.2999986633658,12.));
#5646=CARTESIAN_POINT('',(18.8999995775521,60.2999986633658,12.));
#5647=CARTESIAN_POINT('Origin',(18.3999995775521,60.2999986633658,12.));
#5648=CARTESIAN_POINT('',(18.8999995775521,60.2999986633658,14.));
#5649=CARTESIAN_POINT('Origin',(18.3999995775521,60.2999986633658,14.));
#5650=CARTESIAN_POINT('',(18.8999995775521,60.2999986633658,12.));
#5651=CARTESIAN_POINT('Origin',(18.8999995775521,75.299998305738,12.));
#5652=CARTESIAN_POINT('',(18.8999995775521,75.299998305738,12.));
#5653=CARTESIAN_POINT('',(18.8999995775521,75.299998305738,12.));
#5654=CARTESIAN_POINT('',(18.8999995775521,75.299998305738,14.));
#5655=CARTESIAN_POINT('',(18.8999995775521,75.299998305738,14.));
#5656=CARTESIAN_POINT('',(18.8999995775521,75.299998305738,12.));
#5657=CARTESIAN_POINT('Origin',(18.3999995775521,75.299998305738,12.));
#5658=CARTESIAN_POINT('Origin',(18.3999995775521,75.299998305738,12.));
#5659=CARTESIAN_POINT('Origin',(18.3999995775521,75.299998305738,14.));
#5660=CARTESIAN_POINT('Origin',(4.39999990165234,41.1999986633658,12.));
#5661=CARTESIAN_POINT('',(4.39999990165234,41.1999986633658,12.));
#5662=CARTESIAN_POINT('',(4.39999990165234,56.199998305738,12.));
#5663=CARTESIAN_POINT('',(4.39999990165234,41.1999986633658,12.));
#5664=CARTESIAN_POINT('',(4.39999990165234,56.199998305738,14.));
#5665=CARTESIAN_POINT('',(4.39999990165234,56.199998305738,12.));
#5666=CARTESIAN_POINT('',(4.39999990165234,41.1999986633658,14.));
#5667=CARTESIAN_POINT('',(4.39999990165234,41.1999986633658,14.));
#5668=CARTESIAN_POINT('',(4.39999990165234,41.1999986633658,12.));
#5669=CARTESIAN_POINT('Origin',(4.89999990165234,41.1999986633658,12.));
#5670=CARTESIAN_POINT('',(4.89999990165234,40.6999986633658,12.));
#5671=CARTESIAN_POINT('Origin',(4.89999990165234,41.1999986633658,12.));
#5672=CARTESIAN_POINT('',(4.89999990165233,40.6999986633658,14.));
#5673=CARTESIAN_POINT('Origin',(4.89999990165234,41.1999986633658,14.));
#5674=CARTESIAN_POINT('',(4.89999990165234,40.6999986633658,12.));
#5675=CARTESIAN_POINT('Origin',(18.3999995775521,40.6999986633658,12.));
#5676=CARTESIAN_POINT('',(18.3999995775521,40.6999986633658,12.));
#5677=CARTESIAN_POINT('',(18.3999995775521,40.6999986633658,12.));
#5678=CARTESIAN_POINT('',(18.3999995775521,40.6999986633658,14.));
#5679=CARTESIAN_POINT('',(18.3999995775521,40.6999986633658,14.));
#5680=CARTESIAN_POINT('',(18.3999995775521,40.6999986633658,12.));
#5681=CARTESIAN_POINT('Origin',(18.3999995775521,41.1999986633658,12.));
#5682=CARTESIAN_POINT('',(18.8999995775521,41.1999986633658,12.));
#5683=CARTESIAN_POINT('Origin',(18.3999995775521,41.1999986633658,12.));
#5684=CARTESIAN_POINT('',(18.8999995775521,41.1999986633658,14.));
#5685=CARTESIAN_POINT('Origin',(18.3999995775521,41.1999986633658,14.));
#5686=CARTESIAN_POINT('',(18.8999995775521,41.1999986633658,12.));
#5687=CARTESIAN_POINT('Origin',(18.8999995775521,56.199998305738,12.));
#5688=CARTESIAN_POINT('',(18.8999995775521,56.199998305738,12.));
#5689=CARTESIAN_POINT('',(18.8999995775521,56.199998305738,12.));
#5690=CARTESIAN_POINT('',(18.8999995775521,56.199998305738,14.));
#5691=CARTESIAN_POINT('',(18.8999995775521,56.199998305738,14.));
#5692=CARTESIAN_POINT('',(18.8999995775521,56.199998305738,12.));
#5693=CARTESIAN_POINT('Origin',(18.3999995775521,56.199998305738,12.));
#5694=CARTESIAN_POINT('',(18.3999995775521,56.699998305738,12.));
#5695=CARTESIAN_POINT('Origin',(18.3999995775521,56.199998305738,12.));
#5696=CARTESIAN_POINT('',(18.3999995775521,56.699998305738,14.));
#5697=CARTESIAN_POINT('Origin',(18.3999995775521,56.199998305738,14.));
#5698=CARTESIAN_POINT('',(18.3999995775521,56.699998305738,12.));
#5699=CARTESIAN_POINT('Origin',(4.89999990165234,56.699998305738,12.));
#5700=CARTESIAN_POINT('',(4.89999990165234,56.699998305738,12.));
#5701=CARTESIAN_POINT('',(4.89999990165234,56.699998305738,12.));
#5702=CARTESIAN_POINT('',(4.89999990165233,56.699998305738,14.));
#5703=CARTESIAN_POINT('',(4.89999990165234,56.699998305738,14.));
#5704=CARTESIAN_POINT('',(4.89999990165234,56.699998305738,12.));
#5705=CARTESIAN_POINT('Origin',(4.89999990165234,56.199998305738,12.));
#5706=CARTESIAN_POINT('Origin',(4.89999990165234,56.199998305738,12.));
#5707=CARTESIAN_POINT('Origin',(4.89999990165234,56.199998305738,14.));
#5708=CARTESIAN_POINT('Origin',(76.3999995775521,75.299998305738,12.));
#5709=CARTESIAN_POINT('',(76.3999995775521,75.299998305738,12.));
#5710=CARTESIAN_POINT('',(76.3999995775521,60.2999986633658,12.));
#5711=CARTESIAN_POINT('',(76.3999995775521,75.299998305738,12.));
#5712=CARTESIAN_POINT('',(76.3999995775521,60.2999986633658,14.));
#5713=CARTESIAN_POINT('',(76.3999995775521,60.2999986633658,12.));
#5714=CARTESIAN_POINT('',(76.3999995775521,75.299998305738,14.));
#5715=CARTESIAN_POINT('',(76.3999995775521,75.299998305738,14.));
#5716=CARTESIAN_POINT('',(76.3999995775521,75.299998305738,12.));
#5717=CARTESIAN_POINT('Origin',(75.8999995775521,75.299998305738,12.));
#5718=CARTESIAN_POINT('',(75.8999995775521,75.799998305738,12.));
#5719=CARTESIAN_POINT('Origin',(75.8999995775521,75.299998305738,12.));
#5720=CARTESIAN_POINT('',(75.8999995775521,75.799998305738,14.));
#5721=CARTESIAN_POINT('Origin',(75.8999995775521,75.299998305738,14.));
#5722=CARTESIAN_POINT('',(75.8999995775521,75.799998305738,12.));
#5723=CARTESIAN_POINT('Origin',(62.3999999016523,75.799998305738,12.));
#5724=CARTESIAN_POINT('',(62.3999999016523,75.799998305738,12.));
#5725=CARTESIAN_POINT('',(62.3999999016523,75.799998305738,12.));
#5726=CARTESIAN_POINT('',(62.3999999016523,75.799998305738,14.));
#5727=CARTESIAN_POINT('',(62.3999999016523,75.799998305738,14.));
#5728=CARTESIAN_POINT('',(62.3999999016523,75.799998305738,12.));
#5729=CARTESIAN_POINT('Origin',(62.3999999016523,75.299998305738,12.));
#5730=CARTESIAN_POINT('',(61.8999999016523,75.299998305738,12.));
#5731=CARTESIAN_POINT('Origin',(62.3999999016523,75.299998305738,12.));
#5732=CARTESIAN_POINT('',(61.8999999016523,75.299998305738,14.));
#5733=CARTESIAN_POINT('Origin',(62.3999999016523,75.299998305738,14.));
#5734=CARTESIAN_POINT('',(61.8999999016523,75.299998305738,12.));
#5735=CARTESIAN_POINT('Origin',(61.8999999016523,60.2999986633658,12.));
#5736=CARTESIAN_POINT('',(61.8999999016523,60.2999986633658,12.));
#5737=CARTESIAN_POINT('',(61.8999999016523,60.2999986633658,12.));
#5738=CARTESIAN_POINT('',(61.8999999016523,60.2999986633658,14.));
#5739=CARTESIAN_POINT('',(61.8999999016523,60.2999986633658,14.));
#5740=CARTESIAN_POINT('',(61.8999999016523,60.2999986633658,12.));
#5741=CARTESIAN_POINT('Origin',(62.3999999016523,60.2999986633658,12.));
#5742=CARTESIAN_POINT('',(62.3999999016523,59.7999986633658,12.));
#5743=CARTESIAN_POINT('Origin',(62.3999999016523,60.2999986633658,12.));
#5744=CARTESIAN_POINT('',(62.3999999016523,59.7999986633658,14.));
#5745=CARTESIAN_POINT('Origin',(62.3999999016523,60.2999986633658,14.));
#5746=CARTESIAN_POINT('',(62.3999999016523,59.7999986633658,12.));
#5747=CARTESIAN_POINT('Origin',(75.8999995775521,59.7999986633658,12.));
#5748=CARTESIAN_POINT('',(75.8999995775521,59.7999986633658,12.));
#5749=CARTESIAN_POINT('',(75.8999995775521,59.7999986633658,12.));
#5750=CARTESIAN_POINT('',(75.8999995775521,59.7999986633658,14.));
#5751=CARTESIAN_POINT('',(75.8999995775521,59.7999986633658,14.));
#5752=CARTESIAN_POINT('',(75.8999995775521,59.7999986633658,12.));
#5753=CARTESIAN_POINT('Origin',(75.8999995775521,60.2999986633658,12.));
#5754=CARTESIAN_POINT('Origin',(75.8999995775521,60.2999986633658,12.));
#5755=CARTESIAN_POINT('Origin',(75.8999995775521,60.2999986633658,14.));
#5756=CARTESIAN_POINT('Origin',(4.39999990165234,3.19999866336583,12.));
#5757=CARTESIAN_POINT('',(4.39999990165234,3.19999866336583,12.));
#5758=CARTESIAN_POINT('',(4.39999990165234,18.199998305738,12.));
#5759=CARTESIAN_POINT('',(4.39999990165234,3.19999866336583,12.));
#5760=CARTESIAN_POINT('',(4.39999990165234,18.199998305738,14.));
#5761=CARTESIAN_POINT('',(4.39999990165234,18.199998305738,12.));
#5762=CARTESIAN_POINT('',(4.39999990165234,3.19999866336583,14.));
#5763=CARTESIAN_POINT('',(4.39999990165234,3.19999866336583,14.));
#5764=CARTESIAN_POINT('',(4.39999990165234,3.19999866336583,12.));
#5765=CARTESIAN_POINT('Origin',(4.89999990165234,3.19999866336583,12.));
#5766=CARTESIAN_POINT('',(4.89999990165234,2.69999866336583,12.));
#5767=CARTESIAN_POINT('Origin',(4.89999990165234,3.19999866336583,12.));
#5768=CARTESIAN_POINT('',(4.89999990165233,2.69999866336583,14.));
#5769=CARTESIAN_POINT('Origin',(4.89999990165234,3.19999866336583,14.));
#5770=CARTESIAN_POINT('',(4.89999990165234,2.69999866336583,12.));
#5771=CARTESIAN_POINT('Origin',(18.3999995775521,2.69999866336583,12.));
#5772=CARTESIAN_POINT('',(18.3999995775521,2.69999866336583,12.));
#5773=CARTESIAN_POINT('',(18.3999995775521,2.69999866336583,12.));
#5774=CARTESIAN_POINT('',(18.3999995775521,2.69999866336583,14.));
#5775=CARTESIAN_POINT('',(18.3999995775521,2.69999866336583,14.));
#5776=CARTESIAN_POINT('',(18.3999995775521,2.69999866336583,12.));
#5777=CARTESIAN_POINT('Origin',(18.3999995775521,3.19999866336584,12.));
#5778=CARTESIAN_POINT('',(18.8999995775521,3.19999866336583,12.));
#5779=CARTESIAN_POINT('Origin',(18.3999995775521,3.19999866336584,12.));
#5780=CARTESIAN_POINT('',(18.8999995775521,3.19999866336583,14.));
#5781=CARTESIAN_POINT('Origin',(18.3999995775521,3.19999866336584,14.));
#5782=CARTESIAN_POINT('',(18.8999995775521,3.19999866336583,12.));
#5783=CARTESIAN_POINT('Origin',(18.8999995775521,18.199998305738,12.));
#5784=CARTESIAN_POINT('',(18.8999995775521,18.199998305738,12.));
#5785=CARTESIAN_POINT('',(18.8999995775521,18.199998305738,12.));
#5786=CARTESIAN_POINT('',(18.8999995775521,18.199998305738,14.));
#5787=CARTESIAN_POINT('',(18.8999995775521,18.199998305738,14.));
#5788=CARTESIAN_POINT('',(18.8999995775521,18.199998305738,12.));
#5789=CARTESIAN_POINT('Origin',(18.3999995775521,18.199998305738,12.));
#5790=CARTESIAN_POINT('',(18.3999995775521,18.699998305738,12.));
#5791=CARTESIAN_POINT('Origin',(18.3999995775521,18.199998305738,12.));
#5792=CARTESIAN_POINT('',(18.3999995775521,18.699998305738,14.));
#5793=CARTESIAN_POINT('Origin',(18.3999995775521,18.199998305738,14.));
#5794=CARTESIAN_POINT('',(18.3999995775521,18.699998305738,12.));
#5795=CARTESIAN_POINT('Origin',(4.89999990165234,18.699998305738,12.));
#5796=CARTESIAN_POINT('',(4.89999990165234,18.699998305738,12.));
#5797=CARTESIAN_POINT('',(4.89999990165234,18.699998305738,12.));
#5798=CARTESIAN_POINT('',(4.89999990165233,18.699998305738,14.));
#5799=CARTESIAN_POINT('',(4.89999990165234,18.699998305738,14.));
#5800=CARTESIAN_POINT('',(4.89999990165234,18.699998305738,12.));
#5801=CARTESIAN_POINT('Origin',(4.89999990165234,18.199998305738,12.));
#5802=CARTESIAN_POINT('Origin',(4.89999990165234,18.199998305738,12.));
#5803=CARTESIAN_POINT('Origin',(4.89999990165234,18.199998305738,14.));
#5804=CARTESIAN_POINT('Origin',(56.7999995775521,40.6999986633658,12.));
#5805=CARTESIAN_POINT('',(56.7999995775521,40.6999986633658,12.));
#5806=CARTESIAN_POINT('',(43.2999999016523,40.6999986633658,12.));
#5807=CARTESIAN_POINT('',(56.7999995775521,40.6999986633658,12.));
#5808=CARTESIAN_POINT('',(43.2999999016523,40.6999986633658,14.));
#5809=CARTESIAN_POINT('',(43.2999999016523,40.6999986633658,12.));
#5810=CARTESIAN_POINT('',(56.7999995775521,40.6999986633658,14.));
#5811=CARTESIAN_POINT('',(56.7999995775521,40.6999986633658,14.));
#5812=CARTESIAN_POINT('',(56.7999995775521,40.6999986633658,12.));
#5813=CARTESIAN_POINT('Origin',(56.7999995775521,41.1999986633658,12.));
#5814=CARTESIAN_POINT('',(57.2999995775521,41.1999986633658,12.));
#5815=CARTESIAN_POINT('Origin',(56.7999995775521,41.1999986633658,12.));
#5816=CARTESIAN_POINT('',(57.2999995775521,41.1999986633658,14.));
#5817=CARTESIAN_POINT('Origin',(56.7999995775521,41.1999986633658,14.));
#5818=CARTESIAN_POINT('',(57.2999995775521,41.1999986633658,12.));
#5819=CARTESIAN_POINT('Origin',(57.2999995775521,56.199998305738,12.));
#5820=CARTESIAN_POINT('',(57.2999995775521,56.199998305738,12.));
#5821=CARTESIAN_POINT('',(57.2999995775521,56.199998305738,12.));
#5822=CARTESIAN_POINT('',(57.2999995775521,56.199998305738,14.));
#5823=CARTESIAN_POINT('',(57.2999995775521,56.199998305738,14.));
#5824=CARTESIAN_POINT('',(57.2999995775521,56.199998305738,12.));
#5825=CARTESIAN_POINT('Origin',(56.7999995775521,56.199998305738,12.));
#5826=CARTESIAN_POINT('',(56.7999995775521,56.699998305738,12.));
#5827=CARTESIAN_POINT('Origin',(56.7999995775521,56.199998305738,12.));
#5828=CARTESIAN_POINT('',(56.7999995775521,56.699998305738,14.));
#5829=CARTESIAN_POINT('Origin',(56.7999995775521,56.199998305738,14.));
#5830=CARTESIAN_POINT('',(56.7999995775521,56.699998305738,12.));
#5831=CARTESIAN_POINT('Origin',(43.2999999016523,56.699998305738,12.));
#5832=CARTESIAN_POINT('',(43.2999999016523,56.699998305738,12.));
#5833=CARTESIAN_POINT('',(43.2999999016523,56.699998305738,12.));
#5834=CARTESIAN_POINT('',(43.2999999016523,56.699998305738,14.));
#5835=CARTESIAN_POINT('',(43.2999999016523,56.699998305738,14.));
#5836=CARTESIAN_POINT('',(43.2999999016523,56.699998305738,12.));
#5837=CARTESIAN_POINT('Origin',(43.2999999016523,56.199998305738,12.));
#5838=CARTESIAN_POINT('',(42.7999999016523,56.199998305738,12.));
#5839=CARTESIAN_POINT('Origin',(43.2999999016523,56.199998305738,12.));
#5840=CARTESIAN_POINT('',(42.7999999016523,56.199998305738,14.));
#5841=CARTESIAN_POINT('Origin',(43.2999999016523,56.199998305738,14.));
#5842=CARTESIAN_POINT('',(42.7999999016523,56.199998305738,12.));
#5843=CARTESIAN_POINT('Origin',(42.7999999016523,41.1999986633658,12.));
#5844=CARTESIAN_POINT('',(42.7999999016523,41.1999986633658,12.));
#5845=CARTESIAN_POINT('',(42.7999999016523,41.1999986633658,12.));
#5846=CARTESIAN_POINT('',(42.7999999016523,41.1999986633658,14.));
#5847=CARTESIAN_POINT('',(42.7999999016523,41.1999986633658,14.));
#5848=CARTESIAN_POINT('',(42.7999999016523,41.1999986633658,12.));
#5849=CARTESIAN_POINT('Origin',(43.2999999016523,41.1999986633658,12.));
#5850=CARTESIAN_POINT('Origin',(43.2999999016523,41.1999986633658,12.));
#5851=CARTESIAN_POINT('Origin',(43.2999999016523,41.1999986633658,14.));
#5852=CARTESIAN_POINT('Origin',(38.3999995775521,37.199998305738,12.));
#5853=CARTESIAN_POINT('',(38.3999995775521,37.199998305738,12.));
#5854=CARTESIAN_POINT('',(38.3999995775521,22.1999986633658,12.));
#5855=CARTESIAN_POINT('',(38.3999995775521,37.199998305738,12.));
#5856=CARTESIAN_POINT('',(38.3999995775521,22.1999986633658,14.));
#5857=CARTESIAN_POINT('',(38.3999995775521,22.1999986633658,12.));
#5858=CARTESIAN_POINT('',(38.3999995775521,37.199998305738,14.));
#5859=CARTESIAN_POINT('',(38.3999995775521,37.199998305738,14.));
#5860=CARTESIAN_POINT('',(38.3999995775521,37.199998305738,12.));
#5861=CARTESIAN_POINT('Origin',(37.8999995775521,37.199998305738,12.));
#5862=CARTESIAN_POINT('',(37.8999995775521,37.699998305738,12.));
#5863=CARTESIAN_POINT('Origin',(37.8999995775521,37.199998305738,12.));
#5864=CARTESIAN_POINT('',(37.8999995775521,37.699998305738,14.));
#5865=CARTESIAN_POINT('Origin',(37.8999995775521,37.199998305738,14.));
#5866=CARTESIAN_POINT('',(37.8999995775521,37.699998305738,12.));
#5867=CARTESIAN_POINT('Origin',(24.3999999016523,37.699998305738,12.));
#5868=CARTESIAN_POINT('',(24.3999999016523,37.699998305738,12.));
#5869=CARTESIAN_POINT('',(24.3999999016523,37.699998305738,12.));
#5870=CARTESIAN_POINT('',(24.3999999016523,37.699998305738,14.));
#5871=CARTESIAN_POINT('',(24.3999999016523,37.699998305738,14.));
#5872=CARTESIAN_POINT('',(24.3999999016523,37.699998305738,12.));
#5873=CARTESIAN_POINT('Origin',(24.3999999016523,37.199998305738,12.));
#5874=CARTESIAN_POINT('',(23.8999999016523,37.199998305738,12.));
#5875=CARTESIAN_POINT('Origin',(24.3999999016523,37.199998305738,12.));
#5876=CARTESIAN_POINT('',(23.8999999016523,37.199998305738,14.));
#5877=CARTESIAN_POINT('Origin',(24.3999999016523,37.199998305738,14.));
#5878=CARTESIAN_POINT('',(23.8999999016523,37.199998305738,12.));
#5879=CARTESIAN_POINT('Origin',(23.8999999016523,22.1999986633658,12.));
#5880=CARTESIAN_POINT('',(23.8999999016523,22.1999986633658,12.));
#5881=CARTESIAN_POINT('',(23.8999999016523,22.1999986633658,12.));
#5882=CARTESIAN_POINT('',(23.8999999016523,22.1999986633658,14.));
#5883=CARTESIAN_POINT('',(23.8999999016523,22.1999986633658,14.));
#5884=CARTESIAN_POINT('',(23.8999999016523,22.1999986633658,12.));
#5885=CARTESIAN_POINT('Origin',(24.3999999016523,22.1999986633658,12.));
#5886=CARTESIAN_POINT('',(24.3999999016523,21.6999986633658,12.));
#5887=CARTESIAN_POINT('Origin',(24.3999999016523,22.1999986633658,12.));
#5888=CARTESIAN_POINT('',(24.3999999016523,21.6999986633658,14.));
#5889=CARTESIAN_POINT('Origin',(24.3999999016523,22.1999986633658,14.));
#5890=CARTESIAN_POINT('',(24.3999999016523,21.6999986633658,12.));
#5891=CARTESIAN_POINT('Origin',(37.8999995775521,21.6999986633658,12.));
#5892=CARTESIAN_POINT('',(37.8999995775521,21.6999986633658,12.));
#5893=CARTESIAN_POINT('',(37.8999995775521,21.6999986633658,12.));
#5894=CARTESIAN_POINT('',(37.8999995775521,21.6999986633658,14.));
#5895=CARTESIAN_POINT('',(37.8999995775521,21.6999986633658,14.));
#5896=CARTESIAN_POINT('',(37.8999995775521,21.6999986633658,12.));
#5897=CARTESIAN_POINT('Origin',(37.8999995775521,22.1999986633658,12.));
#5898=CARTESIAN_POINT('Origin',(37.8999995775521,22.1999986633658,12.));
#5899=CARTESIAN_POINT('Origin',(37.8999995775521,22.1999986633658,14.));
#5900=CARTESIAN_POINT('Origin',(62.3999999016523,56.699998305738,12.));
#5901=CARTESIAN_POINT('',(62.3999999016523,56.699998305738,12.));
#5902=CARTESIAN_POINT('',(75.8999995775521,56.699998305738,12.));
#5903=CARTESIAN_POINT('',(62.3999999016523,56.699998305738,12.));
#5904=CARTESIAN_POINT('',(75.8999995775521,56.699998305738,14.));
#5905=CARTESIAN_POINT('',(75.8999995775521,56.699998305738,12.));
#5906=CARTESIAN_POINT('',(62.3999999016523,56.699998305738,14.));
#5907=CARTESIAN_POINT('',(62.3999999016523,56.699998305738,14.));
#5908=CARTESIAN_POINT('',(62.3999999016523,56.699998305738,12.));
#5909=CARTESIAN_POINT('Origin',(62.3999999016523,56.199998305738,12.));
#5910=CARTESIAN_POINT('',(61.8999999016523,56.199998305738,12.));
#5911=CARTESIAN_POINT('Origin',(62.3999999016523,56.199998305738,12.));
#5912=CARTESIAN_POINT('',(61.8999999016523,56.199998305738,14.));
#5913=CARTESIAN_POINT('Origin',(62.3999999016523,56.199998305738,14.));
#5914=CARTESIAN_POINT('',(61.8999999016523,56.199998305738,12.));
#5915=CARTESIAN_POINT('Origin',(61.8999999016523,41.1999986633658,12.));
#5916=CARTESIAN_POINT('',(61.8999999016523,41.1999986633658,12.));
#5917=CARTESIAN_POINT('',(61.8999999016523,41.1999986633658,12.));
#5918=CARTESIAN_POINT('',(61.8999999016523,41.1999986633658,14.));
#5919=CARTESIAN_POINT('',(61.8999999016523,41.1999986633658,14.));
#5920=CARTESIAN_POINT('',(61.8999999016523,41.1999986633658,12.));
#5921=CARTESIAN_POINT('Origin',(62.3999999016523,41.1999986633658,12.));
#5922=CARTESIAN_POINT('',(62.3999999016523,40.6999986633658,12.));
#5923=CARTESIAN_POINT('Origin',(62.3999999016523,41.1999986633658,12.));
#5924=CARTESIAN_POINT('',(62.3999999016523,40.6999986633658,14.));
#5925=CARTESIAN_POINT('Origin',(62.3999999016523,41.1999986633658,14.));
#5926=CARTESIAN_POINT('',(62.3999999016523,40.6999986633658,12.));
#5927=CARTESIAN_POINT('Origin',(75.8999995775521,40.6999986633658,12.));
#5928=CARTESIAN_POINT('',(75.8999995775521,40.6999986633658,12.));
#5929=CARTESIAN_POINT('',(75.8999995775521,40.6999986633658,12.));
#5930=CARTESIAN_POINT('',(75.8999995775521,40.6999986633658,14.));
#5931=CARTESIAN_POINT('',(75.8999995775521,40.6999986633658,14.));
#5932=CARTESIAN_POINT('',(75.8999995775521,40.6999986633658,12.));
#5933=CARTESIAN_POINT('Origin',(75.8999995775521,41.1999986633658,12.));
#5934=CARTESIAN_POINT('',(76.3999995775521,41.1999986633658,12.));
#5935=CARTESIAN_POINT('Origin',(75.8999995775521,41.1999986633658,12.));
#5936=CARTESIAN_POINT('',(76.3999995775521,41.1999986633658,14.));
#5937=CARTESIAN_POINT('Origin',(75.8999995775521,41.1999986633658,14.));
#5938=CARTESIAN_POINT('',(76.3999995775521,41.1999986633658,12.));
#5939=CARTESIAN_POINT('Origin',(76.3999995775521,56.199998305738,12.));
#5940=CARTESIAN_POINT('',(76.3999995775521,56.199998305738,12.));
#5941=CARTESIAN_POINT('',(76.3999995775521,56.199998305738,12.));
#5942=CARTESIAN_POINT('',(76.3999995775521,56.199998305738,14.));
#5943=CARTESIAN_POINT('',(76.3999995775521,56.199998305738,14.));
#5944=CARTESIAN_POINT('',(76.3999995775521,56.199998305738,12.));
#5945=CARTESIAN_POINT('Origin',(75.8999995775521,56.199998305738,12.));
#5946=CARTESIAN_POINT('Origin',(75.8999995775521,56.199998305738,12.));
#5947=CARTESIAN_POINT('Origin',(75.8999995775521,56.199998305738,14.));
#5948=CARTESIAN_POINT('Origin',(23.8999999016523,41.1999986633658,12.));
#5949=CARTESIAN_POINT('',(23.8999999016523,41.1999986633658,12.));
#5950=CARTESIAN_POINT('',(23.8999999016523,56.199998305738,12.));
#5951=CARTESIAN_POINT('',(23.8999999016523,41.1999986633658,12.));
#5952=CARTESIAN_POINT('',(23.8999999016523,56.199998305738,14.));
#5953=CARTESIAN_POINT('',(23.8999999016523,56.199998305738,12.));
#5954=CARTESIAN_POINT('',(23.8999999016523,41.1999986633658,14.));
#5955=CARTESIAN_POINT('',(23.8999999016523,41.1999986633658,14.));
#5956=CARTESIAN_POINT('',(23.8999999016523,41.1999986633658,12.));
#5957=CARTESIAN_POINT('Origin',(24.3999999016523,41.1999986633658,12.));
#5958=CARTESIAN_POINT('',(24.3999999016523,40.6999986633658,12.));
#5959=CARTESIAN_POINT('Origin',(24.3999999016523,41.1999986633658,12.));
#5960=CARTESIAN_POINT('',(24.3999999016523,40.6999986633658,14.));
#5961=CARTESIAN_POINT('Origin',(24.3999999016523,41.1999986633658,14.));
#5962=CARTESIAN_POINT('',(24.3999999016523,40.6999986633658,12.));
#5963=CARTESIAN_POINT('Origin',(37.8999995775521,40.6999986633658,12.));
#5964=CARTESIAN_POINT('',(37.8999995775521,40.6999986633658,12.));
#5965=CARTESIAN_POINT('',(37.8999995775521,40.6999986633658,12.));
#5966=CARTESIAN_POINT('',(37.8999995775521,40.6999986633658,14.));
#5967=CARTESIAN_POINT('',(37.8999995775521,40.6999986633658,14.));
#5968=CARTESIAN_POINT('',(37.8999995775521,40.6999986633658,12.));
#5969=CARTESIAN_POINT('Origin',(37.8999995775521,41.1999986633658,12.));
#5970=CARTESIAN_POINT('',(38.3999995775521,41.1999986633658,12.));
#5971=CARTESIAN_POINT('Origin',(37.8999995775521,41.1999986633658,12.));
#5972=CARTESIAN_POINT('',(38.3999995775521,41.1999986633658,14.));
#5973=CARTESIAN_POINT('Origin',(37.8999995775521,41.1999986633658,14.));
#5974=CARTESIAN_POINT('',(38.3999995775521,41.1999986633658,12.));
#5975=CARTESIAN_POINT('Origin',(38.3999995775521,56.199998305738,12.));
#5976=CARTESIAN_POINT('',(38.3999995775521,56.199998305738,12.));
#5977=CARTESIAN_POINT('',(38.3999995775521,56.199998305738,12.));
#5978=CARTESIAN_POINT('',(38.3999995775521,56.199998305738,14.));
#5979=CARTESIAN_POINT('',(38.3999995775521,56.199998305738,14.));
#5980=CARTESIAN_POINT('',(38.3999995775521,56.199998305738,12.));
#5981=CARTESIAN_POINT('Origin',(37.8999995775521,56.199998305738,12.));
#5982=CARTESIAN_POINT('',(37.8999995775521,56.699998305738,12.));
#5983=CARTESIAN_POINT('Origin',(37.8999995775521,56.199998305738,12.));
#5984=CARTESIAN_POINT('',(37.8999995775521,56.699998305738,14.));
#5985=CARTESIAN_POINT('Origin',(37.8999995775521,56.199998305738,14.));
#5986=CARTESIAN_POINT('',(37.8999995775521,56.699998305738,12.));
#5987=CARTESIAN_POINT('Origin',(24.3999999016523,56.699998305738,12.));
#5988=CARTESIAN_POINT('',(24.3999999016523,56.699998305738,12.));
#5989=CARTESIAN_POINT('',(24.3999999016523,56.699998305738,12.));
#5990=CARTESIAN_POINT('',(24.3999999016523,56.699998305738,14.));
#5991=CARTESIAN_POINT('',(24.3999999016523,56.699998305738,14.));
#5992=CARTESIAN_POINT('',(24.3999999016523,56.699998305738,12.));
#5993=CARTESIAN_POINT('Origin',(24.3999999016523,56.199998305738,12.));
#5994=CARTESIAN_POINT('Origin',(24.3999999016523,56.199998305738,12.));
#5995=CARTESIAN_POINT('Origin',(24.3999999016523,56.199998305738,14.));
#5996=CARTESIAN_POINT('Origin',(43.2999999016523,75.799998305738,12.));
#5997=CARTESIAN_POINT('',(43.2999999016523,75.799998305738,12.));
#5998=CARTESIAN_POINT('',(56.7999995775521,75.799998305738,12.));
#5999=CARTESIAN_POINT('',(43.2999999016523,75.799998305738,12.));
#6000=CARTESIAN_POINT('',(56.7999995775521,75.799998305738,14.));
#6001=CARTESIAN_POINT('',(56.7999995775521,75.799998305738,12.));
#6002=CARTESIAN_POINT('',(43.2999999016523,75.799998305738,14.));
#6003=CARTESIAN_POINT('',(43.2999999016523,75.799998305738,14.));
#6004=CARTESIAN_POINT('',(43.2999999016523,75.799998305738,12.));
#6005=CARTESIAN_POINT('Origin',(43.2999999016523,75.299998305738,12.));
#6006=CARTESIAN_POINT('',(42.7999999016523,75.299998305738,12.));
#6007=CARTESIAN_POINT('Origin',(43.2999999016523,75.299998305738,12.));
#6008=CARTESIAN_POINT('',(42.7999999016523,75.299998305738,14.));
#6009=CARTESIAN_POINT('Origin',(43.2999999016523,75.299998305738,14.));
#6010=CARTESIAN_POINT('',(42.7999999016523,75.299998305738,12.));
#6011=CARTESIAN_POINT('Origin',(42.7999999016523,60.2999986633658,12.));
#6012=CARTESIAN_POINT('',(42.7999999016523,60.2999986633658,12.));
#6013=CARTESIAN_POINT('',(42.7999999016523,60.2999986633658,12.));
#6014=CARTESIAN_POINT('',(42.7999999016523,60.2999986633658,14.));
#6015=CARTESIAN_POINT('',(42.7999999016523,60.2999986633658,14.));
#6016=CARTESIAN_POINT('',(42.7999999016523,60.2999986633658,12.));
#6017=CARTESIAN_POINT('Origin',(43.2999999016523,60.2999986633658,12.));
#6018=CARTESIAN_POINT('',(43.2999999016523,59.7999986633658,12.));
#6019=CARTESIAN_POINT('Origin',(43.2999999016523,60.2999986633658,12.));
#6020=CARTESIAN_POINT('',(43.2999999016523,59.7999986633658,14.));
#6021=CARTESIAN_POINT('Origin',(43.2999999016523,60.2999986633658,14.));
#6022=CARTESIAN_POINT('',(43.2999999016523,59.7999986633658,12.));
#6023=CARTESIAN_POINT('Origin',(56.7999995775521,59.7999986633658,12.));
#6024=CARTESIAN_POINT('',(56.7999995775521,59.7999986633658,12.));
#6025=CARTESIAN_POINT('',(56.7999995775521,59.7999986633658,12.));
#6026=CARTESIAN_POINT('',(56.7999995775521,59.7999986633658,14.));
#6027=CARTESIAN_POINT('',(56.7999995775521,59.7999986633658,14.));
#6028=CARTESIAN_POINT('',(56.7999995775521,59.7999986633658,12.));
#6029=CARTESIAN_POINT('Origin',(56.7999995775521,60.2999986633658,12.));
#6030=CARTESIAN_POINT('',(57.2999995775521,60.2999986633658,12.));
#6031=CARTESIAN_POINT('Origin',(56.7999995775521,60.2999986633658,12.));
#6032=CARTESIAN_POINT('',(57.2999995775521,60.2999986633658,14.));
#6033=CARTESIAN_POINT('Origin',(56.7999995775521,60.2999986633658,14.));
#6034=CARTESIAN_POINT('',(57.2999995775521,60.2999986633658,12.));
#6035=CARTESIAN_POINT('Origin',(57.2999995775521,75.299998305738,12.));
#6036=CARTESIAN_POINT('',(57.2999995775521,75.299998305738,12.));
#6037=CARTESIAN_POINT('',(57.2999995775521,75.299998305738,12.));
#6038=CARTESIAN_POINT('',(57.2999995775521,75.299998305738,14.));
#6039=CARTESIAN_POINT('',(57.2999995775521,75.299998305738,14.));
#6040=CARTESIAN_POINT('',(57.2999995775521,75.299998305738,12.));
#6041=CARTESIAN_POINT('Origin',(56.7999995775521,75.299998305738,12.));
#6042=CARTESIAN_POINT('Origin',(56.7999995775521,75.299998305738,12.));
#6043=CARTESIAN_POINT('Origin',(56.7999995775521,75.299998305738,14.));
#6044=CARTESIAN_POINT('Origin',(42.7999999016523,3.19999866336583,12.));
#6045=CARTESIAN_POINT('',(42.7999999016523,3.19999866336583,12.));
#6046=CARTESIAN_POINT('',(42.7999999016523,18.199998305738,12.));
#6047=CARTESIAN_POINT('',(42.7999999016523,3.19999866336583,12.));
#6048=CARTESIAN_POINT('',(42.7999999016523,18.199998305738,14.));
#6049=CARTESIAN_POINT('',(42.7999999016523,18.199998305738,12.));
#6050=CARTESIAN_POINT('',(42.7999999016523,3.19999866336583,14.));
#6051=CARTESIAN_POINT('',(42.7999999016523,3.19999866336583,14.));
#6052=CARTESIAN_POINT('',(42.7999999016523,3.19999866336583,12.));
#6053=CARTESIAN_POINT('Origin',(43.2999999016523,3.19999866336583,12.));
#6054=CARTESIAN_POINT('',(43.2999999016523,2.69999866336583,12.));
#6055=CARTESIAN_POINT('Origin',(43.2999999016523,3.19999866336583,12.));
#6056=CARTESIAN_POINT('',(43.2999999016523,2.69999866336583,14.));
#6057=CARTESIAN_POINT('Origin',(43.2999999016523,3.19999866336583,14.));
#6058=CARTESIAN_POINT('',(43.2999999016523,2.69999866336583,12.));
#6059=CARTESIAN_POINT('Origin',(56.7999995775521,2.69999866336583,12.));
#6060=CARTESIAN_POINT('',(56.7999995775521,2.69999866336583,12.));
#6061=CARTESIAN_POINT('',(56.7999995775521,2.69999866336583,12.));
#6062=CARTESIAN_POINT('',(56.7999995775521,2.69999866336583,14.));
#6063=CARTESIAN_POINT('',(56.7999995775521,2.69999866336583,14.));
#6064=CARTESIAN_POINT('',(56.7999995775521,2.69999866336583,12.));
#6065=CARTESIAN_POINT('Origin',(56.7999995775521,3.19999866336583,12.));
#6066=CARTESIAN_POINT('',(57.2999995775521,3.19999866336583,12.));
#6067=CARTESIAN_POINT('Origin',(56.7999995775521,3.19999866336583,12.));
#6068=CARTESIAN_POINT('',(57.2999995775521,3.19999866336583,14.));
#6069=CARTESIAN_POINT('Origin',(56.7999995775521,3.19999866336583,14.));
#6070=CARTESIAN_POINT('',(57.2999995775521,3.19999866336583,12.));
#6071=CARTESIAN_POINT('Origin',(57.2999995775521,18.199998305738,12.));
#6072=CARTESIAN_POINT('',(57.2999995775521,18.199998305738,12.));
#6073=CARTESIAN_POINT('',(57.2999995775521,18.199998305738,12.));
#6074=CARTESIAN_POINT('',(57.2999995775521,18.199998305738,14.));
#6075=CARTESIAN_POINT('',(57.2999995775521,18.199998305738,14.));
#6076=CARTESIAN_POINT('',(57.2999995775521,18.199998305738,12.));
#6077=CARTESIAN_POINT('Origin',(56.7999995775521,18.199998305738,12.));
#6078=CARTESIAN_POINT('',(56.7999995775521,18.699998305738,12.));
#6079=CARTESIAN_POINT('Origin',(56.7999995775521,18.199998305738,12.));
#6080=CARTESIAN_POINT('',(56.7999995775521,18.699998305738,14.));
#6081=CARTESIAN_POINT('Origin',(56.7999995775521,18.199998305738,14.));
#6082=CARTESIAN_POINT('',(56.7999995775521,18.699998305738,12.));
#6083=CARTESIAN_POINT('Origin',(43.2999999016523,18.699998305738,12.));
#6084=CARTESIAN_POINT('',(43.2999999016523,18.699998305738,12.));
#6085=CARTESIAN_POINT('',(43.2999999016523,18.699998305738,12.));
#6086=CARTESIAN_POINT('',(43.2999999016523,18.699998305738,14.));
#6087=CARTESIAN_POINT('',(43.2999999016523,18.699998305738,14.));
#6088=CARTESIAN_POINT('',(43.2999999016523,18.699998305738,12.));
#6089=CARTESIAN_POINT('Origin',(43.2999999016523,18.199998305738,12.));
#6090=CARTESIAN_POINT('Origin',(43.2999999016523,18.199998305738,12.));
#6091=CARTESIAN_POINT('Origin',(43.2999999016523,18.199998305738,14.));
#6092=CARTESIAN_POINT('Origin',(23.8999999016523,60.2999986633658,12.));
#6093=CARTESIAN_POINT('',(23.8999999016523,60.2999986633658,12.));
#6094=CARTESIAN_POINT('',(23.8999999016523,75.299998305738,12.));
#6095=CARTESIAN_POINT('',(23.8999999016523,60.2999986633658,12.));
#6096=CARTESIAN_POINT('',(23.8999999016523,75.299998305738,14.));
#6097=CARTESIAN_POINT('',(23.8999999016523,75.299998305738,12.));
#6098=CARTESIAN_POINT('',(23.8999999016523,60.2999986633658,14.));
#6099=CARTESIAN_POINT('',(23.8999999016523,60.2999986633658,14.));
#6100=CARTESIAN_POINT('',(23.8999999016523,60.2999986633658,12.));
#6101=CARTESIAN_POINT('Origin',(24.3999999016523,60.2999986633658,12.));
#6102=CARTESIAN_POINT('',(24.3999999016523,59.7999986633658,12.));
#6103=CARTESIAN_POINT('Origin',(24.3999999016523,60.2999986633658,12.));
#6104=CARTESIAN_POINT('',(24.3999999016523,59.7999986633658,14.));
#6105=CARTESIAN_POINT('Origin',(24.3999999016523,60.2999986633658,14.));
#6106=CARTESIAN_POINT('',(24.3999999016523,59.7999986633658,12.));
#6107=CARTESIAN_POINT('Origin',(37.8999995775521,59.7999986633658,12.));
#6108=CARTESIAN_POINT('',(37.8999995775521,59.7999986633658,12.));
#6109=CARTESIAN_POINT('',(37.8999995775521,59.7999986633658,12.));
#6110=CARTESIAN_POINT('',(37.8999995775521,59.7999986633658,14.));
#6111=CARTESIAN_POINT('',(37.8999995775521,59.7999986633658,14.));
#6112=CARTESIAN_POINT('',(37.8999995775521,59.7999986633658,12.));
#6113=CARTESIAN_POINT('Origin',(37.8999995775521,60.2999986633658,12.));
#6114=CARTESIAN_POINT('',(38.3999995775521,60.2999986633658,12.));
#6115=CARTESIAN_POINT('Origin',(37.8999995775521,60.2999986633658,12.));
#6116=CARTESIAN_POINT('',(38.3999995775521,60.2999986633658,14.));
#6117=CARTESIAN_POINT('Origin',(37.8999995775521,60.2999986633658,14.));
#6118=CARTESIAN_POINT('',(38.3999995775521,60.2999986633658,12.));
#6119=CARTESIAN_POINT('Origin',(38.3999995775521,75.299998305738,12.));
#6120=CARTESIAN_POINT('',(38.3999995775521,75.299998305738,12.));
#6121=CARTESIAN_POINT('',(38.3999995775521,75.299998305738,12.));
#6122=CARTESIAN_POINT('',(38.3999995775521,75.299998305738,14.));
#6123=CARTESIAN_POINT('',(38.3999995775521,75.299998305738,14.));
#6124=CARTESIAN_POINT('',(38.3999995775521,75.299998305738,12.));
#6125=CARTESIAN_POINT('Origin',(37.8999995775521,75.299998305738,12.));
#6126=CARTESIAN_POINT('',(37.8999995775521,75.799998305738,12.));
#6127=CARTESIAN_POINT('Origin',(37.8999995775521,75.299998305738,12.));
#6128=CARTESIAN_POINT('',(37.8999995775521,75.799998305738,14.));
#6129=CARTESIAN_POINT('Origin',(37.8999995775521,75.299998305738,14.));
#6130=CARTESIAN_POINT('',(37.8999995775521,75.799998305738,12.));
#6131=CARTESIAN_POINT('Origin',(24.3999999016523,75.799998305738,12.));
#6132=CARTESIAN_POINT('',(24.3999999016523,75.799998305738,12.));
#6133=CARTESIAN_POINT('',(24.3999999016523,75.799998305738,12.));
#6134=CARTESIAN_POINT('',(24.3999999016523,75.799998305738,14.));
#6135=CARTESIAN_POINT('',(24.3999999016523,75.799998305738,14.));
#6136=CARTESIAN_POINT('',(24.3999999016523,75.799998305738,12.));
#6137=CARTESIAN_POINT('Origin',(24.3999999016523,75.299998305738,12.));
#6138=CARTESIAN_POINT('Origin',(24.3999999016523,75.299998305738,12.));
#6139=CARTESIAN_POINT('Origin',(24.3999999016523,75.299998305738,14.));
#6140=CARTESIAN_POINT('Origin',(57.2999995775521,37.199998305738,12.));
#6141=CARTESIAN_POINT('',(57.2999995775521,37.199998305738,12.));
#6142=CARTESIAN_POINT('',(57.2999995775521,22.1999986633658,12.));
#6143=CARTESIAN_POINT('',(57.2999995775521,37.199998305738,12.));
#6144=CARTESIAN_POINT('',(57.2999995775521,22.1999986633658,14.));
#6145=CARTESIAN_POINT('',(57.2999995775521,22.1999986633658,12.));
#6146=CARTESIAN_POINT('',(57.2999995775521,37.199998305738,14.));
#6147=CARTESIAN_POINT('',(57.2999995775521,37.199998305738,14.));
#6148=CARTESIAN_POINT('',(57.2999995775521,37.199998305738,12.));
#6149=CARTESIAN_POINT('Origin',(56.7999995775521,37.199998305738,12.));
#6150=CARTESIAN_POINT('',(56.7999995775521,37.699998305738,12.));
#6151=CARTESIAN_POINT('Origin',(56.7999995775521,37.199998305738,12.));
#6152=CARTESIAN_POINT('',(56.7999995775521,37.699998305738,14.));
#6153=CARTESIAN_POINT('Origin',(56.7999995775521,37.199998305738,14.));
#6154=CARTESIAN_POINT('',(56.7999995775521,37.699998305738,12.));
#6155=CARTESIAN_POINT('Origin',(43.2999999016523,37.699998305738,12.));
#6156=CARTESIAN_POINT('',(43.2999999016523,37.699998305738,12.));
#6157=CARTESIAN_POINT('',(43.2999999016523,37.699998305738,12.));
#6158=CARTESIAN_POINT('',(43.2999999016523,37.699998305738,14.));
#6159=CARTESIAN_POINT('',(43.2999999016523,37.699998305738,14.));
#6160=CARTESIAN_POINT('',(43.2999999016523,37.699998305738,12.));
#6161=CARTESIAN_POINT('Origin',(43.2999999016523,37.199998305738,12.));
#6162=CARTESIAN_POINT('',(42.7999999016523,37.199998305738,12.));
#6163=CARTESIAN_POINT('Origin',(43.2999999016523,37.199998305738,12.));
#6164=CARTESIAN_POINT('',(42.7999999016523,37.199998305738,14.));
#6165=CARTESIAN_POINT('Origin',(43.2999999016523,37.199998305738,14.));
#6166=CARTESIAN_POINT('',(42.7999999016523,37.199998305738,12.));
#6167=CARTESIAN_POINT('Origin',(42.7999999016523,22.1999986633658,12.));
#6168=CARTESIAN_POINT('',(42.7999999016523,22.1999986633658,12.));
#6169=CARTESIAN_POINT('',(42.7999999016523,22.1999986633658,12.));
#6170=CARTESIAN_POINT('',(42.7999999016523,22.1999986633658,14.));
#6171=CARTESIAN_POINT('',(42.7999999016523,22.1999986633658,14.));
#6172=CARTESIAN_POINT('',(42.7999999016523,22.1999986633658,12.));
#6173=CARTESIAN_POINT('Origin',(43.2999999016523,22.1999986633658,12.));
#6174=CARTESIAN_POINT('',(43.2999999016523,21.6999986633658,12.));
#6175=CARTESIAN_POINT('Origin',(43.2999999016523,22.1999986633658,12.));
#6176=CARTESIAN_POINT('',(43.2999999016523,21.6999986633658,14.));
#6177=CARTESIAN_POINT('Origin',(43.2999999016523,22.1999986633658,14.));
#6178=CARTESIAN_POINT('',(43.2999999016523,21.6999986633658,12.));
#6179=CARTESIAN_POINT('Origin',(56.7999995775521,21.6999986633658,12.));
#6180=CARTESIAN_POINT('',(56.7999995775521,21.6999986633658,12.));
#6181=CARTESIAN_POINT('',(56.7999995775521,21.6999986633658,12.));
#6182=CARTESIAN_POINT('',(56.7999995775521,21.6999986633658,14.));
#6183=CARTESIAN_POINT('',(56.7999995775521,21.6999986633658,14.));
#6184=CARTESIAN_POINT('',(56.7999995775521,21.6999986633658,12.));
#6185=CARTESIAN_POINT('Origin',(56.7999995775521,22.1999986633658,12.));
#6186=CARTESIAN_POINT('Origin',(56.7999995775521,22.1999986633658,12.));
#6187=CARTESIAN_POINT('Origin',(56.7999995775521,22.1999986633658,14.));
#6188=CARTESIAN_POINT('Origin',(77.94,103.4,12.));
#6189=CARTESIAN_POINT('',(3.00000000000001,103.4,12.));
#6190=CARTESIAN_POINT('',(77.94,103.4,12.));
#6191=CARTESIAN_POINT('',(3.00000000000001,103.4,12.));
#6192=CARTESIAN_POINT('',(3.00000000000001,103.4,14.));
#6193=CARTESIAN_POINT('',(3.00000000000001,103.4,12.));
#6194=CARTESIAN_POINT('',(77.94,103.4,14.));
#6195=CARTESIAN_POINT('',(3.00000000000001,103.4,14.));
#6196=CARTESIAN_POINT('',(77.94,103.4,12.));
#6197=CARTESIAN_POINT('Origin',(77.94,97.4000000000001,12.));
#6198=CARTESIAN_POINT('',(83.94,97.4,12.));
#6199=CARTESIAN_POINT('Origin',(77.94,97.4000000000001,12.));
#6200=CARTESIAN_POINT('',(83.94,97.4,14.));
#6201=CARTESIAN_POINT('Origin',(77.94,97.4000000000001,14.));
#6202=CARTESIAN_POINT('',(83.94,97.4,12.));
#6203=CARTESIAN_POINT('Origin',(83.94,2.99999995529651,12.));
#6204=CARTESIAN_POINT('',(83.94,2.99999995529651,12.));
#6205=CARTESIAN_POINT('',(83.94,97.4,12.));
#6206=CARTESIAN_POINT('',(83.94,2.99999995529651,14.));
#6207=CARTESIAN_POINT('',(83.94,97.4,14.));
#6208=CARTESIAN_POINT('',(83.94,2.99999995529651,12.));
#6209=CARTESIAN_POINT('Origin',(77.94,2.99999995529652,12.));
#6210=CARTESIAN_POINT('',(77.94,-3.00000004470349,12.));
#6211=CARTESIAN_POINT('Origin',(77.94,2.99999995529652,12.));
#6212=CARTESIAN_POINT('',(77.94,-3.00000004470349,14.));
#6213=CARTESIAN_POINT('Origin',(77.94,2.99999995529652,14.));
#6214=CARTESIAN_POINT('',(77.94,-3.00000004470349,12.));
#6215=CARTESIAN_POINT('Origin',(3.00000000000001,-3.00000004470348,12.));
#6216=CARTESIAN_POINT('',(3.00000000000001,-3.00000004470348,12.));
#6217=CARTESIAN_POINT('',(77.94,-3.00000004470349,12.));
#6218=CARTESIAN_POINT('',(3.00000000000001,-3.00000004470348,14.));
#6219=CARTESIAN_POINT('',(77.94,-3.00000004470349,14.));
#6220=CARTESIAN_POINT('',(3.00000000000001,-3.00000004470348,12.));
#6221=CARTESIAN_POINT('Origin',(3.00000000000001,2.99999995529652,12.));
#6222=CARTESIAN_POINT('',(-2.99999999999999,2.99999995529652,12.));
#6223=CARTESIAN_POINT('Origin',(3.00000000000001,2.99999995529652,12.));
#6224=CARTESIAN_POINT('',(-2.99999999999999,2.99999995529652,14.));
#6225=CARTESIAN_POINT('Origin',(3.00000000000001,2.99999995529652,14.));
#6226=CARTESIAN_POINT('',(-2.99999999999999,2.99999995529652,12.));
#6227=CARTESIAN_POINT('Origin',(-2.99999999999999,97.4,12.));
#6228=CARTESIAN_POINT('',(-2.99999999999999,97.4,12.));
#6229=CARTESIAN_POINT('',(-2.99999999999999,2.99999995529652,12.));
#6230=CARTESIAN_POINT('',(-2.99999999999999,97.4,14.));
#6231=CARTESIAN_POINT('',(-2.99999999999999,2.99999995529652,14.));
#6232=CARTESIAN_POINT('',(-2.99999999999999,97.4,12.));
#6233=CARTESIAN_POINT('Origin',(3.00000000000002,97.4,12.));
#6234=CARTESIAN_POINT('Origin',(3.00000000000002,97.4,12.));
#6235=CARTESIAN_POINT('Origin',(3.00000000000002,97.4,14.));
#6236=CARTESIAN_POINT('Origin',(40.47,50.1999999776483,14.));
#6237=CARTESIAN_POINT('Origin',(40.47,50.1999999776483,12.));
#6238=CARTESIAN_POINT('Origin',(16.5166072507314,79.0000011473894,14.));
#6239=CARTESIAN_POINT('',(16.5166072507314,79.0000011473894,14.));
#6240=CARTESIAN_POINT('',(16.5166072507314,97.000001475215,14.));
#6241=CARTESIAN_POINT('',(16.5166072507314,79.0000011473894,14.));
#6242=CARTESIAN_POINT('',(16.5166072507314,97.000001475215,12.));
#6243=CARTESIAN_POINT('',(16.5166072507314,97.000001475215,14.));
#6244=CARTESIAN_POINT('',(16.5166072507314,79.0000011473894,12.));
#6245=CARTESIAN_POINT('',(16.5166072507314,79.0000011473894,12.));
#6246=CARTESIAN_POINT('',(16.5166072507314,79.0000011473894,14.));
#6247=CARTESIAN_POINT('Origin',(18.5166072507314,79.0000011473894,14.));
#6248=CARTESIAN_POINT('',(18.5166072507314,77.0000011473894,14.));
#6249=CARTESIAN_POINT('Origin',(18.5166072507314,79.0000011473894,14.));
#6250=CARTESIAN_POINT('',(18.5166072507314,77.0000011473894,12.));
#6251=CARTESIAN_POINT('Origin',(18.5166072507314,79.0000011473894,12.));
#6252=CARTESIAN_POINT('',(18.5166072507314,77.0000011473894,14.));
#6253=CARTESIAN_POINT('Origin',(34.0000005364418,77.0000011473894,14.));
#6254=CARTESIAN_POINT('',(34.0000005364418,77.0000011473894,14.));
#6255=CARTESIAN_POINT('',(34.0000005364418,77.0000011473894,14.));
#6256=CARTESIAN_POINT('',(34.0000005364418,77.0000011473894,12.));
#6257=CARTESIAN_POINT('',(34.0000005364418,77.0000011473894,12.));
#6258=CARTESIAN_POINT('',(34.0000005364418,77.0000011473894,14.));
#6259=CARTESIAN_POINT('Origin',(34.0000005364418,79.0000011473894,14.));
#6260=CARTESIAN_POINT('',(36.0000005364418,79.0000011473894,14.));
#6261=CARTESIAN_POINT('Origin',(34.0000005364418,79.0000011473894,14.));
#6262=CARTESIAN_POINT('',(36.0000005364418,79.0000011473894,12.));
#6263=CARTESIAN_POINT('Origin',(34.0000005364418,79.0000011473894,12.));
#6264=CARTESIAN_POINT('',(36.0000005364418,79.0000011473894,14.));
#6265=CARTESIAN_POINT('Origin',(36.0000005364418,97.000001475215,14.));
#6266=CARTESIAN_POINT('',(36.0000005364418,97.000001475215,14.));
#6267=CARTESIAN_POINT('',(36.0000005364418,97.000001475215,14.));
#6268=CARTESIAN_POINT('',(36.0000005364418,97.000001475215,12.));
#6269=CARTESIAN_POINT('',(36.0000005364418,97.000001475215,12.));
#6270=CARTESIAN_POINT('',(36.0000005364418,97.000001475215,14.));
#6271=CARTESIAN_POINT('Origin',(34.0000005364418,97.000001475215,14.));
#6272=CARTESIAN_POINT('',(34.0000005364418,99.000001475215,14.));
#6273=CARTESIAN_POINT('Origin',(34.0000005364418,97.000001475215,14.));
#6274=CARTESIAN_POINT('',(34.0000005364418,99.000001475215,12.));
#6275=CARTESIAN_POINT('Origin',(34.0000005364418,97.000001475215,12.));
#6276=CARTESIAN_POINT('',(34.0000005364418,99.000001475215,14.));
#6277=CARTESIAN_POINT('Origin',(18.5166072507314,99.000001475215,14.));
#6278=CARTESIAN_POINT('',(18.5166072507314,99.000001475215,14.));
#6279=CARTESIAN_POINT('',(18.5166072507314,99.000001475215,14.));
#6280=CARTESIAN_POINT('',(18.5166072507314,99.000001475215,12.));
#6281=CARTESIAN_POINT('',(18.5166072507314,99.000001475215,12.));
#6282=CARTESIAN_POINT('',(18.5166072507314,99.000001475215,14.));
#6283=CARTESIAN_POINT('Origin',(18.5166072507313,97.000001475215,14.));
#6284=CARTESIAN_POINT('Origin',(18.5166072507313,97.000001475215,14.));
#6285=CARTESIAN_POINT('Origin',(18.5166072507313,97.000001475215,12.));
#6286=CARTESIAN_POINT('Origin',(26.2583038935866,88.0000013113022,14.));
#6287=CARTESIAN_POINT('Origin',(26.2583038935866,88.0000013113022,12.));
#6288=UNCERTAINTY_MEASURE_WITH_UNIT(LENGTH_MEASURE(0.01),#6292,
'DISTANCE_ACCURACY_VALUE',
'Maximum model space distance between geometric entities at asserted c
onnectivities');
#6289=UNCERTAINTY_MEASURE_WITH_UNIT(LENGTH_MEASURE(0.01),#6292,
'DISTANCE_ACCURACY_VALUE',
'Maximum model space distance between geometric entities at asserted c
onnectivities');
#6290=(
GEOMETRIC_REPRESENTATION_CONTEXT(3)
GLOBAL_UNCERTAINTY_ASSIGNED_CONTEXT((#6288))
GLOBAL_UNIT_ASSIGNED_CONTEXT((#6292,#6294,#6295))
REPRESENTATION_CONTEXT('','3D')
);
#6291=(
GEOMETRIC_REPRESENTATION_CONTEXT(3)
GLOBAL_UNCERTAINTY_ASSIGNED_CONTEXT((#6289))
GLOBAL_UNIT_ASSIGNED_CONTEXT((#6292,#6294,#6295))
REPRESENTATION_CONTEXT('','3D')
);
#6292=(
LENGTH_UNIT()
NAMED_UNIT(*)
SI_UNIT(.MILLI.,.METRE.)
);
#6293=(
LENGTH_UNIT()
NAMED_UNIT(*)
SI_UNIT($,.METRE.)
);
#6294=(
NAMED_UNIT(*)
PLANE_ANGLE_UNIT()
SI_UNIT($,.RADIAN.)
);
#6295=(
NAMED_UNIT(*)
SI_UNIT($,.STERADIAN.)
SOLID_ANGLE_UNIT()
);
#6296=SHAPE_DEFINITION_REPRESENTATION(#6297,#6298);
#6297=PRODUCT_DEFINITION_SHAPE('',$,#6300);
#6298=SHAPE_REPRESENTATION('',(#3744),#6290);
#6299=PRODUCT_DEFINITION_CONTEXT('part definition',#6304,'design');
#6300=PRODUCT_DEFINITION('2026-09-21-00-24-44-835','Untitled',#6301,#6299);
#6301=PRODUCT_DEFINITION_FORMATION('',$,#6306);
#6302=PRODUCT_RELATED_PRODUCT_CATEGORY('Untitled','Untitled',(#6306));
#6303=APPLICATION_PROTOCOL_DEFINITION('international standard',
'automotive_design',2009,#6304);
#6304=APPLICATION_CONTEXT(
'Core Data for Automotive Mechanical Design Process');
#6305=PRODUCT_CONTEXT('part definition',#6304,'mechanical');
#6306=PRODUCT('2026-09-21-00-24-44-835','Untitled',$,(#6305));
#6307=PRESENTATION_STYLE_ASSIGNMENT((#6308));
#6308=SURFACE_STYLE_USAGE(.BOTH.,#6309);
#6309=SURFACE_SIDE_STYLE('',(#6310));
#6310=SURFACE_STYLE_FILL_AREA(#6311);
#6311=FILL_AREA_STYLE('Steel - Satin',(#6312));
#6312=FILL_AREA_STYLE_COLOUR('Steel - Satin',#6313);
#6313=COLOUR_RGB('Steel - Satin',0.627450980392157,0.627450980392157,0.627450980392157);
ENDSEC;
END-ISO-10303-21;
